date,region_id,surface_temp_c,ndvi,rainfall_mm_7d,soil_moisture_pct,cloud_cover_pct,evapotranspiration_mm,drought_risk
2025-01-01,R01,32.061,0.2438,2.934,23.056,37.726,9.9,1
2025-01-02,R01,28.015,0.2908,2.584,27.851,15.265,10.693,1
2025-01-03,R01,32.827,0.1405,7.734,27.954,73.718,7.649,1
2025-01-04,R01,34.74,0.275,7.525,24.445,35.816,11.628,1
2025-01-05,R01,31.86,0.3332,6.29,21.171,43.211,10.209,1
2025-01-06,R01,29.302,0.1809,24.779,31.399,47.869,8.571,1
2025-01-07,R01,32.477,0.2249,12.458,29.979,63.603,8.725,1
2025-01-08,R01,32.389,0.1719,2.013,24.395,44.964,10.226,1
2025-01-09,R01,32.615,0.2767,27.62,35.068,48.42,10.12,1
2025-01-10,R01,32.016,0.2396,6.469,24.496,56.062,10.621,1
2025-01-11,R01,35.156,0.1242,2.636,24.173,40.788,11.329,1
2025-01-12,R01,37.832,0.2221,4.161,19.262,55.44,9.606,1
2025-01-13,R01,30.19,0.1799,13.224,39.115,70.818,8.033,1
2025-01-14,R01,33.933,0.1667,1.883,28.108,23.994,11.686,1
2025-01-15,R01,32.965,0.2495,13.109,27.939,100,7.054,1
2025-01-16,R01,33.731,0.0668,18.733,30.869,32.152,11.762,1
2025-01-17,R01,31.83,0.1118,14.378,28.09,64.538,7.969,1
2025-01-18,R01,33.52,0.2348,3.848,24.102,45.871,10.094,1
2025-01-19,R01,33.395,0.2572,18.616,33.47,50.097,8.79,1
2025-01-20,R01,31.427,0.1518,8.872,22.188,79.737,8.768,1
2025-01-21,R01,35.937,0.1424,11.528,22.164,47.138,11.579,1
2025-01-22,R01,32.2,0.1142,9.059,30.128,64.735,9.603,1
2025-01-23,R01,32.793,0.2221,2.259,25.689,11.939,9.45,1
2025-01-24,R01,33.535,0.2693,18.921,30.034,89.074,7.371,1
2025-01-25,R01,34.919,0.1545,12.189,25.325,62.082,10.124,1
2025-01-26,R01,35.27,0.1498,11.333,25.203,67.234,9.206,1
2025-01-27,R01,35.208,0.1555,3.441,20.478,39.822,10.535,1
2025-01-28,R01,35.734,0.1994,3.724,21.23,77.548,9.252,1
2025-01-29,R01,35.729,0.1118,18.024,27.347,85.054,8.791,1
2025-01-30,R01,33.611,0.198,1.435,21.294,51.68,9.133,1
2025-01-31,R01,34.146,0.1029,12.063,30.969,59.621,10.447,1
2025-02-01,R01,34.364,0.0688,5.695,24.582,63.904,10.879,1
2025-02-02,R01,37.318,0.1382,9.433,23.725,27.355,12.228,1
2025-02-03,R01,33.315,0.295,6.182,28.645,63.738,7.637,1
2025-02-04,R01,35.232,0.2086,3.603,21.228,39.053,10.419,1
2025-02-05,R01,35.985,0.2621,3.247,26.372,34.838,10.888,1
2025-02-06,R01,36.216,0.1005,16.514,26.797,50.041,11.713,1
2025-02-07,R01,35.531,0.24,5.97,24.331,51.658,10.587,1
2025-02-08,R01,34.889,0.0714,2.533,21.136,46.099,10.802,1
2025-02-09,R01,33.644,0.2745,15.729,33.073,76.017,8.19,1
2025-02-10,R01,34.277,0.2664,2.005,24.879,49.819,8.478,1
2025-02-11,R01,32.263,0.0996,2.656,27.306,71.404,7.917,1
2025-02-12,R01,36.319,0.1995,7.178,28.494,42.641,12.138,1
2025-02-13,R01,34.048,0.281,11.511,23.55,71.835,8.303,1
2025-02-14,R01,33.054,0.1976,6.583,27.276,63.552,10.209,1
2025-02-15,R01,36.086,0.0543,12.506,27.164,76.178,9.285,1
2025-02-16,R01,34.492,0.0686,3.494,26.108,57.472,7.049,1
2025-02-17,R01,35.787,0.0968,24.538,30.342,53.836,9.176,1
2025-02-18,R01,34.134,0.0889,11.182,24.74,100,7.248,1
2025-02-19,R01,36.684,0.1494,4.152,17.818,63.659,9.827,1
2025-02-20,R01,32.482,0.1404,16.725,31.695,53.448,9.712,1
2025-02-21,R01,37.425,0.1621,4.18,24.177,68.466,8.967,1
2025-02-22,R01,36.407,0.1306,3.969,21.465,30.223,11.983,1
2025-02-23,R01,33.879,0.077,9.883,23.98,24.947,11.69,1
2025-02-24,R01,35.535,0.2147,15.952,29.32,61.167,10.226,1
2025-02-25,R01,35.778,0.109,2.709,19.903,35.361,11.03,1
2025-02-26,R01,34.893,0.1943,21.891,27.008,38.221,10.99,1
2025-02-27,R01,36.328,0.1826,8.644,23.235,50.137,10.02,1
2025-02-28,R01,34.72,0.05,13.246,26.862,41.252,10.081,1
2025-03-01,R01,32.6,0.2204,10.315,25.812,33.285,10.646,1
2025-03-02,R01,34.477,0.2962,3.544,28.955,51.584,8.966,1
2025-03-03,R01,34.721,0.1946,3.859,19.87,73.944,8.601,1
2025-03-04,R01,36.962,0.2622,6.033,25.352,33.365,10.69,1
2025-03-05,R01,33.936,0.3176,9.351,26.884,55.534,9.909,1
2025-03-06,R01,35.969,0.2532,5.424,15.818,64.276,9.39,1
2025-03-07,R01,31.959,0.2254,19.552,32.075,80.163,7.715,1
2025-03-08,R01,35.229,0.2326,1.109,18.713,36.181,11.165,1
2025-03-09,R01,38.333,0.101,24.772,27.416,66.854,10.439,1
2025-03-10,R01,35.073,0.1564,1.47,27.449,19.845,11.953,1
2025-03-11,R01,36.454,0.05,2.45,25.146,37.34,10.965,1
2025-03-12,R01,35.833,0.2636,9.389,22.911,64.282,10.564,1
2025-03-13,R01,33.536,0.2891,9.172,29.088,53.919,8.725,1
2025-03-14,R01,38.58,0.061,1.744,22.499,55.658,11.087,1
2025-03-15,R01,37.185,0.1866,28.726,30.028,53.458,9.802,1
2025-03-16,R01,33.143,0.1926,13.205,29.717,34.724,10.274,1
2025-03-17,R01,35.767,0.1702,1.756,22.79,20.092,12.756,1
2025-03-18,R01,38.933,0.1183,5.957,20.991,51.696,12.048,1
2025-03-19,R01,36.371,0.1519,2.792,19.094,38.75,11.45,1
2025-03-20,R01,33.832,0.187,3.202,28.534,26.347,10.905,1
2025-03-21,R01,37.801,0.0678,21.27,29.332,42.074,11.381,1
2025-03-22,R01,35.275,0.1628,3.83,24.52,50.379,9.628,1
2025-03-23,R01,37.621,0.1137,17.97,24.617,51.381,10.898,1
2025-03-24,R01,37.12,0.0584,4.04,17.716,42.464,11.643,1
2025-03-25,R01,34.437,0.2475,15.82,30.101,62.887,8.946,1
2025-03-26,R01,37.637,0.0834,14.195,23.748,82.884,8.515,1
2025-03-27,R01,35.912,0.2022,1.742,20.473,31.789,12.193,1
2025-03-28,R01,35.757,0.1394,14.21,28.493,32.557,11.995,1
2025-03-29,R01,36.439,0.1942,0.534,18.699,48.379,10.151,1
2025-03-30,R01,35.605,0.1565,12.827,27.182,65.289,8.097,1
2025-03-31,R01,35.045,0.1454,4.192,26.75,24.792,12.612,1
2025-04-01,R01,37.272,0.1681,9.804,26.126,41.314,11.508,1
2025-04-02,R01,33.957,0.1876,29.913,32.925,79.696,8.979,1
2025-04-03,R01,36.105,0.05,8.827,24.894,77.955,9.499,1
2025-04-04,R01,36.611,0.2761,11.308,23.846,35.016,11.845,1
2025-04-05,R01,36.041,0.2015,6.283,23.137,43.057,10.453,1
2025-04-06,R01,36.445,0.2762,3.784,19.694,42.023,9.658,1
2025-04-07,R01,36.767,0.1494,2.694,20.969,85.724,8.464,1
2025-04-08,R01,35.103,0.2065,2.592,22.978,33.505,10.784,1
2025-04-09,R01,36.311,0.105,4.533,26.138,41.32,10.294,1
2025-04-10,R01,33.563,0.2865,7.6,26.186,64.699,9.882,1
2025-04-11,R01,34.569,0.2708,4.051,16.982,36.057,10.253,1
2025-04-12,R01,34.091,0.2819,12.869,26.013,59.866,10.047,1
2025-04-13,R01,36.207,0.1384,6.982,22.884,68.867,8.344,1
2025-04-14,R01,37.128,0.05,1.907,20.361,22.343,11.817,1
2025-04-15,R01,36.404,0.2085,2.819,22.536,39.731,11.459,1
2025-04-16,R01,36.425,0.1722,4.031,19.377,76.0,9.171,1
2025-04-17,R01,35.759,0.2446,1.528,18.644,41.757,11.654,1
2025-04-18,R01,36.972,0.1474,2.759,23.586,56.61,9.249,1
2025-04-19,R01,36.686,0.1772,9.398,22.552,71.787,8.616,1
2025-04-20,R01,35.802,0.1066,13.325,30.096,79.31,9.111,1
2025-04-21,R01,35.591,0.1343,1.359,19.444,26.504,10.72,1
2025-04-22,R01,35.78,0.1148,25.431,32.609,63.799,11.118,1
2025-04-23,R01,36.117,0.1627,5.432,20.747,62.767,10.298,1
2025-04-24,R01,36.884,0.1459,8.358,27.189,34.438,8.968,1
2025-04-25,R01,34.029,0.1713,5.002,25.303,50.282,10.191,1
2025-04-26,R01,37.168,0.2498,5.126,15.877,56.221,11.631,1
2025-04-27,R01,36.107,0.1821,15.137,26.699,81.487,8.537,1
2025-04-28,R01,31.839,0.1209,16.837,25.884,63.62,7.241,1
2025-04-29,R01,35.005,0.3172,25.713,29.593,84.631,9.052,1
2025-04-30,R01,34.589,0.1687,11.548,27.009,75.272,9.265,1
2025-05-01,R01,32.81,0.2974,4.795,29.882,97.362,7.865,1
2025-05-02,R01,34.659,0.0908,14.714,25.645,47.49,9.691,1
2025-05-03,R01,32.596,0.2596,5.291,29.243,69.945,9.011,1
2025-05-04,R01,36.002,0.1529,6.678,27.081,52.521,10.06,1
2025-05-05,R01,33.496,0.2724,19.686,32.719,55.205,10.761,1
2025-05-06,R01,37.909,0.2195,7.631,24.378,87.236,10.158,1
2025-05-07,R01,37.283,0.181,3.825,21.703,24.924,11.534,1
2025-05-08,R01,35.226,0.1405,7.713,20.685,62.861,10.145,1
2025-05-09,R01,32.122,0.2635,16.97,34.451,65.381,5.793,1
2025-05-10,R01,33.749,0.1358,11.516,25.212,84.159,9.451,1
2025-05-11,R01,34.12,0.1129,13.983,23.755,59.293,10.408,1
2025-05-12,R01,33.794,0.0988,11.379,27.4,100,6.614,1
2025-05-13,R01,31.318,0.2736,8.414,32.496,50.162,9.489,1
2025-05-14,R01,32.864,0.2489,0.631,20.834,32.329,10.837,1
2025-05-15,R01,30.612,0.219,23.675,35.785,70.114,8.397,1
2025-05-16,R01,34.498,0.1105,2.674,20.991,14.128,14.403,1
2025-05-17,R01,36.834,0.1763,42.875,31.993,87.384,9.288,1
2025-05-18,R01,34.563,0.2051,20.398,27.959,84.964,8.461,1
2025-05-19,R01,35.698,0.1995,7.729,25.577,36.169,10.88,1
2025-05-20,R01,34.592,0.1739,5.482,22.929,38.766,10.109,1
2025-05-21,R01,32.975,0.287,10.047,25.442,66.395,8.595,1
2025-05-22,R01,33.344,0.1642,3.618,24.429,35.327,10.741,1
2025-05-23,R01,33.685,0.2528,7.918,28.397,33.981,9.834,1
2025-05-24,R01,33.53,0.1122,16.484,30.41,70.014,9.932,1
2025-05-25,R01,31.874,0.3442,7.731,28.34,71.996,8.667,1
2025-05-26,R01,35.084,0.0849,13.792,24.749,65.697,10.784,1
2025-05-27,R01,36.414,0.1179,26.883,28.274,84.01,8.856,1
2025-05-28,R01,32.432,0.2392,2.236,27.056,57.392,9.052,1
2025-05-29,R01,36.508,0.1867,2.532,19.815,44.85,9.876,1
2025-05-30,R01,33.828,0.1856,12.74,29.756,40.984,11.029,1
2025-05-31,R01,35.241,0.3736,5.358,21.534,39.142,9.804,1
2025-06-01,R01,35.03,0.099,7.032,25.102,42.63,11.489,1
2025-06-02,R01,33.014,0.2272,7.22,20.266,42.154,9.93,1
2025-06-03,R01,32.978,0.3119,4.959,29.343,66.648,8.464,1
2025-06-04,R01,36.214,0.1433,10.965,23.837,50.647,11.664,1
2025-06-05,R01,32.251,0.2296,16.168,28.061,67.299,10.042,1
2025-06-06,R01,35.297,0.1323,10.714,30.208,32.977,10.17,1
2025-06-07,R01,37.151,0.2141,29.521,33.045,64.833,8.91,1
2025-06-08,R01,34.157,0.2211,6.488,26.022,46.734,10.744,1
2025-06-09,R01,34.477,0.1582,15.415,30.183,37.984,9.724,1
2025-06-10,R01,33.239,0.136,5.551,25.712,62.126,9.396,1
2025-06-11,R01,33.104,0.2,5.445,27.417,41.56,8.867,1
2025-06-12,R01,36.042,0.1263,3.423,25.989,74.356,9.42,1
2025-06-13,R01,34.549,0.0565,2.379,26.505,26.588,11.439,1
2025-06-14,R01,30.36,0.2138,3.199,24.385,75.403,8.033,1
2025-06-15,R01,31.608,0.1983,4.807,29.299,53.573,9.929,1
2025-06-16,R01,36.404,0.2439,5.066,21.069,34.979,11.951,1
2025-06-17,R01,32.816,0.1916,4.973,26.121,31.631,10.162,1
2025-06-18,R01,29.89,0.1688,7.738,27.646,48.389,9.332,1
2025-06-19,R01,32.301,0.1682,7.414,25.778,25.985,11.988,1
2025-06-20,R01,34.665,0.1265,10.261,20.351,38.007,9.545,1
2025-06-21,R01,30.923,0.2605,22.103,33.96,58.859,10.096,1
2025-06-22,R01,32.835,0.247,8.672,30.874,55.418,8.621,1
2025-06-23,R01,32.964,0.05,5.153,25.667,49.739,10.486,1
2025-06-24,R01,32.283,0.3214,4.138,24.37,68.106,9.048,1
2025-06-25,R01,31.862,0.2362,40.928,42.255,93.436,7.178,1
2025-06-26,R01,31.182,0.1763,30.631,34.639,67.881,8.43,1
2025-06-27,R01,32.234,0.1044,15.462,24.675,78.606,8.589,1
2025-06-28,R01,30.156,0.1999,7.604,31.303,81.52,6.325,1
2025-06-29,R01,36.358,0.1494,0.869,22.852,40.201,10.053,1
2025-06-30,R01,29.38,0.1999,27.539,34.246,75.375,8.299,1
2025-07-01,R01,32.401,0.1577,7.572,24.651,38.809,9.402,1
2025-07-02,R01,32.767,0.2352,0.592,25.537,5,11.681,1
2025-07-03,R01,30.243,0.1339,8.629,30.667,48.335,10.616,1
2025-07-04,R01,29.496,0.294,3.278,27.748,45.859,9.079,1
2025-07-05,R01,31.004,0.2856,0.618,19.881,58.949,7.714,1
2025-07-06,R01,29.918,0.2294,7.844,29.452,81.718,8.43,1
2025-07-07,R01,32.938,0.1306,10.813,24.53,37.12,10.113,1
2025-07-08,R01,27.323,0.1471,16.51,33.524,41.25,9.38,1
2025-07-09,R01,28.986,0.2821,4.276,26.186,34.905,10.762,1
2025-07-10,R01,32.361,0.2926,11.421,25.751,35.567,11.927,1
2025-07-11,R01,31.938,0.1897,2.375,26.561,32.593,10.013,1
2025-07-12,R01,28.589,0.394,20.428,35.687,73.451,9.477,1
2025-07-13,R01,29.548,0.2807,1.5,25.401,27.451,9.291,1
2025-07-14,R01,27.195,0.2323,16.882,31.763,72.832,6.193,1
2025-07-15,R01,30.648,0.3288,6.919,28.919,67.282,7.584,1
2025-07-16,R01,32.744,0.1779,22.463,32.319,100,7.664,1
2025-07-17,R01,30.088,0.1667,3.433,28.491,30.536,9.617,1
2025-07-18,R01,29.196,0.3052,15.295,32.436,57.286,7.276,1
2025-07-19,R01,27.531,0.2803,8.716,27.682,80.555,6.888,1
2025-07-20,R01,32.596,0.1458,6.165,25.296,76.098,7.824,1
2025-07-21,R01,31.526,0.1848,21.067,32.709,54.879,9.426,1
2025-07-22,R01,30.205,0.1769,13.559,28.26,77.455,7.403,1
2025-07-23,R01,31.881,0.1814,6.371,26.559,72.327,8.579,1
2025-07-24,R01,32.672,0.219,7.858,22.637,62.22,11.173,1
2025-07-25,R01,29.832,0.185,4.278,25.938,27.6,10.76,1
2025-07-26,R01,30.563,0.162,4.44,27.763,77.203,7.469,1
2025-07-27,R01,29.613,0.2621,9.06,32.023,64.297,8.701,1
2025-07-28,R01,32.184,0.1323,22.179,31.743,68.574,6.684,1
2025-07-29,R01,29.49,0.1728,9.028,23.349,65.133,7.683,1
2025-07-30,R01,30.687,0.331,9.423,28.978,56.958,8.313,1
2025-07-31,R01,28.356,0.2044,4.348,27.233,51.528,9.499,1
2025-08-01,R01,29.729,0.2752,3.371,25.964,63.214,8.957,1
2025-08-02,R01,33.86,0.161,25.773,33.458,61.107,10.438,1
2025-08-03,R01,29.422,0.2931,11.225,31.095,50.44,9.305,1
2025-08-04,R01,31.099,0.2205,3.088,18.673,71.566,8.528,1
2025-08-05,R01,28.227,0.2021,12.644,31.077,61.296,8.768,1
2025-08-06,R01,26.876,0.2101,8.409,27.981,87.73,5.629,1
2025-08-07,R01,31.943,0.276,0.367,23.603,5,10.388,1
2025-08-08,R01,28.573,0.299,21.692,34.115,51.461,8.428,1
2025-08-09,R01,30.174,0.2767,3.597,26.929,69.559,8.757,1
2025-08-10,R01,28.154,0.2185,8.343,26.38,30.366,10.941,1
2025-08-11,R01,28.567,0.2405,5.177,29.439,57.853,8.889,1
2025-08-12,R01,29.729,0.1847,1.188,27.635,21.905,11.207,1
2025-08-13,R01,27.132,0.2758,14.853,29.947,79.13,6.398,1
2025-08-14,R01,31.348,0.2685,1.644,22.858,44.928,9.177,1
2025-08-15,R01,25.713,0.1644,21.388,36.689,86.759,6.018,1
2025-08-16,R01,27.613,0.2527,14.433,33.922,69.789,6.686,1
2025-08-17,R01,28.575,0.2847,5.264,21.625,81.617,7.907,1
2025-08-18,R01,27.295,0.0818,15.855,32.555,47.306,8.216,1
2025-08-19,R01,27.332,0.2717,5.453,25.6,37.775,8.977,1
2025-08-20,R01,31.321,0.3267,3.647,25.671,41.214,10.383,1
2025-08-21,R01,31.205,0.2307,9.334,27.434,62.008,9.339,1
2025-08-22,R01,26.2,0.1947,7.774,28.083,38.087,9.56,1
2025-08-23,R01,28.368,0.2914,11.38,29.65,67.882,7.404,1
2025-08-24,R01,30.626,0.2428,1.573,23.211,23.469,11.235,1
2025-08-25,R01,26.06,0.2045,10.405,27.758,92.289,6.089,1
2025-08-26,R01,23.861,0.3114,5.183,29.226,49.592,7.562,1
2025-08-27,R01,29.981,0.248,3.764,26.357,84.109,7.267,1
2025-08-28,R01,29.515,0.2974,33.065,37.479,55.791,9.231,1
2025-08-29,R01,30.303,0.1648,12.689,27.245,63.252,8.49,1
2025-08-30,R01,30.652,0.2071,4.345,27.086,59.682,9.447,1
2025-08-31,R01,31.591,0.1557,5.139,27.204,65.271,8.508,1
2025-09-01,R01,28.178,0.2513,10.313,30.918,50.469,7.456,1
2025-09-02,R01,27.365,0.227,4.913,29.872,35.203,9.421,1
2025-09-03,R01,27.77,0.2425,14.04,25.595,65.018,6.626,1
2025-09-04,R01,28.62,0.155,3.122,26.159,49.542,9.822,1
2025-09-05,R01,30.428,0.1998,23.143,34.087,56.363,8.921,1
2025-09-06,R01,28.256,0.132,5.4,28.518,35.105,9.948,1
2025-09-07,R01,28.332,0.1306,0.665,24.599,12.332,10.437,1
2025-09-08,R01,30.693,0.112,22.835,38.566,70.48,8.177,1
2025-09-09,R01,28.186,0.2628,6.732,31.744,56.128,8.017,1
2025-09-10,R01,30.291,0.1562,3.85,29.553,34.426,9.98,1
2025-09-11,R01,23.706,0.3377,3.424,30.028,30.127,8.197,1
2025-09-12,R01,26.816,0.2374,7.564,27.663,41.449,10.068,1
2025-09-13,R01,24.825,0.2667,2.676,32.821,32.298,7.89,1
2025-09-14,R01,26.998,0.2379,6.117,29.106,40.122,8.727,1
2025-09-15,R01,26.742,0.1775,7.494,25.188,41.095,8.986,1
2025-09-16,R01,24.3,0.2463,7.564,32.352,79.211,5.665,1
2025-09-17,R01,26.892,0.2988,5.323,28.871,66.724,7.809,1
2025-09-18,R01,26.955,0.2517,12.638,32.514,72.492,6.604,1
2025-09-19,R01,26.625,0.1273,4.5,29.666,22.875,10.147,1
2025-09-20,R01,28.74,0.1295,1.431,24.902,53.498,9.161,1
2025-09-21,R01,28.027,0.1767,4.527,28.407,39.776,8.515,1
2025-09-22,R01,25.112,0.3316,1.419,28.283,81.161,6.848,1
2025-09-23,R01,29.73,0.2013,1.523,24.526,25.969,10.996,1
2025-09-24,R01,28.295,0.2207,15.873,37.399,67.941,7.096,1
2025-09-25,R01,25.546,0.1549,7.305,30.756,51.232,8.223,1
2025-09-26,R01,27.42,0.2891,3.427,20.921,43.809,7.413,1
2025-09-27,R01,26.82,0.2343,15.258,37.524,82.731,7.506,1
2025-09-28,R01,25.902,0.2814,4.799,32.105,48.079,8.925,1
2025-09-29,R01,25.7,0.336,6.115,25.036,39.194,9.138,1
2025-09-30,R01,26.739,0.3016,5.919,19.539,45.444,8.588,1
2025-10-01,R01,25.725,0.358,8.098,28.437,43.145,8.464,1
2025-10-02,R01,27.182,0.3053,27.868,39.378,67.198,7.171,1
2025-10-03,R01,25.657,0.2632,0.922,26.556,24.572,9.576,1
2025-10-04,R01,24.52,0.3076,10.892,32.565,64.805,8.831,1
2025-10-05,R01,29.17,0.1789,7.33,32.222,38.678,10.511,1
2025-10-06,R01,28.427,0.3781,6.472,27.789,86.993,8.22,1
2025-10-07,R01,26.594,0.2354,1.434,29.267,42.442,8.561,1
2025-10-08,R01,28.438,0.1906,7.897,29.984,76.42,7.749,1
2025-10-09,R01,26.934,0.2953,3.287,30.109,16.45,10.36,1
2025-10-10,R01,27.75,0.3394,12.873,33.5,62.471,8.901,1
2025-10-11,R01,27.832,0.2028,11.049,25.58,55.803,8.535,1
2025-10-12,R01,25.419,0.2519,4.82,26.598,36.753,9.566,1
2025-10-13,R01,25.827,0.3563,2.128,26.178,41.42,9.688,1
2025-10-14,R01,25.783,0.2507,5.496,28.39,30.59,10.028,1
2025-10-15,R01,27.692,0.1326,12.83,27.391,48.305,8.801,1
2025-10-16,R01,27.695,0.3229,3.507,27.269,51.192,8.64,1
2025-10-17,R01,26.695,0.2705,29.089,42.746,48.697,9.898,1
2025-10-18,R01,25.817,0.2651,12.775,28.402,52.877,8.586,1
2025-10-19,R01,29.792,0.2691,8.746,33.297,39.671,9.775,1
2025-10-20,R01,26.481,0.3125,29.992,39.827,96.129,7.016,1
2025-10-21,R01,27.514,0.211,14.452,33.45,36.633,9.177,1
2025-10-22,R01,25.434,0.3031,11.005,33.656,55.286,9.97,1
2025-10-23,R01,27.929,0.2347,12.777,29.781,58.757,8.686,1
2025-10-24,R01,26.877,0.1424,4.816,29.314,35.389,8.952,1
2025-10-25,R01,23.777,0.2973,11.334,26.378,71.205,5.356,1
2025-10-26,R01,29.39,0.1822,3.715,28.525,52.979,8.082,1
2025-10-27,R01,27.137,0.2356,1.72,28.41,53.318,7.047,1
2025-10-28,R01,26.417,0.2372,29.244,32.455,80.348,6.978,1
2025-10-29,R01,28.776,0.2906,5.847,27.15,21.877,10.811,1
2025-10-30,R01,28.287,0.1712,9.999,30.674,36.481,9.863,1
2025-10-31,R01,27.57,0.2885,10.391,26.257,60.05,7.667,1
2025-11-01,R01,27.65,0.1515,32.208,32.227,89.857,5.814,1
2025-11-02,R01,28.285,0.2546,27.248,31.008,50.209,9.253,1
2025-11-03,R01,29.871,0.2263,1.856,27.249,38.917,9.109,1
2025-11-04,R01,24.859,0.1776,15.663,30.782,52.363,6.888,1
2025-11-05,R01,26.065,0.3052,3.077,27.611,55.78,6.716,1
2025-11-06,R01,26.767,0.3294,10.159,32.611,63.741,9.555,1
2025-11-07,R01,27.001,0.2424,18.266,30.51,48.973,9.243,1
2025-11-08,R01,28.122,0.3014,9.873,27.807,74.809,7.423,1
2025-11-09,R01,30.939,0.2331,4.628,23.835,66.307,7.668,1
2025-11-10,R01,28.218,0.3114,11.814,32.767,52.666,8.651,1
2025-11-11,R01,27.568,0.3095,8.867,25.463,93.026,7.929,1
2025-11-12,R01,25.418,0.3203,12.23,32.537,48.291,9.28,1
2025-11-13,R01,27.468,0.2432,31.435,34.904,72.967,8.096,1
2025-11-14,R01,26.691,0.2242,4.856,34.919,70.628,7.241,1
2025-11-15,R01,26.664,0.2318,12.968,27.043,56.051,7.744,1
2025-11-16,R01,27.845,0.2384,1.426,26.589,41.581,8.801,1
2025-11-17,R01,28.357,0.2172,5.205,26.505,41.459,9.97,1
2025-11-18,R01,28.458,0.2198,3.72,29.121,21.64,9.367,1
2025-11-19,R01,28.893,0.2752,3.819,24.693,64.073,8.303,1
2025-11-20,R01,28.649,0.3247,4.077,29.249,31.748,9.851,1
2025-11-21,R01,29.507,0.2764,20.882,29.857,77.385,7.773,1
2025-11-22,R01,26.492,0.3054,4.966,26.698,85.343,6.996,1
2025-11-23,R01,27.941,0.1507,0.326,22.621,47.071,9.194,1
2025-11-24,R01,27.891,0.1727,6.04,33.14,69.913,6.993,1
2025-11-25,R01,26.235,0.3391,12.19,34.827,45.425,8.563,1
2025-11-26,R01,28.484,0.2474,9.749,27.974,56.649,8.526,1
2025-11-27,R01,27.829,0.332,3.257,25.161,45.937,7.317,1
2025-11-28,R01,28.261,0.3556,4.795,24.037,35.423,10.351,1
2025-11-29,R01,28.917,0.1374,6.822,34.062,18.624,9.559,1
2025-11-30,R01,27.876,0.263,9.994,29.358,76.603,8.484,1
2025-12-01,R01,31.318,0.2317,9.19,28.306,30.612,8.899,1
2025-12-02,R01,30.9,0.2244,3.316,24.28,39.571,10.17,1
2025-12-03,R01,29.955,0.1216,14.756,29.862,61.754,7.677,1
2025-12-04,R01,33.346,0.2313,2.946,25.783,64.624,7.791,1
2025-12-05,R01,31.457,0.2702,11.929,35.194,82.128,6.811,1
2025-12-06,R01,31.079,0.2496,1.377,28.122,16.585,11.128,1
2025-12-07,R01,28.869,0.2404,4.311,29.15,33.148,9.656,1
2025-12-08,R01,31.481,0.1724,16.056,28.122,67.503,8.64,1
2025-12-09,R01,30.752,0.3458,9.284,27.318,45.802,8.853,1
2025-12-10,R01,31.688,0.2889,7.484,29.302,53.549,9.36,1
2025-12-11,R01,30.249,0.1922,2.144,23.756,67.067,7.836,1
2025-12-12,R01,29.165,0.2371,9.229,25.699,58.379,8.781,1
2025-12-13,R01,30.441,0.2522,4.089,22.204,56.417,7.788,1
2025-12-14,R01,29.081,0.2448,7.51,25.486,70.975,8.262,1
2025-12-15,R01,30.862,0.1586,11.484,28.736,46.886,6.532,1
2025-12-16,R01,29.082,0.2721,6.867,26.533,44.577,8.722,1
2025-12-17,R01,30.276,0.078,6.447,27.223,29.724,9.128,1
2025-12-18,R01,31.003,0.3179,21.787,39.418,100,7.28,1
2025-12-19,R01,28.159,0.1703,21.142,31.628,71.189,8.679,1
2025-12-20,R01,32.414,0.1658,0.923,18.638,45.172,10.684,1
2025-12-21,R01,31.852,0.1979,17.615,25.444,73.668,6.691,1
2025-12-22,R01,30.89,0.1512,10.954,30.709,56.652,7.916,1
2025-12-23,R01,32.638,0.1895,5.36,30.392,48.898,8.4,1
2025-12-24,R01,32.319,0.2482,25.096,29.023,78.755,8.025,1
2025-12-25,R01,31.939,0.1858,11.045,32.469,68.256,9.271,1
2025-12-26,R01,30.55,0.2472,7.763,27.359,69.32,8.85,1
2025-12-27,R01,32.539,0.277,6.369,21.93,33.858,10.061,1
2025-12-28,R01,32.552,0.1951,1.519,23.792,46.397,9.775,1
2025-12-29,R01,30.708,0.2712,10.814,29.514,64.054,7.971,1
2025-12-30,R01,32.464,0.2274,19.779,32.059,67.814,8.54,1
2025-12-31,R01,33.987,0.1098,2.703,25.997,43.154,9.718,1
2025-01-01,R02,36.836,0.2231,5.984,30.768,48.388,11.784,1
2025-01-02,R02,31.697,0.1996,4.147,32.768,83.561,8.242,1
2025-01-03,R02,31.349,0.3087,2.903,28.537,56.614,7.63,1
2025-01-04,R02,34.755,0.2466,4.076,35.239,51.588,11.285,1
2025-01-05,R02,33.486,0.2842,10.234,39.678,52.985,10.805,1
2025-01-06,R02,34.531,0.1683,14.221,38.111,55.59,10.918,1
2025-01-07,R02,34.063,0.1839,1.657,31.971,9.782,12.66,1
2025-01-08,R02,36.235,0.0929,9.605,27.163,37.045,10.707,1
2025-01-09,R02,35.746,0.2464,9.382,33.98,44.052,10.031,1
2025-01-10,R02,35.47,0.1817,7.437,27.035,53.742,10.927,1
2025-01-11,R02,36.579,0.3303,26.05,35.566,52.485,11.051,1
2025-01-12,R02,34.418,0.2705,2.951,30.939,38.388,10.968,1
2025-01-13,R02,35.302,0.2654,6.047,30.574,27.61,10.431,1
2025-01-14,R02,32.395,0.2443,3.524,29.643,65.479,7.883,1
2025-01-15,R02,34.645,0.2629,7.546,31.998,65.009,9.767,1
2025-01-16,R02,32.842,0.2344,6.388,32.989,38.52,11.052,1
2025-01-17,R02,33.563,0.296,12.139,35.153,81.235,9.311,1
2025-01-18,R02,36.235,0.2113,6.143,32.487,67.353,9.213,1
2025-01-19,R02,35.467,0.1965,10.977,36.502,75.21,8.997,1
2025-01-20,R02,34.637,0.258,12.779,37.295,66.61,10.659,1
2025-01-21,R02,34.715,0.2673,6.243,30.709,73.394,7.459,1
2025-01-22,R02,33.373,0.2192,4.994,27.264,41.807,9.805,1
2025-01-23,R02,33.214,0.2439,10.666,33.255,62.171,8.873,1
2025-01-24,R02,35.668,0.241,3.532,33.448,57.244,10.332,1
2025-01-25,R02,35.608,0.2075,0.503,24.382,12.739,12.966,1
2025-01-26,R02,39.725,0.1909,8.064,29.927,43.785,11.636,1
2025-01-27,R02,35.158,0.2317,22.097,33.203,50.764,11.593,1
2025-01-28,R02,36.165,0.119,8.373,32.361,28.751,11.171,1
2025-01-29,R02,34.26,0.2853,3.641,32.053,24.873,9.835,1
2025-01-30,R02,30.998,0.2761,4.597,30.213,33.855,9.609,1
2025-01-31,R02,34.685,0.3843,7.74,30.835,70.734,8.968,1
2025-02-01,R02,35.937,0.2971,1.804,32.945,32.335,10.979,1
2025-02-02,R02,37.166,0.1875,20.215,33.019,59.401,9.435,1
2025-02-03,R02,31.348,0.3824,5.084,29.576,47.522,9.339,1
2025-02-04,R02,34.606,0.2615,5.387,28.085,48.595,9.643,1
2025-02-05,R02,35.005,0.2147,10.329,28.845,79.211,9.186,1
2025-02-06,R02,37.495,0.1898,7.236,26.749,31.045,9.849,1
2025-02-07,R02,32.679,0.2995,8.122,33.186,64.652,10.184,1
2025-02-08,R02,37.715,0.2116,11.005,31.449,32.716,13.46,1
2025-02-09,R02,37.708,0.2898,6.743,26.549,59.366,10.888,1
2025-02-10,R02,35.302,0.2726,2.666,29.803,31.299,11.181,1
2025-02-11,R02,34.827,0.2824,1.379,26.666,52.158,11.013,1
2025-02-12,R02,30.929,0.158,11.882,30.614,55.516,9.038,1
2025-02-13,R02,35.967,0.2879,8.917,32.819,68.829,10.087,1
2025-02-14,R02,36.534,0.2429,3.265,30.474,63.677,9.01,1
2025-02-15,R02,38.29,0.203,11.354,31.774,66.587,9.592,1
2025-02-16,R02,34.976,0.2955,11.608,36.528,57.579,9.483,1
2025-02-17,R02,37.86,0.2113,4.684,29.663,47.803,12.045,1
2025-02-18,R02,34.406,0.2778,1.907,29.089,46.611,12.281,1
2025-02-19,R02,36.19,0.1644,20.083,32.046,91.559,7.699,1
2025-02-20,R02,36.811,0.1539,1.061,27.969,5,13.382,1
2025-02-21,R02,35.334,0.1793,6.2,36.337,55.285,10.957,1
2025-02-22,R02,37.998,0.1977,8.285,26.981,28.712,11.997,1
2025-02-23,R02,38.064,0.1792,19.402,36.516,69.359,8.696,1
2025-02-24,R02,36.609,0.2929,41.408,41.759,61.106,8.79,1
2025-02-25,R02,34.85,0.1939,3.869,30.695,32.235,10.685,1
2025-02-26,R02,36.402,0.1484,6.775,28.782,40.427,10.329,1
2025-02-27,R02,38.219,0.3339,13.221,28.977,68.623,10.007,1
2025-02-28,R02,36.129,0.2585,14.42,28.591,53.437,11.319,1
2025-03-01,R02,35.954,0.2883,12.013,29.565,66.763,10.748,1
2025-03-02,R02,36.889,0.1034,30.108,39.785,53.345,11.509,1
2025-03-03,R02,38.015,0.2005,3.859,27.051,49.106,10.753,1
2025-03-04,R02,33.9,0.2691,4.612,30.807,56.214,10.344,1
2025-03-05,R02,36.434,0.165,14.896,31.579,99.03,9.559,1
2025-03-06,R02,34.197,0.2495,8.144,34.336,32.672,10.567,1
2025-03-07,R02,37.837,0.2681,30.011,37.996,84.61,11.158,1
2025-03-08,R02,36.246,0.2323,11.372,33.021,69.447,9.35,1
2025-03-09,R02,36.487,0.145,12.122,35.253,65.228,9.976,1
2025-03-10,R02,37.45,0.2208,0.618,27.671,26.126,12.262,1
2025-03-11,R02,39.256,0.2695,1.357,24.148,20.065,12.431,1
2025-03-12,R02,41.061,0.2979,14.135,34.794,61.263,10.772,1
2025-03-13,R02,36.923,0.2523,2.432,19.427,20.88,12.661,1
2025-03-14,R02,35.271,0.1667,14.224,34.697,78.125,8.392,1
2025-03-15,R02,36.65,0.2707,6.454,26.24,58.608,9.526,1
2025-03-16,R02,38.799,0.138,0.951,27.211,8.339,12.637,1
2025-03-17,R02,35.095,0.1494,3.905,34.646,59.266,11.51,1
2025-03-18,R02,39.136,0.1986,6.772,28.908,49.566,10.209,1
2025-03-19,R02,37.891,0.2077,4.696,26.156,53.953,8.948,1
2025-03-20,R02,38.539,0.2039,10.031,31.438,59.61,10.192,1
2025-03-21,R02,39.039,0.2349,3.897,29.156,95.201,9.812,1
2025-03-22,R02,38.882,0.2364,3.992,26.7,36.767,11.05,1
2025-03-23,R02,38.364,0.2993,4.879,22.914,31.117,11.39,1
2025-03-24,R02,40.223,0.0862,12.913,28.402,65.549,10.05,1
2025-03-25,R02,38.643,0.2463,17.032,29.53,66.264,10.404,1
2025-03-26,R02,39.575,0.2087,6.792,28.008,55.346,10.371,1
2025-03-27,R02,37.917,0.0808,27.24,37.441,55.531,8.764,1
2025-03-28,R02,35.525,0.2344,14.636,36.256,80.493,8.913,1
2025-03-29,R02,36.35,0.2983,10.543,25.913,76.654,9.638,1
2025-03-30,R02,38.302,0.1552,6.519,33.156,71.783,10.621,1
2025-03-31,R02,37.246,0.2042,8.936,31.449,39.941,11.51,1
2025-04-01,R02,39.012,0.2978,9.944,36.238,39.479,12.147,1
2025-04-02,R02,42.506,0.1301,7.242,26.828,39.62,13.568,1
2025-04-03,R02,40.015,0.1355,3.586,24.09,51.132,10.355,1
2025-04-04,R02,38.329,0.2368,1.986,28.682,18.169,13.226,1
2025-04-05,R02,38.791,0.2499,14.895,37.588,47.425,11.856,1
2025-04-06,R02,40.38,0.2766,2.376,26.84,43.873,12.679,1
2025-04-07,R02,37.872,0.3281,16.791,33.188,64.383,9.393,1
2025-04-08,R02,38.463,0.2722,28.951,38.055,60.707,10.237,1
2025-04-09,R02,40.002,0.1474,28.24,33.13,72.988,10.062,1
2025-04-10,R02,35.512,0.3905,5.031,26.185,46.663,11.128,1
2025-04-11,R02,36.324,0.2491,2.018,28.418,27.731,11.317,1
2025-04-12,R02,38.656,0.2166,3.971,30.516,53.146,11.886,1
2025-04-13,R02,40.136,0.0937,11.718,31.043,50.894,11.632,1
2025-04-14,R02,34.269,0.2592,8.023,31.108,53.264,9.805,1
2025-04-15,R02,36.709,0.2609,1.827,27.075,70.859,9.186,1
2025-04-16,R02,38.397,0.2109,9.081,27.519,77.121,8.603,1
2025-04-17,R02,37.186,0.3137,1.225,26.081,51.443,10.515,1
2025-04-18,R02,38.189,0.2156,4.143,32.295,61.847,9.665,1
2025-04-19,R02,35.024,0.1102,9.187,29.397,100,9.166,1
2025-04-20,R02,39.538,0.137,16.005,25.259,82.074,10.376,1
2025-04-21,R02,34.361,0.3006,10.216,36.025,54.595,8.938,1
2025-04-22,R02,37.468,0.2239,13.993,29.334,45.488,12.4,1
2025-04-23,R02,39.535,0.222,8.274,23.62,53.129,9.737,1
2025-04-24,R02,38.838,0.153,3.566,31.555,43.169,11.331,1
2025-04-25,R02,37.654,0.1571,6.177,31.733,56.936,9.852,1
2025-04-26,R02,38.646,0.166,9.45,30.958,49.463,11.02,1
2025-04-27,R02,35.614,0.2529,53.393,42.36,63.695,9.712,1
2025-04-28,R02,36.101,0.2319,7.865,28.289,47.416,10.216,1
2025-04-29,R02,38.712,0.1832,13.74,30.938,66.844,9.931,1
2025-04-30,R02,34.619,0.2415,11.016,31.802,84.225,8.046,1
2025-05-01,R02,35.822,0.2821,4.346,29.829,34.324,12.371,1
2025-05-02,R02,35.651,0.2585,7.829,32.132,58.623,10.468,1
2025-05-03,R02,35.825,0.1426,3.398,32.522,58.634,9.846,1
2025-05-04,R02,36.372,0.2247,10.374,25.934,84.59,9.101,1
2025-05-05,R02,36.862,0.197,20.711,36.872,74.198,8.097,1
2025-05-06,R02,38.341,0.2178,3.67,21.325,22.657,11.772,1
2025-05-07,R02,38.135,0.2068,14.215,29.346,49.651,11.269,1
2025-05-08,R02,39.485,0.1386,10.904,29.396,39.989,12.212,1
2025-05-09,R02,35.438,0.2842,13.105,31.847,72.749,9.797,1
2025-05-10,R02,34.605,0.1766,27.267,37.225,51.961,10.154,1
2025-05-11,R02,39.642,0.1773,7.293,30.404,56.777,10.308,1
2025-05-12,R02,33.863,0.3661,3.215,30.53,55.627,11.976,1
2025-05-13,R02,38.043,0.2373,12.613,33.744,51.845,10.449,1
2025-05-14,R02,37.467,0.2551,20.855,36.121,72.552,9.966,1
2025-05-15,R02,37.882,0.0788,1.158,29.426,20.354,13.02,1
2025-05-16,R02,38.758,0.2174,9.712,36.756,45.153,12.876,1
2025-05-17,R02,36.529,0.2056,9.029,26.829,55.619,9.176,1
2025-05-18,R02,37.481,0.1681,16.395,34.664,51.327,10.594,1
2025-05-19,R02,35.972,0.3349,6.423,26.013,77.482,9.344,1
2025-05-20,R02,38.396,0.3007,18.674,31.863,29.247,13.169,1
2025-05-21,R02,38.516,0.0777,5.464,25.662,67.189,12.065,1
2025-05-22,R02,35.879,0.2621,11.191,32.359,42.445,10.896,1
2025-05-23,R02,35.159,0.3653,2.766,36.565,43.735,10.567,1
2025-05-24,R02,38.12,0.2647,15.486,27.882,44.142,9.306,1
2025-05-25,R02,35.185,0.249,3.817,26.319,37.825,12.042,1
2025-05-26,R02,36.644,0.3066,9.766,26.505,65.177,10.042,1
2025-05-27,R02,37.478,0.1985,7.904,28.446,39.069,12.131,1
2025-05-28,R02,36.217,0.2987,5.816,27.327,38.972,9.899,1
2025-05-29,R02,32.24,0.1962,26.84,44.586,71.153,8.594,1
2025-05-30,R02,34.898,0.2187,6.031,31.156,24.581,11.823,1
2025-05-31,R02,38.315,0.1774,7.862,23.74,64.495,11.28,1
2025-06-01,R02,35.207,0.2444,8.92,33.092,43.796,10.362,1
2025-06-02,R02,38.199,0.1642,5.133,35.517,21.64,12.138,1
2025-06-03,R02,34.849,0.2514,4.581,28.175,26.4,11.666,1
2025-06-04,R02,35.148,0.1449,6.014,28.402,35.749,10.241,1
2025-06-05,R02,33.867,0.1252,6.605,31.541,27.499,11.653,1
2025-06-06,R02,35.118,0.2499,14.62,35.273,61.284,10.884,1
2025-06-07,R02,33.365,0.358,12.516,33.47,40.254,10.545,1
2025-06-08,R02,35.036,0.278,0.687,25.348,20.143,11.058,1
2025-06-09,R02,34.156,0.1778,8.941,29.439,61.374,9.249,1
2025-06-10,R02,36.31,0.2758,4.921,26.065,49.491,11.033,1
2025-06-11,R02,34.829,0.2679,17.736,31.029,64.122,9.178,1
2025-06-12,R02,35.33,0.2792,4.288,25.229,57.011,10.852,1
2025-06-13,R02,36.049,0.2183,19.146,39.871,63.626,10.214,1
2025-06-14,R02,37.953,0.2423,1.458,25.611,15.469,12.65,1
2025-06-15,R02,32.672,0.2296,6.9,34.066,84.956,8.23,1
2025-06-16,R02,34.03,0.2182,2.155,27.607,39.709,11.704,1
2025-06-17,R02,35.04,0.1833,11.728,32.733,82.807,8.735,1
2025-06-18,R02,34.334,0.2414,2.786,32.973,28.132,12.281,1
2025-06-19,R02,32.93,0.2471,2.684,31.333,73.919,8.554,1
2025-06-20,R02,35.077,0.2369,3.939,29.833,30.23,11.17,1
2025-06-21,R02,30.085,0.1275,9.114,37.394,51.929,9.183,1
2025-06-22,R02,30.882,0.2464,30.524,41.644,45.172,7.997,1
2025-06-23,R02,34.831,0.2737,16.764,35.016,75.938,7.791,1
2025-06-24,R02,34.1,0.3531,9.729,34.402,72.719,7.991,1
2025-06-25,R02,36.371,0.2015,11.651,28.814,80.949,9.283,1
2025-06-26,R02,37.76,0.1872,2.238,25.662,39.237,11.411,1
2025-06-27,R02,31.729,0.3764,2.808,24.647,21.322,10.622,1
2025-06-28,R02,33.835,0.2781,9.558,35.112,43.378,9.072,1
2025-06-29,R02,32.144,0.2816,22.383,34.26,45.66,11.017,1
2025-06-30,R02,34.497,0.2228,37.955,42.765,78.802,9.661,1
2025-07-01,R02,32.161,0.1956,2.364,26.304,93.629,7.143,1
2025-07-02,R02,30.468,0.3198,5.819,32.36,28.202,10.071,1
2025-07-03,R02,34.07,0.1907,13.316,32.256,98.527,7.978,1
2025-07-04,R02,33.092,0.3616,8.725,34.868,65.899,8.636,1
2025-07-05,R02,30.867,0.2485,9.84,31.565,53.939,10.372,1
2025-07-06,R02,33.102,0.4105,3.148,30.717,23.113,10.846,1
2025-07-07,R02,32.203,0.2072,17.959,33.321,65.533,9.665,1
2025-07-08,R02,33.636,0.2655,12.086,34.096,33.972,10.808,1
2025-07-09,R02,29.863,0.3685,4.793,32.926,56.359,7.953,1
2025-07-10,R02,30.458,0.2437,3.179,29.075,13.01,12.025,1
2025-07-11,R02,31.698,0.2341,3.74,28.389,45.526,10.052,1
2025-07-12,R02,30.844,0.1845,35.388,43.295,65.502,7.077,1
2025-07-13,R02,35.572,0.1856,9.402,29.59,85.621,8.064,1
2025-07-14,R02,30.225,0.3122,6.793,32.756,31.848,11.317,1
2025-07-15,R02,34.607,0.2757,16.184,30.703,53.393,10.133,1
2025-07-16,R02,34.799,0.2025,13.555,32.915,37.689,10.037,1
2025-07-17,R02,35.074,0.231,3.601,30.814,60.996,8.929,1
2025-07-18,R02,31.401,0.2644,7.867,32.249,36.784,10.064,1
2025-07-19,R02,30.723,0.3631,4.193,33.445,64.518,9.121,1
2025-07-20,R02,31.778,0.301,10.029,34.096,73.698,7.855,1
2025-07-21,R02,34.326,0.2588,12.382,34.903,57.791,7.788,1
2025-07-22,R02,31.589,0.2714,1.719,31.909,34.232,10.49,1
2025-07-23,R02,29.66,0.3499,13.207,33.064,60.329,7.929,1
2025-07-24,R02,32.423,0.3145,10.104,31.016,73.187,7.899,1
2025-07-25,R02,30.979,0.1815,1.615,30.737,49.724,8.615,1
2025-07-26,R02,31.21,0.264,9.836,38.44,47.775,9.544,1
2025-07-27,R02,30.767,0.267,9.787,36.501,47.539,9.89,1
2025-07-28,R02,31.224,0.2775,13.687,38.437,68.68,9.118,1
2025-07-29,R02,33.341,0.2873,13.631,35.388,84.006,8.184,1
2025-07-30,R02,29.939,0.2941,14.654,36.176,47.231,8.597,1
2025-07-31,R02,32.081,0.2371,3.676,26.812,45.575,8.029,1
2025-08-01,R02,30.286,0.4164,26.619,39.846,65.497,8.353,1
2025-08-02,R02,29.437,0.2851,2.328,33.879,25.282,10.187,1
2025-08-03,R02,29.77,0.3302,4.116,33.108,56.462,8.922,1
2025-08-04,R02,30.718,0.2611,4.912,35.497,48.537,8.787,1
2025-08-05,R02,31.733,0.3703,25.87,36.235,53.877,8.898,1
2025-08-06,R02,33.331,0.3196,6.976,29.853,59.345,11.186,1
2025-08-07,R02,30.923,0.232,1.218,33.361,51.729,7.417,1
2025-08-08,R02,31.189,0.2309,31.563,39.846,53.604,8.667,1
2025-08-09,R02,31.973,0.2565,19.892,34.635,60.312,9.246,1
2025-08-10,R02,29.932,0.2525,9.617,35.16,54.108,8.985,1
2025-08-11,R02,33.515,0.2777,22.419,35.42,43.193,9.988,1
2025-08-12,R02,31.143,0.2825,27.174,41.486,79.728,8.926,1
2025-08-13,R02,33.414,0.2956,9.622,33.875,50.821,10.13,1
2025-08-14,R02,29.495,0.3554,4.488,30.657,41.627,7.479,1
2025-08-15,R02,30.513,0.3049,13.134,32.515,66.896,9.759,1
2025-08-16,R02,30.408,0.2952,3.215,32.991,53.777,7.69,1
2025-08-17,R02,25.891,0.3409,4.892,25.706,35.609,8.899,1
2025-08-18,R02,32.079,0.2857,4.213,31.043,97.48,6.533,1
2025-08-19,R02,29.592,0.3148,5.517,31.509,24.249,11.051,1
2025-08-20,R02,31.944,0.2423,24.068,40.643,58.042,8.618,1
2025-08-21,R02,30.483,0.2557,0.959,34.634,24.423,10.701,1
2025-08-22,R02,30.427,0.2148,23.031,36.961,71.087,7.218,1
2025-08-23,R02,30.85,0.205,2.794,31.456,64.918,8.68,1
2025-08-24,R02,27.471,0.3948,9.272,33.86,58.496,8.548,1
2025-08-25,R02,30.418,0.1948,4.397,37.847,37.034,10.348,1
2025-08-26,R02,28.436,0.3053,1.797,34.457,32.953,9.333,1
2025-08-27,R02,28.813,0.4287,4.0,33.943,36.398,8.787,1
2025-08-28,R02,27.02,0.3783,14.931,37.444,52.791,8.977,1
2025-08-29,R02,30.361,0.3129,11.172,32.284,59.48,8.893,1
2025-08-30,R02,30.605,0.262,10.011,36.706,61.952,7.963,1
2025-08-31,R02,29.847,0.3171,7.268,37.361,66.979,9.491,1
2025-09-01,R02,34.598,0.2401,5.874,29.967,51.739,10.655,1
2025-09-02,R02,33.225,0.2281,2.354,30.688,61.264,9.227,1
2025-09-03,R02,30.134,0.4027,8.586,34.542,64.114,7.746,1
2025-09-04,R02,27.743,0.4122,6.268,39.53,24.435,10.938,1
2025-09-05,R02,25.709,0.1982,14.736,42.604,56.336,6.616,1
2025-09-06,R02,31.087,0.2862,5.467,31.23,14.106,9.372,1
2025-09-07,R02,31.05,0.3253,8.171,30.653,61.318,9.794,1
2025-09-08,R02,28.923,0.3628,3.208,35.862,37.331,10.096,1
2025-09-09,R02,29.06,0.2652,8.758,37.613,76.299,5.602,1
2025-09-10,R02,28.292,0.378,5.306,34.207,49.863,7.439,1
2025-09-11,R02,30.651,0.3368,8.064,34.908,50.545,8.778,1
2025-09-12,R02,29.312,0.3075,12.282,28.997,38.267,8.399,1
2025-09-13,R02,29.376,0.3541,1.94,32.507,26.631,9.91,1
2025-09-14,R02,30.135,0.3599,0.929,32.334,38.14,10.436,1
2025-09-15,R02,29.155,0.3045,3.118,35.762,23.251,10.153,1
2025-09-16,R02,24.309,0.3122,23.848,40.59,84.02,6.488,1
2025-09-17,R02,29.076,0.3374,5.896,32.583,33.278,9.252,1
2025-09-18,R02,27.56,0.268,5.309,37.075,39.425,8.99,1
2025-09-19,R02,32.175,0.2593,11.785,35.12,32.902,9.869,1
2025-09-20,R02,29.236,0.271,8.79,37.385,28.538,7.922,1
2025-09-21,R02,30.672,0.2106,3.478,33.197,25.199,10.075,1
2025-09-22,R02,32.075,0.3266,2.088,32.152,52.647,8.988,1
2025-09-23,R02,31.545,0.3443,7.142,35.712,37.022,9.167,1
2025-09-24,R02,28.056,0.3356,18.019,36.845,31.272,9.637,1
2025-09-25,R02,30.135,0.2622,4.296,38.568,42.924,9.9,1
2025-09-26,R02,29.305,0.3161,5.515,29.906,80.963,8.131,1
2025-09-27,R02,26.933,0.3473,1.62,37.49,35.081,9.262,1
2025-09-28,R02,28.69,0.3072,4.272,33.956,19.374,11.235,1
2025-09-29,R02,29.385,0.3132,9.149,31.286,51.453,8.546,1
2025-09-30,R02,26.36,0.4012,5.309,36.596,29.423,9.153,1
2025-10-01,R02,28.649,0.3756,21.551,39.335,42.817,9.657,1
2025-10-02,R02,29.922,0.2418,11.846,29.734,42.668,9.307,1
2025-10-03,R02,30.651,0.4002,9.363,31.682,72.968,9.071,1
2025-10-04,R02,29.434,0.2378,12.315,30.886,61.798,8.859,1
2025-10-05,R02,30.032,0.2329,1.298,33.238,23.619,9.927,1
2025-10-06,R02,29.971,0.2111,7.506,35.472,53.103,7.103,1
2025-10-07,R02,26.861,0.3735,14.274,41.085,45.083,8.383,1
2025-10-08,R02,27.358,0.2197,8.583,33.979,61.708,8.125,1
2025-10-09,R02,29.703,0.2357,14.61,32.799,47.922,9.247,1
2025-10-10,R02,32.773,0.2708,6.485,35.336,53.949,9.563,1
2025-10-11,R02,29.276,0.2944,6.484,36.176,64.705,7.47,1
2025-10-12,R02,31.222,0.3176,1.034,29.785,31.323,9.489,1
2025-10-13,R02,28.016,0.4075,3.413,37.809,26.893,9.363,1
2025-10-14,R02,27.151,0.3922,3.268,38.154,25.123,10.16,1
2025-10-15,R02,25.822,0.2484,2.554,28.73,45.892,7.891,1
2025-10-16,R02,27.287,0.3013,8.253,38.53,79.711,6.718,1
2025-10-17,R02,27.394,0.2856,13.815,33.536,82.015,7.329,1
2025-10-18,R02,32.078,0.0871,10.205,33.961,50.817,9.82,1
2025-10-19,R02,29.11,0.4038,1.646,35.949,14.03,10.931,1
2025-10-20,R02,28.644,0.4562,0.547,31.069,7.39,11.035,1
2025-10-21,R02,27.688,0.3396,5.645,30.799,63.314,7.067,1
2025-10-22,R02,25.874,0.3342,9.971,37.452,59.066,8.626,1
2025-10-23,R02,26.771,0.2434,5.939,40.759,28.741,9.273,1
2025-10-24,R02,25.794,0.4769,17.91,40.089,66.869,7.332,1
2025-10-25,R02,31.01,0.4041,10.121,34.348,60.212,8.386,1
2025-10-26,R02,27.108,0.2509,25.957,43.348,63.974,5.878,1
2025-10-27,R02,28.244,0.2594,4.357,33.221,76.265,7.13,1
2025-10-28,R02,27.651,0.3174,4.244,31.617,52.942,7.231,1
2025-10-29,R02,30.546,0.3767,7.081,37.931,65.257,7.134,1
2025-10-30,R02,29.15,0.3551,18.844,34.935,70.469,8.208,1
2025-10-31,R02,28.791,0.3172,3.25,38.329,52.43,9.463,1
2025-11-01,R02,26.551,0.3915,11.502,33.474,62.176,7.612,1
2025-11-02,R02,31.106,0.2446,20.283,43.953,75.541,7.367,1
2025-11-03,R02,29.99,0.3736,2.675,32.331,33.183,10.197,1
2025-11-04,R02,28.819,0.3255,20.786,40.338,42.392,9.503,1
2025-11-05,R02,29.039,0.2482,29.509,47.671,78.771,8.863,1
2025-11-06,R02,26.889,0.2906,1.911,29.501,48.947,7.435,1
2025-11-07,R02,28.239,0.231,2.025,26.289,29.311,11.775,1
2025-11-08,R02,28.648,0.413,1.169,30.223,51.926,8.926,1
2025-11-09,R02,28.679,0.2793,2.146,28.413,47.655,9.528,1
2025-11-10,R02,27.03,0.2953,5.534,34.085,67.499,7.821,1
2025-11-11,R02,30.213,0.3178,32.234,40.945,49.568,10.196,1
2025-11-12,R02,29.688,0.3508,4.887,39.501,38.491,9.114,1
2025-11-13,R02,30.432,0.2053,1.639,28.198,77.008,8.137,1
2025-11-14,R02,31.206,0.2643,6.83,32.178,36.471,9.234,1
2025-11-15,R02,30.429,0.219,4.767,31.88,18.193,11.28,1
2025-11-16,R02,32.613,0.1787,31.753,41.377,59.024,9.89,1
2025-11-17,R02,33.467,0.1853,13.923,26.563,79.838,9.422,1
2025-11-18,R02,31.022,0.1484,4.488,32.668,61.715,9.694,1
2025-11-19,R02,31.306,0.2693,4.801,33.862,53.102,9.856,1
2025-11-20,R02,29.485,0.2723,5.864,30.528,45.278,9.994,1
2025-11-21,R02,29.248,0.2573,21.885,35.137,65.34,7.436,1
2025-11-22,R02,35.237,0.3121,6.311,32.398,26.808,11.167,1
2025-11-23,R02,34.476,0.2591,1.834,31.232,46.433,10.479,1
2025-11-24,R02,30.628,0.2603,20.001,32.902,35.734,10.899,1
2025-11-25,R02,28.803,0.3654,7.624,33.952,52.562,8.941,1
2025-11-26,R02,28.769,0.3233,8.859,35.266,47.275,8.604,1
2025-11-27,R02,31.503,0.2354,7.903,31.248,58.521,10.254,1
2025-11-28,R02,29.99,0.35,0.88,33.512,47.936,9.381,1
2025-11-29,R02,32.391,0.1895,3.951,29.885,42.699,9.59,1
2025-11-30,R02,33.162,0.2889,0.263,27.169,10.183,11.778,1
2025-12-01,R02,30.767,0.2762,17.519,36.436,61.929,8.113,1
2025-12-02,R02,29.92,0.2005,11.683,37.219,69.616,8.595,1
2025-12-03,R02,31.393,0.2672,11.435,40.575,52.074,9.997,1
2025-12-04,R02,30.762,0.1454,4.816,31.931,40.892,11.683,1
2025-12-05,R02,28.502,0.4158,16.498,41.252,46.497,7.609,1
2025-12-06,R02,30.435,0.2628,4.735,25.803,72.768,8.059,1
2025-12-07,R02,34.156,0.3149,13.735,28.576,94.473,6.012,1
2025-12-08,R02,30.383,0.373,8.095,31.967,24.61,10.908,1
2025-12-09,R02,31.287,0.2282,24.436,36.492,73.794,8.485,1
2025-12-10,R02,30.274,0.2601,2.746,37.117,54.896,8.689,1
2025-12-11,R02,31.633,0.2943,5.45,27.972,59.939,8.295,1
2025-12-12,R02,30.031,0.3132,7.773,41.383,34.077,9.961,1
2025-12-13,R02,30.8,0.2585,3.26,32.558,56.176,9.26,1
2025-12-14,R02,30.517,0.2499,2.289,33.594,36.823,11.084,1
2025-12-15,R02,30.931,0.4202,6.377,31.114,50.911,8.471,1
2025-12-16,R02,31.159,0.2863,0.735,30.373,20.786,9.088,1
2025-12-17,R02,31.556,0.3445,15.204,33.323,58.016,8.764,1
2025-12-18,R02,32.517,0.2308,5.455,31.986,44.251,8.652,1
2025-12-19,R02,31.009,0.257,5.338,34.069,32.651,10.015,1
2025-12-20,R02,30.641,0.3089,4.156,35.004,49.002,9.022,1
2025-12-21,R02,32.698,0.2593,2.006,33.548,39.451,9.817,1
2025-12-22,R02,34.647,0.3671,3.93,30.685,48.129,9.806,1
2025-12-23,R02,32.209,0.3186,1.319,28.244,24.606,9.523,1
2025-12-24,R02,35.515,0.2469,3.596,25.287,16.79,12.143,1
2025-12-25,R02,30.784,0.3608,17.357,36.074,57.231,7.417,1
2025-12-26,R02,30.299,0.277,22.856,32.021,58.36,6.588,1
2025-12-27,R02,33.495,0.354,2.425,29.007,49.009,10.418,1
2025-12-28,R02,35.234,0.2624,7.153,30.936,49.662,11.006,1
2025-12-29,R02,33.543,0.2831,11.478,27.961,81.364,7.679,1
2025-12-30,R02,33.137,0.3698,5.065,32.341,68.227,9.725,1
2025-12-31,R02,32.686,0.2325,5.69,36.052,38.837,10.915,1
2025-01-01,R03,33.438,0.2025,7.561,47.296,24.368,10.998,1
2025-01-02,R03,35.038,0.2679,2.0,51.545,51.595,10.231,1
2025-01-03,R03,31.689,0.203,5.026,49.62,51.408,8.974,1
2025-01-04,R03,37.164,0.0804,23.997,58.471,63.715,9.419,1
2025-01-05,R03,29.284,0.2414,10.857,58.997,40.39,9.381,1
2025-01-06,R03,32.154,0.1645,0.596,48.979,60.17,9.602,1
2025-01-07,R03,33.019,0.2134,7.362,53.514,51.185,9.797,1
2025-01-08,R03,34.508,0.1567,3.69,50.058,44.542,9.993,1
2025-01-09,R03,34.05,0.2359,3.705,50.638,62.571,8.252,1
2025-01-10,R03,31.319,0.3282,2.532,57.315,18.725,11.427,1
2025-01-11,R03,33.63,0.2776,14.927,50.852,64.995,9.067,1
2025-01-12,R03,33.795,0.05,14.503,50.665,55.236,8.6,1
2025-01-13,R03,34.071,0.1867,14.189,56.973,68.859,10.242,1
2025-01-14,R03,32.271,0.154,5.834,51.307,29.21,10.097,1
2025-01-15,R03,32.198,0.2321,1.812,51.76,70.688,6.398,1
2025-01-16,R03,32.168,0.1594,39.497,62.224,68.844,7.983,0
2025-01-17,R03,33.715,0.1495,30.864,57.18,64.734,8.838,1
2025-01-18,R03,32.426,0.2256,2.325,54.975,64.341,9.845,1
2025-01-19,R03,33.061,0.3796,0.839,50.142,16.942,10.786,1
2025-01-20,R03,31.74,0.2505,8.825,56.702,58.884,9.639,1
2025-01-21,R03,31.128,0.2517,1.305,51.19,77.183,8.381,1
2025-01-22,R03,33.532,0.1255,26.536,62.059,61.337,9.678,1
2025-01-23,R03,37.619,0.1114,5.913,55.525,62.208,9.447,1
2025-01-24,R03,33.254,0.0914,26.195,58.299,67.818,9.761,1
2025-01-25,R03,34.985,0.0833,6.133,45.155,22.104,10.449,1
2025-01-26,R03,34.874,0.1805,9.366,48.424,30.513,13.195,1
2025-01-27,R03,34.099,0.2778,22.768,57.326,71.61,9.556,1
2025-01-28,R03,35.267,0.2079,22.532,61.511,63.856,10.02,1
2025-01-29,R03,39.162,0.1105,12.007,48.102,59.844,10.124,1
2025-01-30,R03,34.037,0.2526,25.548,57.492,59.61,8.913,1
2025-01-31,R03,33.289,0.1259,20.91,59.159,68.767,8.525,1
2025-02-01,R03,32.747,0.1603,3.41,50.835,26.487,9.823,1
2025-02-02,R03,35.01,0.2929,4.677,49.019,58.211,9.551,1
2025-02-03,R03,34.153,0.2441,12.747,55.864,38.829,10.101,1
2025-02-04,R03,36.892,0.1668,27.197,53.383,90.037,9.313,1
2025-02-05,R03,37.103,0.1843,1.562,47.629,25.744,11.538,1
2025-02-06,R03,35.952,0.1531,3.689,53.436,23.987,10.928,1
2025-02-07,R03,34.142,0.1244,14.865,57.013,51.274,10.02,1
2025-02-08,R03,38.075,0.2041,2.18,48.735,53.566,8.873,1
2025-02-09,R03,34.169,0.1578,9.843,55.181,57.658,9.294,1
2025-02-10,R03,34.094,0.1044,10.125,48.778,42.759,10.906,1
2025-02-11,R03,35.635,0.0644,9.162,51.527,30.306,10.234,1
2025-02-12,R03,37.313,0.0789,19.792,59.26,37.27,11.045,1
2025-02-13,R03,32.16,0.1563,1.966,51.745,27.053,10.528,1
2025-02-14,R03,35.024,0.1564,17.011,58.645,41.849,10.268,1
2025-02-15,R03,37.37,0.0799,2.976,50.24,71.231,9.383,1
2025-02-16,R03,34.718,0.0963,1.921,49.493,33.114,10.138,1
2025-02-17,R03,32.391,0.233,8.986,53.75,56.86,9.609,1
2025-02-18,R03,33.292,0.1903,10.575,53.312,66.412,8.665,1
2025-02-19,R03,38.472,0.1247,32.032,65.763,42.517,10.815,1
2025-02-20,R03,37.271,0.1932,8.512,50.055,62.251,9.582,1
2025-02-21,R03,35.334,0.1599,27.717,58.639,82.456,9.002,1
2025-02-22,R03,35.673,0.1367,8.354,48.73,53.872,10.42,1
2025-02-23,R03,36.686,0.0541,21.167,56.404,73.254,7.486,1
2025-02-24,R03,35.566,0.1066,9.897,48.317,69.01,10.012,1
2025-02-25,R03,37.763,0.11,25.427,56.777,61.178,9.627,1
2025-02-26,R03,35.99,0.2009,13.313,53.871,33.473,11.144,1
2025-02-27,R03,38.775,0.1334,24.505,56.457,29.744,12.451,1
2025-02-28,R03,33.833,0.1343,11.726,58.293,54.472,10.147,1
2025-03-01,R03,35.908,0.0916,1.347,44.911,46.485,10.085,1
2025-03-02,R03,31.851,0.1293,29.116,58.769,47.325,9.14,1
2025-03-03,R03,33.208,0.1442,12.256,55.794,45.796,9.359,1
2025-03-04,R03,34.972,0.1112,14.896,47.861,63.512,9.789,1
2025-03-05,R03,36.034,0.2027,5.873,49.529,37.823,10.267,1
2025-03-06,R03,34.198,0.1912,0.82,45.793,51.462,9.91,1
2025-03-07,R03,36.526,0.1415,19.25,56.178,56.236,9.79,1
2025-03-08,R03,38.358,0.05,6.854,48.249,28.2,13.22,1
2025-03-09,R03,37.112,0.1327,10.258,51.034,70.833,9.156,1
2025-03-10,R03,41.745,0.05,12.634,48.65,66.267,10.268,1
2025-03-11,R03,33.577,0.1524,18.806,49.599,42.972,10.491,1
2025-03-12,R03,40.099,0.05,11.869,46.39,83.017,9.41,1
2025-03-13,R03,33.529,0.1951,2.164,48.655,50.245,10.084,1
2025-03-14,R03,37.136,0.1264,5.534,44.874,39.147,12.719,1
2025-03-15,R03,35.414,0.0988,1.01,44.773,12.977,12.71,1
2025-03-16,R03,36.541,0.05,4.769,52.894,62.455,10.804,1
2025-03-17,R03,37.848,0.1807,10.191,52.018,73.99,7.819,1
2025-03-18,R03,38.213,0.1033,10.246,46.234,76.331,9.044,1
2025-03-19,R03,38.296,0.05,10.11,53.913,39.037,11.027,1
2025-03-20,R03,37.023,0.142,6.082,45.101,33.391,12.686,1
2025-03-21,R03,36.05,0.3393,7.081,49.473,43.772,9.917,1
2025-03-22,R03,37.955,0.166,3.498,47.953,39.689,11.18,1
2025-03-23,R03,39.095,0.05,3.446,46.285,33.228,11.843,1
2025-03-24,R03,37.545,0.1305,8.398,54.304,55.151,10.68,1
2025-03-25,R03,33.75,0.098,3.147,49.079,52.143,10.155,1
2025-03-26,R03,38.161,0.093,9.327,50.239,43.395,9.822,1
2025-03-27,R03,36.244,0.1115,5.663,49.805,52.061,10.943,1
2025-03-28,R03,40.05,0.1444,10.496,56.802,88.128,9.811,1
2025-03-29,R03,38.103,0.1332,15.285,50.845,60.179,10.156,1
2025-03-30,R03,38.318,0.0539,11.756,49.415,66.355,10.519,1
2025-03-31,R03,35.746,0.2259,25.071,55.247,50.884,11.371,1
2025-04-01,R03,34.691,0.1579,8.907,50.852,44.065,10.325,1
2025-04-02,R03,37.699,0.118,3.879,51.182,37.408,12.855,1
2025-04-03,R03,37.105,0.1296,7.662,52.778,62.145,10.654,1
2025-04-04,R03,34.478,0.2665,14.612,55.459,58.257,9.312,1
2025-04-05,R03,35.918,0.1144,14.509,58.203,39.162,11.449,1
2025-04-06,R03,37.176,0.1704,4.618,52.412,37.182,11.141,1
2025-04-07,R03,37.027,0.1921,13.011,53.106,42.603,10.664,1
2025-04-08,R03,33.938,0.2039,22.53,64.409,42.089,10.231,1
2025-04-09,R03,36.737,0.1267,10.496,52.756,45.011,10.672,1
2025-04-10,R03,37.939,0.1162,5.137,48.931,65.441,9.744,1
2025-04-11,R03,33.478,0.0881,3.937,57.043,21.106,11.902,1
2025-04-12,R03,35.876,0.05,6.12,55.99,40.641,10.907,1
2025-04-13,R03,38.148,0.1377,1.789,44.157,30.542,11.879,1
2025-04-14,R03,35.74,0.0828,2.756,48.303,32.607,10.825,1
2025-04-15,R03,39.826,0.1278,5.364,45.45,47.071,11.244,1
2025-04-16,R03,38.086,0.1247,12.724,54.132,49.505,10.643,1
2025-04-17,R03,36.551,0.2074,8.401,54.114,44.958,12.733,1
2025-04-18,R03,32.839,0.1869,12.534,52.005,67.132,8.867,1
2025-04-19,R03,38.286,0.2155,2.086,42.365,18.796,12.261,1
2025-04-20,R03,37.7,0.1327,7.64,51.226,51.289,10.089,1
2025-04-21,R03,35.491,0.1952,17.93,50.705,47.886,10.185,1
2025-04-22,R03,37.072,0.1318,2.9,49.94,31.296,11.958,1
2025-04-23,R03,37.997,0.0718,0.401,54.378,24.465,12.326,1
2025-04-24,R03,35.288,0.1419,2.077,51.482,56.911,11.037,1
2025-04-25,R03,39.262,0.0891,8.833,45.809,30.238,11.395,1
2025-04-26,R03,37.52,0.18,12.321,50.069,35.115,8.853,1
2025-04-27,R03,38.336,0.0938,4.453,48.6,49.097,11.352,1
2025-04-28,R03,35.33,0.1108,5.814,47.388,64.386,8.826,1
2025-04-29,R03,36.67,0.0816,11.671,50.102,57.705,9.53,1
2025-04-30,R03,37.806,0.1061,17.797,51.016,80.258,9.547,1
2025-05-01,R03,40.253,0.1087,5.01,48.542,49.986,11.164,1
2025-05-02,R03,35.544,0.1413,1.925,52.18,42.826,10.434,1
2025-05-03,R03,36.361,0.1191,15.924,49.917,67.211,10.244,1
2025-05-04,R03,38.754,0.1367,2.807,51.596,50.962,10.975,1
2025-05-05,R03,31.74,0.1841,20.525,58.685,53.015,9.109,1
2025-05-06,R03,35.878,0.0913,5.521,49.56,56.448,9.94,1
2025-05-07,R03,38.01,0.0809,7.735,51.89,50.41,11.457,1
2025-05-08,R03,36.157,0.0886,6.672,52.024,54.895,10.758,1
2025-05-09,R03,35.305,0.2427,12.782,55.052,40.476,10.176,1
2025-05-10,R03,32.974,0.22,18.857,57.552,84.02,7.961,1
2025-05-11,R03,34.753,0.1849,13.93,50.217,62.623,9.728,1
2025-05-12,R03,33.314,0.1923,7.085,54.769,54.233,9.606,1
2025-05-13,R03,35.212,0.1596,9.27,51.71,52.585,10.186,1
2025-05-14,R03,36.735,0.05,29.537,57.839,62.971,10.663,1
2025-05-15,R03,35.397,0.1111,4.027,54.49,17.596,11.151,1
2025-05-16,R03,33.861,0.1612,28.593,62.034,63.7,8.046,1
2025-05-17,R03,35.372,0.0921,20.494,54.594,91.182,6.446,1
2025-05-18,R03,34.776,0.1264,10.236,50.011,59.211,9.954,1
2025-05-19,R03,36.367,0.1023,33.252,58.481,67.77,8.09,1
2025-05-20,R03,35.084,0.2141,21.844,56.02,68.073,9.347,1
2025-05-21,R03,35.789,0.1558,3.916,51.932,40.821,11.12,1
2025-05-22,R03,37.824,0.0561,4.686,44.741,59.716,9.303,1
2025-05-23,R03,38.234,0.1809,21.535,50.513,54.067,10.693,1
2025-05-24,R03,34.994,0.0956,0.814,53.428,33.669,11.27,1
2025-05-25,R03,35.442,0.256,9.659,53.122,50.864,11.32,1
2025-05-26,R03,36.58,0.1015,6.027,49.595,57.119,10.499,1
2025-05-27,R03,32.551,0.171,14.575,63.395,60.007,9.726,1
2025-05-28,R03,35.354,0.2116,7.621,50.312,56.338,10.586,1
2025-05-29,R03,32.052,0.1981,1.422,52.929,33.294,9.107,1
2025-05-30,R03,32.84,0.1845,10.543,53.877,63.81,9.324,1
2025-05-31,R03,36.99,0.2689,43.358,61.803,85.781,6.761,1
2025-06-01,R03,35.598,0.2338,2.592,52.152,59.651,8.572,1
2025-06-02,R03,32.706,0.05,19.762,57.699,63.528,9.172,1
2025-06-03,R03,32.153,0.1724,18.752,53.033,43.234,9.847,1
2025-06-04,R03,36.476,0.0875,2.833,46.062,68.438,8.756,1
2025-06-05,R03,34.172,0.1412,16.842,53.557,67.738,9.478,1
2025-06-06,R03,35.126,0.1974,12.348,56.342,94.192,8.345,1
2025-06-07,R03,32.499,0.1058,27.108,56.077,41.915,10.037,1
2025-06-08,R03,33.321,0.1641,6.6,53.435,58.767,9.542,1
2025-06-09,R03,33.678,0.1341,10.364,56.913,88.235,9.225,1
2025-06-10,R03,35.1,0.05,6.49,45.823,56.619,9.883,1
2025-06-11,R03,32.745,0.1661,6.865,48.983,52.731,7.858,1
2025-06-12,R03,36.074,0.1915,11.102,50.648,48.281,10.729,1
2025-06-13,R03,33.709,0.1847,6.729,53.072,59.651,10.842,1
2025-06-14,R03,30.677,0.2699,13.768,53.691,26.02,9.272,1
2025-06-15,R03,33.696,0.05,7.408,57.092,37.547,10.627,1
2025-06-16,R03,34.509,0.2808,17.739,57.361,85.821,7.959,1
2025-06-17,R03,35.406,0.1207,3.654,48.616,62.545,9.313,1
2025-06-18,R03,33.317,0.1411,16.945,59.17,61.439,9.546,1
2025-06-19,R03,31.68,0.243,15.117,60.402,55.694,10.012,1
2025-06-20,R03,28.99,0.1758,1.247,52.203,50.845,8.201,1
2025-06-21,R03,33.592,0.1799,11.958,60.365,81.884,7.701,1
2025-06-22,R03,32.589,0.1485,19.275,54.563,66.144,8.492,1
2025-06-23,R03,31.181,0.1327,7.52,54.797,51.697,9.081,1
2025-06-24,R03,30.225,0.2017,10.079,60.425,58.966,8.371,1
2025-06-25,R03,33.386,0.3266,18.664,49.584,76.26,7.627,1
2025-06-26,R03,34.45,0.1161,7.975,52.161,31.558,11.461,1
2025-06-27,R03,34.74,0.1741,7.613,50.186,54.089,10.141,1
2025-06-28,R03,30.791,0.2262,7.926,54.813,43.208,9.913,1
2025-06-29,R03,33.657,0.1365,20.944,54.635,65.986,8.043,1
2025-06-30,R03,35.101,0.1955,19.402,55.868,75.278,7.011,1
2025-07-01,R03,34.811,0.1979,3.555,53.619,36.896,9.552,1
2025-07-02,R03,28.812,0.2503,3.383,52.815,47.496,9.579,1
2025-07-03,R03,33.85,0.2174,12.392,49.074,70.147,9.546,1
2025-07-04,R03,32.006,0.1213,23.467,64.634,71.254,8.026,1
2025-07-05,R03,31.628,0.1075,7.109,59.257,65.882,7.91,1
2025-07-06,R03,31.021,0.1354,6.79,54.631,68.58,8.295,1
2025-07-07,R03,31.878,0.2241,7.412,53.116,57.497,9.262,1
2025-07-08,R03,31.736,0.2314,5.098,50.717,37.46,7.832,1
2025-07-09,R03,31.048,0.322,3.926,50.965,58.396,8.375,1
2025-07-10,R03,31.739,0.1494,9.119,52.975,57.351,9.621,1
2025-07-11,R03,29.806,0.2304,7.046,50.331,54.422,9.469,1
2025-07-12,R03,30.945,0.3249,0.545,51.835,25.765,10.709,1
2025-07-13,R03,27.406,0.2898,8.862,58.335,53.595,9.332,1
2025-07-14,R03,32.046,0.1918,5.697,56.556,44.656,11.0,1
2025-07-15,R03,29.765,0.2025,16.163,58.678,50.475,9.948,1
2025-07-16,R03,27.019,0.2966,1.471,49.819,23.795,10.503,1
2025-07-17,R03,35.826,0.146,2.554,52.635,31.424,11.949,1
2025-07-18,R03,30.513,0.1488,1.248,47.938,64.177,8.732,1
2025-07-19,R03,33.149,0.1981,5.81,50.698,58.124,11.333,1
2025-07-20,R03,27.482,0.2847,0.711,57.463,55.223,8.738,1
2025-07-21,R03,30.518,0.22,5.015,55.306,44.126,8.84,1
2025-07-22,R03,29.389,0.1849,18.431,60.832,53.504,8.945,1
2025-07-23,R03,33.028,0.2616,5.239,50.321,71.459,7.935,1
2025-07-24,R03,31.915,0.2504,7.553,47.955,27.978,10.36,1
2025-07-25,R03,31.037,0.1538,7.261,50.373,60.933,7.98,1
2025-07-26,R03,30.761,0.1995,6.315,57.949,42.716,8.914,1
2025-07-27,R03,30.441,0.1749,5.804,53.378,49.233,9.84,1
2025-07-28,R03,30.993,0.1207,2.181,48.879,62.076,8.664,1
2025-07-29,R03,27.836,0.1798,17.655,57.986,76.506,7.247,1
2025-07-30,R03,33.391,0.1267,18.936,56.51,72.605,8.086,1
2025-07-31,R03,29.176,0.0935,1.316,49.994,37.256,9.486,1
2025-08-01,R03,30.259,0.177,10.263,54.686,41.732,8.751,1
2025-08-02,R03,31.551,0.2771,4.5,52.58,66.207,8.291,1
2025-08-03,R03,29.204,0.2302,5.552,56.874,51.887,9.152,1
2025-08-04,R03,27.494,0.2683,16.868,55.626,59.533,8.78,1
2025-08-05,R03,28.05,0.2834,18.988,62.264,50.915,9.111,1
2025-08-06,R03,27.629,0.1652,8.67,56.009,63.06,8.259,1
2025-08-07,R03,32.615,0.2481,5.4,50.132,68.297,8.009,1
2025-08-08,R03,31.193,0.1726,11.527,58.417,79.767,7.859,1
2025-08-09,R03,27.372,0.2185,25.59,59.078,75.02,7.822,1
2025-08-10,R03,28.679,0.204,15.756,63.439,58.571,9.574,1
2025-08-11,R03,30.481,0.2853,11.473,54.587,34.634,8.877,1
2025-08-12,R03,32.744,0.1166,1.526,52.538,35.393,10.891,1
2025-08-13,R03,27.657,0.2797,24.405,62.331,54.255,8.158,1
2025-08-14,R03,30.768,0.2303,5.218,47.724,65.001,9.602,1
2025-08-15,R03,26.853,0.1931,6.488,53.664,65.911,7.083,1
2025-08-16,R03,27.978,0.2335,5.179,54.05,85.205,7.407,1
2025-08-17,R03,30.656,0.1671,2.937,53.034,46.148,9.737,1
2025-08-18,R03,28.31,0.2232,17.718,60.303,71.222,8.167,1
2025-08-19,R03,29.25,0.1274,14.024,58.782,42.426,8.651,1
2025-08-20,R03,29.047,0.1638,2.592,50.088,52.034,6.824,1
2025-08-21,R03,31.003,0.2168,3.681,51.672,57.474,8.782,1
2025-08-22,R03,26.997,0.3133,2.069,55.947,49.81,7.403,1
2025-08-23,R03,26.017,0.2661,3.41,51.735,24.714,8.611,1
2025-08-24,R03,28.278,0.1153,9.133,55.016,80.034,6.317,1
2025-08-25,R03,29.722,0.2112,14.643,51.567,67.314,7.018,1
2025-08-26,R03,28.195,0.2008,10.519,53.035,75.615,8.205,1
2025-08-27,R03,27.349,0.3699,4.817,52.636,45.043,9.236,1
2025-08-28,R03,29.814,0.2297,4.885,53.504,21.397,10.568,1
2025-08-29,R03,27.266,0.2029,9.573,54.955,45.306,8.261,1
2025-08-30,R03,27.257,0.051,20.422,52.744,60.343,8.03,1
2025-08-31,R03,28.467,0.1342,10.173,52.408,87.709,7.049,1
2025-09-01,R03,24.999,0.3071,2.352,50.736,39.119,7.811,1
2025-09-02,R03,28.809,0.2025,8.143,53.316,42.114,8.855,1
2025-09-03,R03,24.772,0.2481,5.973,54.735,32.095,8.935,1
2025-09-04,R03,27.189,0.2463,2.221,52.07,39.398,8.214,1
2025-09-05,R03,28.282,0.2786,5.113,58.748,35.823,9.212,1
2025-09-06,R03,27.075,0.2733,19.197,60.42,80.724,5.097,0
2025-09-07,R03,23.367,0.1937,12.245,56.05,42.266,6.788,1
2025-09-08,R03,27.224,0.2595,6.715,56.758,47.719,8.833,1
2025-09-09,R03,27.675,0.2426,8.211,59.149,57.77,8.859,1
2025-09-10,R03,26.555,0.2685,5.025,52.689,68.649,7.551,1
2025-09-11,R03,25.934,0.1157,4.389,53.033,46.731,7.113,1
2025-09-12,R03,28.703,0.2927,2.957,48.905,57.188,7.874,1
2025-09-13,R03,28.989,0.1615,0.401,55.457,42.461,10.211,1
2025-09-14,R03,27.039,0.2272,2.775,45.681,38.179,9.617,1
2025-09-15,R03,27.62,0.2061,10.195,58.868,36.3,9.971,1
2025-09-16,R03,24.963,0.2199,3.296,54.173,52.091,7.91,1
2025-09-17,R03,28.317,0.1217,12.069,52.714,52.243,10.942,1
2025-09-18,R03,25.802,0.2516,5.279,56.458,76.604,7.022,1
2025-09-19,R03,27.003,0.1268,8.667,55.901,40.99,9.069,1
2025-09-20,R03,29.441,0.3085,13.789,50.632,62.192,8.203,1
2025-09-21,R03,29.046,0.226,1.477,46.016,31.432,10.268,1
2025-09-22,R03,31.416,0.1412,21.763,56.898,50.67,10.092,1
2025-09-23,R03,27.894,0.2454,25.252,61.284,55.796,8.595,1
2025-09-24,R03,28.27,0.3135,2.519,53.997,52.631,9.976,1
2025-09-25,R03,28.434,0.2675,7.463,56.197,60.066,7.78,1
2025-09-26,R03,28.265,0.2153,9.146,58.762,51.862,9.101,1
2025-09-27,R03,29.225,0.1966,3.142,53.586,74.032,7.071,1
2025-09-28,R03,27.794,0.3263,12.328,52.336,51.978,7.243,1
2025-09-29,R03,29.26,0.2748,9.036,46.931,41.062,9.816,1
2025-09-30,R03,30.662,0.2216,6.705,48.718,43.082,8.932,1
2025-10-01,R03,28.043,0.3447,14.45,61.511,89.501,8.86,1
2025-10-02,R03,27.022,0.3021,22.111,59.126,77.439,6.932,1
2025-10-03,R03,26.824,0.3164,2.418,54.866,36.567,9.609,1
2025-10-04,R03,29.916,0.2888,7.232,57.424,62.16,8.676,1
2025-10-05,R03,31.501,0.2945,10.457,54.269,44.042,8.633,1
2025-10-06,R03,28.481,0.1865,7.642,49.857,24.796,8.828,1
2025-10-07,R03,27.365,0.3938,9.564,54.663,57.812,7.9,1
2025-10-08,R03,26.101,0.2992,2.279,52.702,34.022,9.908,1
2025-10-09,R03,27.862,0.1172,2.957,53.119,62.513,8.215,1
2025-10-10,R03,28.42,0.2822,1.838,55.312,49.971,9.583,1
2025-10-11,R03,27.549,0.1747,5.956,59.262,49.197,7.7,1
2025-10-12,R03,25.199,0.2517,8.03,51.398,60.289,7.035,1
2025-10-13,R03,32.63,0.2186,0.837,53.553,46.128,10.163,1
2025-10-14,R03,27.926,0.2111,1.298,55.265,39.861,7.751,1
2025-10-15,R03,28.92,0.3807,1.884,52.136,57.37,9.038,1
2025-10-16,R03,27.478,0.3388,5.368,55.637,40.026,9.304,1
2025-10-17,R03,27.44,0.3272,24.954,60.802,58.059,9.216,1
2025-10-18,R03,27.565,0.1901,4.813,55.664,54.763,5.723,1
2025-10-19,R03,28.406,0.1707,6.12,55.714,63.587,8.069,1
2025-10-20,R03,29.747,0.26,11.424,55.701,68.288,7.017,1
2025-10-21,R03,28.427,0.2128,4.051,51.706,43.899,9.702,1
2025-10-22,R03,28.613,0.3629,5.633,54.755,42.061,8.753,1
2025-10-23,R03,28.296,0.1875,6.091,57.553,51.987,7.422,1
2025-10-24,R03,27.361,0.2375,4.071,54.649,59.799,7.275,1
2025-10-25,R03,29.241,0.1508,12.336,56.564,54.067,8.732,1
2025-10-26,R03,29.403,0.2,11.705,55.738,73.731,8.917,1
2025-10-27,R03,25.615,0.2636,13.2,55.598,67.276,8.074,1
2025-10-28,R03,27.737,0.3319,0.599,55.242,49.289,8.485,1
2025-10-29,R03,29.322,0.1707,6.181,51.734,55.083,9.568,1
2025-10-30,R03,29.215,0.2007,2.885,48.066,100,6.356,1
2025-10-31,R03,27.268,0.2099,11.16,52.742,35.95,8.688,1
2025-11-01,R03,28.44,0.2667,7.68,60.392,81.842,7.415,1
2025-11-02,R03,29.496,0.1557,2.711,50.341,45.652,8.692,1
2025-11-03,R03,27.487,0.2337,7.624,52.612,45.36,9.986,1
2025-11-04,R03,28.009,0.229,9.442,57.657,71.178,7.839,1
2025-11-05,R03,27.384,0.1833,6.068,48.596,56.928,10.0,1
2025-11-06,R03,30.063,0.2135,3.359,45.986,36.175,9.591,1
2025-11-07,R03,28.382,0.2299,9.96,52.442,58.913,9.879,1
2025-11-08,R03,30.432,0.1608,36.385,63.853,61.323,7.93,0
2025-11-09,R03,31.656,0.2127,50.332,67.329,58.733,10.203,1
2025-11-10,R03,21.581,0.31,8.452,64.799,64.928,6.008,0
2025-11-11,R03,31.091,0.1937,8.046,53.867,46.374,8.008,1
2025-11-12,R03,27.953,0.313,0.379,49.695,17.922,11.02,1
2025-11-13,R03,31.454,0.2265,2.924,57.47,58.814,8.516,1
2025-11-14,R03,27.756,0.2044,0.442,51.762,61.522,7.216,1
2025-11-15,R03,24.674,0.2296,3.367,57.44,17.691,8.782,1
2025-11-16,R03,27.859,0.2333,0.876,49.904,68.006,6.788,1
2025-11-17,R03,29.395,0.2393,11.28,56.726,58.078,7.806,1
2025-11-18,R03,30.784,0.2486,12.505,60.016,46.357,9.038,1
2025-11-19,R03,30.23,0.2737,3.171,56.466,26.637,10.756,1
2025-11-20,R03,31.077,0.1826,2.038,54.972,33.078,12.028,1
2025-11-21,R03,28.337,0.1612,20.83,65.805,48.148,8.399,1
2025-11-22,R03,29.703,0.2722,2.62,53.274,51.285,9.436,1
2025-11-23,R03,33.35,0.1454,8.792,54.205,47.388,8.536,1
2025-11-24,R03,27.159,0.2889,5.292,53.11,73.603,8.949,1
2025-11-25,R03,31.444,0.2175,1.73,51.078,44.792,9.427,1
2025-11-26,R03,29.426,0.3009,6.092,55.217,46.375,9.955,1
2025-11-27,R03,33.294,0.152,1.493,50.113,61.89,9.177,1
2025-11-28,R03,28.762,0.1885,1.32,62.863,65.257,7.249,1
2025-11-29,R03,33.001,0.2341,9.061,52.305,55.924,9.588,1
2025-11-30,R03,28.509,0.1888,4.301,50.738,31.66,10.707,1
2025-12-01,R03,29.589,0.2118,17.006,53.964,71.049,8.45,1
2025-12-02,R03,31.284,0.1892,3.35,49.849,38.094,10.885,1
2025-12-03,R03,30.939,0.1066,6.579,56.136,32.125,12.866,1
2025-12-04,R03,31.721,0.1923,16.602,56.848,65.113,9.104,1
2025-12-05,R03,31.255,0.1906,1.436,48.863,43.793,10.262,1
2025-12-06,R03,29.752,0.3225,3.935,48.347,28.631,11.378,1
2025-12-07,R03,33.435,0.1304,24.047,58.143,68.93,8.44,1
2025-12-08,R03,27.403,0.2375,7.583,57.594,52.654,8.4,1
2025-12-09,R03,29.268,0.3078,8.158,57.626,55.459,9.44,1
2025-12-10,R03,29.572,0.1995,8.288,54.499,41.967,9.46,1
2025-12-11,R03,34.207,0.1424,3.333,47.744,64.782,10.334,1
2025-12-12,R03,30.434,0.2839,3.97,55.91,14.671,11.347,1
2025-12-13,R03,28.646,0.2212,6.441,54.511,40.284,8.652,1
2025-12-14,R03,31.79,0.1593,14.822,53.939,73.573,7.415,1
2025-12-15,R03,29.588,0.1586,8.21,51.93,46.144,9.57,1
2025-12-16,R03,31.977,0.1374,6.107,51.899,64.447,9.646,1
2025-12-17,R03,30.395,0.1647,17.202,55.996,54.236,9.407,1
2025-12-18,R03,28.975,0.2097,24.481,59.699,68.004,7.695,1
2025-12-19,R03,31.986,0.2434,5.041,46.57,35.682,10.212,1
2025-12-20,R03,34.88,0.2861,2.431,49.361,44.952,12.052,1
2025-12-21,R03,30.571,0.2576,4.421,57.063,58.063,8.453,1
2025-12-22,R03,32.963,0.2093,7.038,57.561,43.132,8.063,1
2025-12-23,R03,34.35,0.1391,1.732,47.876,50.3,9.29,1
2025-12-24,R03,33.081,0.0858,11.592,51.017,60.645,9.727,1
2025-12-25,R03,33.254,0.1611,11.039,52.583,68.376,7.592,1
2025-12-26,R03,31.752,0.2509,31.339,62.197,48.909,10.181,1
2025-12-27,R03,34.492,0.1599,4.852,50.776,49.004,9.836,1
2025-12-28,R03,30.477,0.1894,32.46,65.209,59.138,9.096,1
2025-12-29,R03,27.654,0.3389,14.995,62.605,82.893,7.886,1
2025-12-30,R03,33.514,0.2124,7.541,47.999,41.319,11.301,1
2025-12-31,R03,32.218,0.2026,17.647,59.508,88.69,6.608,1
2025-01-01,R04,21.001,0.8814,3.963,52.519,54.733,6.716,0
2025-01-02,R04,19.125,0.7723,11.937,48.128,85.088,5.109,0
2025-01-03,R04,20.478,0.7723,9.827,57.551,47.322,7.569,0
2025-01-04,R04,22.047,0.8464,7.494,51.328,32.422,7.811,1
2025-01-05,R04,22.471,0.81,9.841,55.808,48.273,7.654,0
2025-01-06,R04,21.76,0.7846,7.434,51.858,81.03,4.378,0
2025-01-07,R04,23.927,0.8023,9.156,51.865,71.66,8.24,1
2025-01-08,R04,21.755,0.7715,25.027,56.643,80.271,5.394,0
2025-01-09,R04,22.267,0.8951,15.709,61.38,66.03,7.214,0
2025-01-10,R04,19.039,0.7963,17.751,61.569,57.485,6.594,0
2025-01-11,R04,21.347,0.8443,1.793,57.898,46.121,7.149,0
2025-01-12,R04,19.934,0.7951,24.635,57.832,46.096,6.637,0
2025-01-13,R04,20.427,0.8925,2.107,48.996,56.659,7.175,1
2025-01-14,R04,20.183,0.7671,8.618,55.214,58.522,7.117,0
2025-01-15,R04,24.972,0.7101,8.324,52.53,57.306,8.275,1
2025-01-16,R04,22.834,0.7672,5.836,53.002,78.272,5.982,1
2025-01-17,R04,21.993,0.7815,16.272,56.468,53.234,8.021,0
2025-01-18,R04,23.989,0.8161,4.663,51.101,63.463,8.406,1
2025-01-19,R04,25.129,0.8916,8.522,52.988,47.13,8.352,1
2025-01-20,R04,24.555,0.7843,5.876,52.99,79.819,6.464,1
2025-01-21,R04,24.34,0.7501,18.061,52.941,47.161,7.577,0
2025-01-22,R04,24.796,0.7002,6.352,52.461,43.575,8.886,1
2025-01-23,R04,22.557,0.765,5.08,53.802,47.549,8.079,0
2025-01-24,R04,24.817,0.7804,8.68,51.93,33.248,6.513,1
2025-01-25,R04,23.906,0.7731,1.3,56.634,14.885,9.064,1
2025-01-26,R04,24.196,0.7454,4.735,52.791,60.269,6.83,1
2025-01-27,R04,24.113,0.6601,0.825,50.674,14.92,8.328,1
2025-01-28,R04,23.207,0.7707,4.485,47.315,71.315,7.694,1
2025-01-29,R04,21.386,0.7052,4.108,50.409,18.856,8.389,1
2025-01-30,R04,25.43,0.7019,33.093,57.989,65.773,7.623,0
2025-01-31,R04,18.905,0.8107,4.804,51.826,64.783,7.707,1
2025-02-01,R04,21.791,0.7562,5.848,53.707,39.335,7.112,0
2025-02-02,R04,22.582,0.6699,3.775,51.63,22.128,9.485,1
2025-02-03,R04,23.282,0.741,18.838,56.028,76.522,6.327,0
2025-02-04,R04,26.501,0.7395,14.203,47.983,33.114,10.081,1
2025-02-05,R04,23.478,0.7967,17.656,58.894,80.111,6.337,0
2025-02-06,R04,25.857,0.7285,6.87,53.058,30.325,8.293,1
2025-02-07,R04,22.576,0.8305,7.322,55.318,44.923,7.167,0
2025-02-08,R04,20.415,0.8657,13.08,60.386,59.827,6.293,0
2025-02-09,R04,26.881,0.8478,9.849,49.897,65.597,7.562,1
2025-02-10,R04,24.914,0.7768,1.573,50.788,27.628,10.866,1
2025-02-11,R04,23.319,0.7632,3.438,54.235,39.899,8.346,1
2025-02-12,R04,25.546,0.8164,11.72,55.272,58.327,7.345,0
2025-02-13,R04,26.115,0.8237,1.545,50.032,58.524,8.212,1
2025-02-14,R04,25.688,0.6845,2.436,48.915,53.139,8.769,1
2025-02-15,R04,23.139,0.7602,13.08,52.104,52.383,7.703,1
2025-02-16,R04,21.666,0.8009,1.103,58.355,29.802,8.116,1
2025-02-17,R04,25.37,0.7085,6.459,49.477,40.502,6.631,1
2025-02-18,R04,24.435,0.7785,4.178,50.89,52.822,7.921,1
2025-02-19,R04,25.581,0.6635,16.93,58.879,67.825,7.242,0
2025-02-20,R04,26.185,0.7834,13.447,59.173,23.829,9.282,1
2025-02-21,R04,22.213,0.7879,4.094,50.698,60.458,7.141,1
2025-02-22,R04,21.052,0.7288,10.834,51.811,37.914,7.931,1
2025-02-23,R04,23.135,0.718,3.711,54.517,75.021,7.18,1
2025-02-24,R04,25.389,0.676,5.369,48.325,51.076,8.876,1
2025-02-25,R04,29.385,0.7366,9.389,47.907,36.834,10.098,1
2025-02-26,R04,25.162,0.7148,3.087,48.909,37.956,8.611,1
2025-02-27,R04,26.052,0.8235,1.958,55.182,33.196,8.252,1
2025-02-28,R04,24.724,0.769,30.056,60.356,38.625,8.663,0
2025-03-01,R04,25.547,0.8066,0.617,46.886,63.382,8.768,1
2025-03-02,R04,25.296,0.7805,6.165,51.117,48.337,7.839,1
2025-03-03,R04,26.619,0.8669,2.145,43.672,30.495,9.375,1
2025-03-04,R04,28.201,0.7745,6.465,48.163,38.344,10.386,1
2025-03-05,R04,24.621,0.7203,13.15,54.978,49.308,8.051,0
2025-03-06,R04,24.081,0.6688,4.077,43.937,66.175,7.27,1
2025-03-07,R04,24.352,0.6944,14.301,55.361,56.372,8.509,0
2025-03-08,R04,25.002,0.7328,21.995,55.701,61.306,7.613,0
2025-03-09,R04,24.307,0.7223,8.074,54.815,60.693,7.503,1
2025-03-10,R04,23.634,0.7707,11.338,51.308,65.238,6.537,0
2025-03-11,R04,23.985,0.7877,3.28,45.797,39.875,7.994,1
2025-03-12,R04,27.113,0.6064,4.679,52.418,47.075,8.377,1
2025-03-13,R04,23.79,0.8122,7.679,55.214,54.73,6.332,0
2025-03-14,R04,21.069,0.7617,3.496,52.936,39.15,8.984,1
2025-03-15,R04,25.783,0.7319,9.966,50.428,49.473,8.344,1
2025-03-16,R04,26.39,0.7891,12.731,52.057,65.82,7.465,1
2025-03-17,R04,24.426,0.7826,14.793,51.645,59.651,7.246,0
2025-03-18,R04,24.262,0.8244,3.145,52.363,64.801,6.943,1
2025-03-19,R04,23.147,0.6905,1.256,51.277,44.956,5.949,1
2025-03-20,R04,28.331,0.7396,5.455,52.131,50.573,9.195,1
2025-03-21,R04,22.385,0.746,2.931,48.321,28.973,9.068,1
2025-03-22,R04,24.314,0.8767,4.905,52.04,71.997,6.51,1
2025-03-23,R04,25.353,0.718,14.846,50.008,33.165,8.878,1
2025-03-24,R04,25.583,0.7656,15.773,54.18,65.288,5.122,0
2025-03-25,R04,24.409,0.7974,11.097,56.758,47.816,7.243,0
2025-03-26,R04,21.997,0.7634,5.246,53.522,20.152,9.644,1
2025-03-27,R04,24.095,0.7011,9.443,51.83,72.251,6.49,1
2025-03-28,R04,26.399,0.7021,18.239,51.331,64.232,7.982,1
2025-03-29,R04,24.353,0.6275,8.157,51.425,43.419,8.036,1
2025-03-30,R04,23.968,0.7232,12.844,49.62,46.196,8.399,1
2025-03-31,R04,24.408,0.6841,7.331,50.055,52.772,7.498,1
2025-04-01,R04,28.583,0.7678,4.196,40.822,64.567,8.684,1
2025-04-02,R04,24.093,0.8591,7.853,46.761,50.749,7.942,1
2025-04-03,R04,26.608,0.8012,2.831,52.94,28.179,9.195,1
2025-04-04,R04,24.368,0.8459,5.979,50.221,29.552,8.339,1
2025-04-05,R04,23.695,0.7528,25.637,59.044,54.076,7.853,0
2025-04-06,R04,23.94,0.6906,4.003,50.557,55.587,7.153,1
2025-04-07,R04,26.1,0.8122,6.291,52.956,36.125,9.846,1
2025-04-08,R04,23.209,0.6937,3.304,48.501,36.001,8.169,1
2025-04-09,R04,24.139,0.7663,0.884,45.057,30.347,9.41,1
2025-04-10,R04,27.415,0.8087,8.46,52.178,36.374,10.226,1
2025-04-11,R04,25.3,0.7386,24.392,53.666,73.663,6.856,0
2025-04-12,R04,30.85,0.76,7.74,46.1,49.197,8.51,1
2025-04-13,R04,29.217,0.6779,12.063,50.886,85.742,6.44,1
2025-04-14,R04,26.844,0.7189,4.805,50.121,57.815,7.941,1
2025-04-15,R04,22.467,0.7962,11.848,54.091,34.477,8.975,1
2025-04-16,R04,25.543,0.7342,1.293,51.391,70.069,6.875,1
2025-04-17,R04,24.308,0.7436,11.682,55.341,19.417,10.842,1
2025-04-18,R04,26.559,0.7076,6.872,49.211,44.532,6.938,1
2025-04-19,R04,26.759,0.8,4.278,47.363,73.316,6.521,1
2025-04-20,R04,24.461,0.7256,10.983,50.434,74.701,5.742,0
2025-04-21,R04,25.201,0.7657,10.242,50.72,50.169,7.556,1
2025-04-22,R04,28.414,0.7786,14.706,52.217,53.653,9.096,1
2025-04-23,R04,24.384,0.7636,6.042,46.623,37.928,8.817,1
2025-04-24,R04,28.545,0.6633,4.659,48.587,54.735,8.399,1
2025-04-25,R04,25.019,0.7897,1.811,45.699,19.886,8.461,1
2025-04-26,R04,24.689,0.6912,5.059,55.676,43.748,9.714,1
2025-04-27,R04,28.212,0.6962,37.962,62.368,77.338,9.098,0
2025-04-28,R04,27.222,0.7854,12.219,56.387,61.6,6.797,0
2025-04-29,R04,26.858,0.7948,10.25,46.226,49.479,7.274,1
2025-04-30,R04,23.379,0.7025,34.292,61.254,72.341,5.992,0
2025-05-01,R04,27.008,0.7059,3.24,42.485,18.723,11.838,1
2025-05-02,R04,24.176,0.737,4.929,54.799,54.838,7.564,1
2025-05-03,R04,25.292,0.839,2.324,53.74,41.904,8.416,1
2025-05-04,R04,23.442,0.7707,7.051,52.789,53.662,7.579,1
2025-05-05,R04,27.542,0.7112,30.224,54.65,88.471,6.323,0
2025-05-06,R04,26.795,0.7818,10.685,51.248,46.591,9.085,1
2025-05-07,R04,23.65,0.8649,6.92,42.432,48.898,7.987,1
2025-05-08,R04,26.789,0.7776,6.889,46.756,51.957,7.594,1
2025-05-09,R04,24.456,0.6738,9.115,53.363,88.241,4.968,0
2025-05-10,R04,25.648,0.7942,9.465,53.991,87.573,5.924,0
2025-05-11,R04,22.078,0.731,5.798,57.485,42.237,8.215,1
2025-05-12,R04,24.473,0.7043,15.869,54.187,64.258,8.823,1
2025-05-13,R04,26.477,0.7976,7.17,46.233,80.867,6.566,1
2025-05-14,R04,22.374,0.8421,10.789,48.305,55.084,7.27,1
2025-05-15,R04,24.583,0.7611,16.655,55.617,47.125,6.382,1
2025-05-16,R04,26.742,0.854,0.76,47.684,58.299,8.466,1
2025-05-17,R04,24.075,0.7686,2.109,56.128,43.23,7.644,1
2025-05-18,R04,24.045,0.7423,3.506,51.126,31.112,8.191,1
2025-05-19,R04,24.358,0.728,5.38,47.271,69.073,6.942,1
2025-05-20,R04,21.805,0.7716,17.383,55.107,71.137,6.152,0
2025-05-21,R04,21.209,0.754,10.558,57.356,41.173,8.68,1
2025-05-22,R04,22.163,0.831,7.144,52.8,48.572,6.674,1
2025-05-23,R04,26.047,0.7697,6.425,44.532,38.854,10.353,1
2025-05-24,R04,28.31,0.7685,11.103,53.323,75.417,8.059,1
2025-05-25,R04,22.516,0.805,1.612,47.122,56.983,6.986,1
2025-05-26,R04,23.295,0.7641,39.015,62.869,69.831,6.797,0
2025-05-27,R04,22.547,0.8505,24.938,55.874,64.689,7.121,0
2025-05-28,R04,26.49,0.809,4.569,51.945,41.537,9.536,1
2025-05-29,R04,21.031,0.8927,4.416,47.981,22.996,8.762,1
2025-05-30,R04,24.597,0.7232,0.648,49.883,60.032,7.237,1
2025-05-31,R04,23.833,0.8292,3.531,46.626,29.935,9.11,1
2025-06-01,R04,21.676,0.7715,8.177,56.391,41.712,7.308,0
2025-06-02,R04,20.471,0.8665,19.764,58.598,55.093,6.582,0
2025-06-03,R04,24.752,0.717,11.848,60.244,70.614,6.908,1
2025-06-04,R04,24.055,0.8052,2.434,49.344,32.296,8.644,1
2025-06-05,R04,22.358,0.8014,11.861,55.034,49.11,6.653,0
2025-06-06,R04,23.685,0.7368,4.208,46.229,54.784,7.799,1
2025-06-07,R04,22.446,0.8251,12.037,54.131,55.219,7.203,1
2025-06-08,R04,22.472,0.7742,22.526,55.944,40.61,8.754,1
2025-06-09,R04,24.277,0.788,6.838,50.545,60.521,6.961,1
2025-06-10,R04,20.219,0.787,8.431,54.122,66.283,6.939,0
2025-06-11,R04,23.855,0.8141,9.418,57.233,28.159,9.147,1
2025-06-12,R04,21.757,0.8383,9.491,51.77,69.11,6.048,0
2025-06-13,R04,22.716,0.7284,6.702,52.729,68.714,6.334,1
2025-06-14,R04,22.719,0.7623,6.241,47.988,68.377,5.362,0
2025-06-15,R04,24.579,0.6977,2.874,50.621,73.743,8.041,1
2025-06-16,R04,20.782,0.8097,8.131,53.678,29.359,7.665,0
2025-06-17,R04,23.718,0.7734,15.232,53.35,62.412,6.794,0
2025-06-18,R04,25.836,0.7961,6.457,52.223,58.276,8.065,1
2025-06-19,R04,22.646,0.7929,9.69,48.41,100,4.154,0
2025-06-20,R04,23.688,0.8122,11.866,54.66,57.362,7.454,0
2025-06-21,R04,22.57,0.8501,1.081,47.799,34.844,6.593,1
2025-06-22,R04,22.648,0.7559,15.251,55.329,44.693,8.982,1
2025-06-23,R04,24.71,0.6902,2.675,48.359,31.62,9.182,1
2025-06-24,R04,20.709,0.8918,6.449,50.324,69.159,5.657,0
2025-06-25,R04,23.392,0.7703,5.97,54.751,87.516,5.728,0
2025-06-26,R04,20.664,0.8542,4.609,49.012,49.256,7.87,0
2025-06-27,R04,19.006,0.8649,6.105,51.839,35.383,7.722,1
2025-06-28,R04,19.774,0.9225,14.974,58.188,59.86,6.337,0
2025-06-29,R04,18.774,0.8483,12.155,62.694,96.092,4.47,0
2025-06-30,R04,23.254,0.6728,9.91,52.436,44.894,8.906,1
2025-07-01,R04,20.993,0.9049,0.672,49.282,13.366,9.611,1
2025-07-02,R04,23.907,0.7203,14.026,55.956,45.306,7.169,0
2025-07-03,R04,23.425,0.7968,10.789,54.911,35.038,8.241,1
2025-07-04,R04,21.457,0.8331,17.197,50.708,64.97,6.795,0
2025-07-05,R04,21.684,0.7821,1.692,50.981,44.063,6.708,1
2025-07-06,R04,20.54,0.7654,4.25,54.737,31.01,7.522,0
2025-07-07,R04,20.52,0.88,9.885,54.17,37.717,6.934,1
2025-07-08,R04,20.321,0.8059,2.698,50.123,37.053,6.874,1
2025-07-09,R04,19.536,0.8254,4.358,54.074,41.132,6.14,0
2025-07-10,R04,17.814,0.8678,7.01,57.711,68.695,6.335,0
2025-07-11,R04,19.96,0.8319,14.044,58.841,79.656,5.344,0
2025-07-12,R04,16.622,0.95,5.643,54.964,52.982,5.555,0
2025-07-13,R04,21.751,0.7703,5.286,52.192,33.276,10.298,1
2025-07-14,R04,23.705,0.7701,26.28,61.547,53.749,6.867,0
2025-07-15,R04,22.201,0.8502,8.297,47.33,71.403,6.617,0
2025-07-16,R04,22.17,0.776,13.361,56.892,47.435,6.295,0
2025-07-17,R04,20.312,0.8328,9.842,51.847,58.768,5.889,0
2025-07-18,R04,21.758,0.9166,1.559,50.84,42.613,7.526,1
2025-07-19,R04,21.231,0.8722,26.712,56.409,75.342,5.983,0
2025-07-20,R04,16.963,0.7381,2.571,58.009,22.368,7.911,0
2025-07-21,R04,21.272,0.7994,13.052,51.568,41.979,7.043,0
2025-07-22,R04,19.885,0.8897,16.642,58.894,39.294,7.067,0
2025-07-23,R04,21.485,0.8538,6.353,53.01,43.221,7.348,0
2025-07-24,R04,18.353,0.7713,9.917,55.882,57.148,4.93,0
2025-07-25,R04,18.005,0.8638,0.873,57.468,29.222,7.381,0
2025-07-26,R04,19.022,0.8352,10.391,58.177,51.644,6.373,0
2025-07-27,R04,18.362,0.8547,6.309,56.232,41.98,5.506,0
2025-07-28,R04,17.544,0.8771,21.471,62.15,82.698,4.156,0
2025-07-29,R04,19.733,0.9045,6.149,53.018,30.998,9.029,0
2025-07-30,R04,20.307,0.9443,4.062,51.319,34.487,9.134,1
2025-07-31,R04,18.928,0.7949,5.051,52.561,56.7,6.126,0
2025-08-01,R04,18.321,0.8039,5.948,62.231,71.196,5.279,0
2025-08-02,R04,19.883,0.8881,4.315,54.208,45.087,6.577,0
2025-08-03,R04,18.8,0.8567,5.908,54.861,36.133,6.87,0
2025-08-04,R04,16.671,0.8404,3.669,55.043,31.818,7.153,0
2025-08-05,R04,15.749,0.7422,0.73,54.961,48.044,6.21,0
2025-08-06,R04,19.15,0.7353,6.08,52.301,54.023,6.646,0
2025-08-07,R04,17.879,0.8428,11.888,53.48,33.162,8.323,0
2025-08-08,R04,16.656,0.8001,14.68,59.805,57.788,6.479,0
2025-08-09,R04,16.365,0.8513,25.704,61.46,76.53,6.075,0
2025-08-10,R04,19.459,0.792,4.207,50.831,41.218,6.095,0
2025-08-11,R04,16.805,0.7918,1.695,60.123,78.106,5.253,0
2025-08-12,R04,16.666,0.8063,21.635,62.955,25.537,7.283,0
2025-08-13,R04,18.281,0.8594,1.504,59.475,91.244,6.248,0
2025-08-14,R04,17.936,0.7988,6.854,60.066,77.847,4.545,0
2025-08-15,R04,18.369,0.7798,7.462,58.658,80.939,5.263,0
2025-08-16,R04,18.086,0.8378,5.805,54.248,62.921,5.262,0
2025-08-17,R04,20.126,0.7509,7.908,52.788,59.627,7.11,1
2025-08-18,R04,13.822,0.785,13.606,57.465,56.469,3.454,0
2025-08-19,R04,19.965,0.7157,7.11,56.17,38.745,8.353,1
2025-08-20,R04,18.483,0.8393,11.786,54.876,53.487,6.679,0
2025-08-21,R04,18.037,0.9036,16.976,59.488,50.424,5.789,0
2025-08-22,R04,21.246,0.8138,1.229,52.45,41.429,6.655,0
2025-08-23,R04,14.719,0.7579,6.218,53.896,27.627,5.682,0
2025-08-24,R04,18.902,0.7744,16.249,57.884,53.508,6.539,0
2025-08-25,R04,17.327,0.875,14.23,63.464,59.269,6.281,0
2025-08-26,R04,17.96,0.8334,17.474,53.381,49.098,7.443,0
2025-08-27,R04,18.666,0.8814,21.038,68.57,54.959,6.266,0
2025-08-28,R04,17.812,0.7791,24.053,62.031,60.207,5.456,0
2025-08-29,R04,15.52,0.9102,1.186,55.132,19.189,7.854,0
2025-08-30,R04,17.253,0.8762,2.469,51.789,37.673,4.596,0
2025-08-31,R04,17.852,0.7968,3.079,53.796,40.352,6.562,0
2025-09-01,R04,17.158,0.9054,12.739,59.61,35.203,8.096,0
2025-09-02,R04,16.99,0.9289,6.531,56.03,53.721,5.765,0
2025-09-03,R04,18.34,0.8063,12.362,63.52,43.183,5.685,0
2025-09-04,R04,16.687,0.8854,3.829,53.47,62.819,6.445,0
2025-09-05,R04,17.537,0.9326,6.17,53.117,43.452,5.586,0
2025-09-06,R04,18.973,0.85,5.791,55.889,64.703,6.311,0
2025-09-07,R04,18.299,0.95,6.695,54.851,71.435,4.865,0
2025-09-08,R04,17.85,0.9001,4.193,52.771,26.04,8.914,1
2025-09-09,R04,15.584,0.79,1.421,62.312,88.884,3.4,0
2025-09-10,R04,17.263,0.8071,8.328,56.22,80.167,4.812,0
2025-09-11,R04,17.456,0.9115,13.95,59.749,47.979,6.594,0
2025-09-12,R04,18.751,0.8347,23.344,56.429,54.856,6.888,0
2025-09-13,R04,14.468,0.8302,0.932,53.932,50.533,6.821,0
2025-09-14,R04,15.549,0.8176,9.581,60.933,47.003,6.236,0
2025-09-15,R04,15.495,0.8242,6.683,53.492,50.604,5.217,0
2025-09-16,R04,15.847,0.7779,14.326,60.255,50.714,6.413,0
2025-09-17,R04,17.967,0.7879,5.072,52.815,66.194,5.963,0
2025-09-18,R04,14.188,0.8873,5.632,56.196,42.926,5.736,0
2025-09-19,R04,17.343,0.8455,11.705,59.641,46.413,6.504,0
2025-09-20,R04,14.434,0.9254,4.505,55.57,58.635,3.799,0
2025-09-21,R04,19.506,0.8515,5.212,49.645,54.6,7.216,0
2025-09-22,R04,13.099,0.9137,1.783,55.789,54.174,4.536,0
2025-09-23,R04,18.446,0.7781,14.653,59.302,26.73,7.401,0
2025-09-24,R04,17.871,0.8559,3.16,52.346,41.153,6.767,0
2025-09-25,R04,14.672,0.8961,5.478,58.954,39.384,5.28,0
2025-09-26,R04,15.26,0.7886,8.334,60.221,35.878,6.259,0
2025-09-27,R04,18.835,0.904,4.498,52.603,44.182,7.626,0
2025-09-28,R04,17.337,0.8393,1.587,54.57,48.459,4.739,0
2025-09-29,R04,16.939,0.7719,15.151,53.207,64.063,4.378,0
2025-09-30,R04,16.212,0.8873,5.146,56.061,31.69,7.026,0
2025-10-01,R04,14.88,0.8837,10.919,57.115,48.787,5.289,0
2025-10-02,R04,15.73,0.8644,6.319,53.977,25.259,7.97,0
2025-10-03,R04,15.587,0.8096,12.332,61.396,97.133,2.876,0
2025-10-04,R04,16.189,0.8969,2.254,56.926,45.341,6.143,0
2025-10-05,R04,17.415,0.873,12.004,56.379,79.65,4.418,0
2025-10-06,R04,14.544,0.8288,3.832,53.83,44.028,7.698,0
2025-10-07,R04,18.059,0.8195,5.249,53.807,44.636,5.214,0
2025-10-08,R04,17.374,0.7643,19.611,59.361,76.217,4.451,0
2025-10-09,R04,18.396,0.8416,12.837,55.878,40.021,8.218,0
2025-10-10,R04,14.593,0.8581,2.011,51.559,38.112,5.904,0
2025-10-11,R04,16.82,0.8403,7.954,55.235,35.937,6.404,0
2025-10-12,R04,15.309,0.9155,57.908,70.698,82.058,4.601,0
2025-10-13,R04,16.717,0.7895,9.489,56.248,55.039,5.522,0
2025-10-14,R04,19.443,0.8884,3.699,51.28,38.408,8.414,1
2025-10-15,R04,17.964,0.8089,3.31,53.668,68.516,4.739,0
2025-10-16,R04,17.585,0.8337,2.745,53.038,61.47,6.018,0
2025-10-17,R04,17.312,0.9058,6.921,53.332,61.531,5.87,0
2025-10-18,R04,18.558,0.859,5.541,50.639,43.026,6.86,1
2025-10-19,R04,15.69,0.8942,6.56,58.878,45.226,5.437,0
2025-10-20,R04,19.678,0.8299,3.518,54.507,62.826,6.161,0
2025-10-21,R04,17.831,0.888,7.94,56.216,50.445,5.056,0
2025-10-22,R04,17.986,0.87,18.254,65.929,55.435,6.582,0
2025-10-23,R04,14.609,0.9122,9.923,53.066,55.991,5.897,0
2025-10-24,R04,18.336,0.8856,9.934,57.793,81.239,4.475,0
2025-10-25,R04,17.019,0.9293,3.67,54.725,46.438,6.578,0
2025-10-26,R04,15.927,0.758,2.959,55.304,42.538,7.917,0
2025-10-27,R04,20.062,0.8436,3.876,50.518,20.082,8.713,1
2025-10-28,R04,17.632,0.756,20.573,60.514,46.126,6.111,0
2025-10-29,R04,15.946,0.8513,8.669,53.468,64.28,4.256,0
2025-10-30,R04,18.531,0.8524,10.908,57.973,49.555,5.893,0
2025-10-31,R04,16.681,0.8549,6.312,58.548,53.612,4.571,0
2025-11-01,R04,14.918,0.8193,3.171,57.086,46.977,6.613,0
2025-11-02,R04,13.803,0.8726,8.366,60.886,62.575,4.835,0
2025-11-03,R04,16.791,0.8553,15.232,57.481,62.329,4.673,0
2025-11-04,R04,18.604,0.7811,4.536,53.61,42.568,8.138,1
2025-11-05,R04,15.428,0.95,3.257,56.146,32.929,7.451,0
2025-11-06,R04,16.579,0.8797,4.546,58.44,48.814,6.479,0
2025-11-07,R04,18.676,0.7701,15.405,57.526,75.553,4.144,0
2025-11-08,R04,17.43,0.95,12.356,59.175,55.727,6.299,0
2025-11-09,R04,17.842,0.8313,6.368,54.945,54.442,7.122,1
2025-11-10,R04,14.554,0.848,6.27,61.028,66.856,4.115,0
2025-11-11,R04,21.581,0.7353,8.401,48.339,61.069,5.164,0
2025-11-12,R04,16.669,0.7984,35.585,63.884,100,4.037,0
2025-11-13,R04,15.335,0.9059,15.898,55.859,27.902,6.501,0
2025-11-14,R04,19.073,0.7291,14.217,57.193,69.397,4.893,0
2025-11-15,R04,17.899,0.7288,4.906,55.979,47.519,7.116,0
2025-11-16,R04,18.138,0.9176,18.192,59.967,60.823,5.894,0
2025-11-17,R04,18.956,0.916,1.567,57.128,41.475,6.683,0
2025-11-18,R04,18.789,0.9026,9.307,57.909,75.227,5.202,0
2025-11-19,R04,19.127,0.8061,13.188,57.876,92.234,4.238,0
2025-11-20,R04,16.702,0.8826,17.435,57.689,51.922,5.545,0
2025-11-21,R04,16.702,0.8862,21.445,59.852,61.532,4.989,0
2025-11-22,R04,17.59,0.8219,0.188,57.917,36.993,7.046,0
2025-11-23,R04,17.97,0.769,20.141,58.431,64.114,5.845,0
2025-11-24,R04,19.631,0.7894,53.429,65.474,88.362,2.739,0
2025-11-25,R04,15.547,0.7649,8.409,51.873,30.325,7.879,0
2025-11-26,R04,19.868,0.8164,3.694,51.75,64.234,5.975,0
2025-11-27,R04,17.763,0.8462,0.754,57.439,20.654,8.054,0
2025-11-28,R04,21.534,0.6955,3.199,55.0,59.149,7.007,1
2025-11-29,R04,22.075,0.876,11.465,56.82,75.733,5.474,0
2025-11-30,R04,15.99,0.898,13.938,57.083,86.325,5.305,0
2025-12-01,R04,19.054,0.7441,17.638,58.425,70.789,6.172,0
2025-12-02,R04,20.654,0.7576,10.02,54.044,52.108,6.297,0
2025-12-03,R04,22.136,0.737,17.968,64.34,29.435,8.212,0
2025-12-04,R04,19.979,0.906,11.006,57.688,36.074,7.298,0
2025-12-05,R04,18.804,0.7161,5.904,53.236,39.927,7.487,0
2025-12-06,R04,18.091,0.9111,20.753,64.031,63.502,6.451,0
2025-12-07,R04,20.411,0.8577,2.494,52.283,25.088,8.691,1
2025-12-08,R04,19.523,0.7725,4.761,54.135,62.584,6.297,0
2025-12-09,R04,18.627,0.8625,2.145,52.994,36.491,7.383,0
2025-12-10,R04,18.505,0.7675,3.022,56.115,12.534,9.329,1
2025-12-11,R04,21.653,0.7921,6.902,55.207,37.441,8.007,1
2025-12-12,R04,20.54,0.8227,8.548,53.764,83.143,5.279,0
2025-12-13,R04,20.466,0.7495,19.677,64.786,76.113,6.063,0
2025-12-14,R04,18.588,0.7848,23.199,56.794,56.217,5.75,0
2025-12-15,R04,20.062,0.7687,5.572,52.56,44.65,7.32,1
2025-12-16,R04,19.854,0.8049,5.57,54.904,39.713,7.073,0
2025-12-17,R04,21.624,0.7286,24.178,59.919,64.795,7.278,0
2025-12-18,R04,22.649,0.8094,8.003,55.416,52.738,8.06,1
2025-12-19,R04,20.569,0.881,8.585,54.101,82.017,6.59,0
2025-12-20,R04,20.772,0.7342,3.408,48.265,68.985,5.557,0
2025-12-21,R04,22.237,0.79,1.171,52.287,31.455,7.786,1
2025-12-22,R04,16.097,0.95,28.303,67.416,47.308,6.466,0
2025-12-23,R04,20.558,0.8442,6.975,56.996,37.637,7.785,0
2025-12-24,R04,19.393,0.7806,6.518,49.241,55.883,6.142,0
2025-12-25,R04,22.91,0.821,4.447,49.46,30.039,7.892,1
2025-12-26,R04,22.426,0.9445,6.147,53.063,25.973,8.64,1
2025-12-27,R04,20.929,0.772,15.738,50.418,55.209,6.639,0
2025-12-28,R04,23.377,0.6614,6.454,50.821,37.631,6.876,1
2025-12-29,R04,22.512,0.7759,2.282,52.28,22.622,8.814,1
2025-12-30,R04,20.613,0.8207,9.23,53.529,49.46,6.821,1
2025-12-31,R04,22.88,0.7663,9.736,53.269,64.563,8.227,1
2025-01-01,R05,27.615,0.1463,14.008,57.425,76.155,7.297,1
2025-01-02,R05,31.543,0.2047,15.002,56.156,68.585,8.171,1
2025-01-03,R05,30.073,0.2301,3.487,54.986,47.965,10.148,1
2025-01-04,R05,25.211,0.1912,2.288,56.831,27.168,10.337,1
2025-01-05,R05,30.063,0.2059,6.984,53.802,74.952,7.967,1
2025-01-06,R05,31.674,0.1943,6.465,59.064,48.169,8.098,1
2025-01-07,R05,29.013,0.1166,1.09,54.341,5,8.593,1
2025-01-08,R05,26.73,0.2264,9.247,52.759,80.797,7.674,1
2025-01-09,R05,29.93,0.1497,17.804,55.983,49.217,9.651,1
2025-01-10,R05,29.533,0.0917,15.453,59.495,69.951,8.032,1
2025-01-11,R05,32.484,0.0897,16.295,57.394,47.613,9.266,1
2025-01-12,R05,32.966,0.2431,0.641,54.043,27.252,10.726,1
2025-01-13,R05,32.799,0.1535,7.082,57.261,26.597,11.694,1
2025-01-14,R05,28.998,0.2413,6.806,54.6,49.026,8.827,1
2025-01-15,R05,28.262,0.1831,6.273,58.155,35.851,9.216,1
2025-01-16,R05,29.111,0.1812,3.915,51.535,21.224,10.484,1
2025-01-17,R05,30.618,0.2111,2.094,55.841,28.595,10.882,1
2025-01-18,R05,30.838,0.1479,12.94,51.278,59.902,7.729,1
2025-01-19,R05,29.865,0.2262,10.369,59.465,59.663,9.138,1
2025-01-20,R05,28.409,0.2942,12.092,61.737,49.797,7.168,0
2025-01-21,R05,26.299,0.1999,14.695,59.775,46.041,8.752,1
2025-01-22,R05,30.038,0.1646,3.386,56.244,52.499,10.021,1
2025-01-23,R05,28.602,0.0773,27.699,64.692,57.788,8.082,1
2025-01-24,R05,32.422,0.1792,4.95,55.651,33.478,10.384,1
2025-01-25,R05,31.418,0.2015,13.018,58.542,60.526,7.191,1
2025-01-26,R05,30.156,0.165,12.572,56.032,49.332,7.907,1
2025-01-27,R05,32.346,0.225,6.294,57.867,42.616,9.106,1
2025-01-28,R05,29.471,0.164,0.461,53.105,79.304,6.984,1
2025-01-29,R05,31.215,0.2176,0.342,47.538,58.681,8.409,1
2025-01-30,R05,30.578,0.2096,21.657,56.301,68.884,8.182,1
2025-01-31,R05,29.343,0.2728,9.742,57.434,50.993,9.218,1
2025-02-01,R05,33.199,0.2127,43.581,69.931,87.42,8.603,0
2025-02-02,R05,32.683,0.0696,5.031,50.147,62.046,8.158,1
2025-02-03,R05,33.253,0.1143,16.219,61.053,41.595,10.581,1
2025-02-04,R05,28.769,0.1789,8.06,57.039,37.789,9.093,1
2025-02-05,R05,32.956,0.1274,3.843,47.217,35.627,10.537,1
2025-02-06,R05,33.187,0.0975,6.253,53.392,50.204,9.395,1
2025-02-07,R05,29.803,0.2146,5.375,50.241,35.805,9.64,1
2025-02-08,R05,35.246,0.1448,3.636,53.167,44.047,10.187,1
2025-02-09,R05,32.012,0.1654,8.045,52.106,44.147,9.135,1
2025-02-10,R05,31.455,0.167,3.385,55.774,54.61,9.568,1
2025-02-11,R05,30.234,0.1743,4.153,55.43,47.903,9.008,1
2025-02-12,R05,33.626,0.2148,20.461,53.631,92.542,7.494,1
2025-02-13,R05,31.359,0.1591,6.059,55.542,82.183,8.22,1
2025-02-14,R05,32.393,0.1476,5.316,58.548,66.338,8.978,1
2025-02-15,R05,30.006,0.1813,5.979,54.979,52.591,10.193,1
2025-02-16,R05,35.094,0.1827,14.974,54.977,66.189,9.948,1
2025-02-17,R05,33.081,0.2513,11.58,55.48,66.973,9.233,1
2025-02-18,R05,29.792,0.2802,12.31,57.58,59.301,8.518,1
2025-02-19,R05,33.68,0.1843,15.17,57.123,67.334,8.981,1
2025-02-20,R05,34.323,0.0636,12.748,64.318,48.237,10.391,1
2025-02-21,R05,37.763,0.05,9.317,54.849,59.344,12.059,1
2025-02-22,R05,31.805,0.1731,2.445,57.438,48.908,8.858,1
2025-02-23,R05,33.931,0.107,9.971,53.297,52.271,9.056,1
2025-02-24,R05,30.629,0.2902,6.634,54.174,94.571,6.509,1
2025-02-25,R05,34.735,0.1668,10.573,55.223,59.042,10.952,1
2025-02-26,R05,31.742,0.1599,7.881,52.334,46.391,8.863,1
2025-02-27,R05,32.92,0.073,24.772,64.939,66.815,7.527,1
2025-02-28,R05,30.826,0.2717,16.563,56.595,47.087,9.357,1
2025-03-01,R05,31.293,0.1788,5.003,53.692,67.029,7.209,1
2025-03-02,R05,36.058,0.1652,3.116,48.402,59.765,9.703,1
2025-03-03,R05,30.772,0.1189,18.13,52.501,64.642,9.068,1
2025-03-04,R05,32.376,0.1438,17.809,56.766,37.556,9.443,1
2025-03-05,R05,31.479,0.2522,4.371,49.444,24.9,10.692,1
2025-03-06,R05,33.052,0.1971,6.252,53.568,47.488,10.041,1
2025-03-07,R05,34.115,0.121,3.836,51.274,55.549,9.005,1
2025-03-08,R05,34.188,0.1478,7.527,54.471,49.022,9.506,1
2025-03-09,R05,34.149,0.123,7.812,51.592,48.433,8.803,1
2025-03-10,R05,37.704,0.05,13.995,53.364,60.812,10.664,1
2025-03-11,R05,35.939,0.1625,4.508,48.783,63.016,9.521,1
2025-03-12,R05,34.44,0.1915,7.615,48.224,59.195,8.418,1
2025-03-13,R05,30.554,0.1819,45.34,69.213,67.707,9.473,1
2025-03-14,R05,37.505,0.1503,3.357,50.557,46.9,12.106,1
2025-03-15,R05,35.357,0.05,5.036,53.572,57.15,8.93,1
2025-03-16,R05,34.746,0.1452,5.062,56.028,64.189,7.437,1
2025-03-17,R05,35.09,0.0837,9.937,51.051,54.513,9.999,1
2025-03-18,R05,34.91,0.1061,5.317,49.985,40.557,9.703,1
2025-03-19,R05,33.337,0.1477,9.113,49.454,39.041,11.404,1
2025-03-20,R05,30.981,0.2681,5.646,52.629,30.769,10.658,1
2025-03-21,R05,32.986,0.1445,13.904,53.326,54.539,9.891,1
2025-03-22,R05,34.462,0.1615,17.585,54.176,19.686,11.587,1
2025-03-23,R05,33.791,0.1524,16.677,57.896,65.344,7.942,1
2025-03-24,R05,31.891,0.1826,14.413,56.643,72.881,7.71,1
2025-03-25,R05,33.257,0.2358,11.259,58.009,48.715,9.172,1
2025-03-26,R05,33.229,0.1593,3.473,51.789,50.99,10.031,1
2025-03-27,R05,31.437,0.1705,19.989,60.18,79.432,9.571,1
2025-03-28,R05,35.504,0.1661,23.251,63.187,62.536,11.449,1
2025-03-29,R05,34.774,0.1994,18.273,58.73,52.403,10.427,1
2025-03-30,R05,32.517,0.1693,22.13,59.811,48.019,10.189,1
2025-03-31,R05,35.749,0.1637,6.305,51.136,33.474,11.453,1
2025-04-01,R05,31.267,0.1601,4.292,55.608,32.358,10.507,1
2025-04-02,R05,34.223,0.1127,5.637,50.921,45.392,10.764,1
2025-04-03,R05,33.25,0.2314,6.008,47.27,62.76,9.595,1
2025-04-04,R05,33.451,0.05,5.513,51.59,69.543,8.895,1
2025-04-05,R05,33.659,0.2169,8.27,58.117,69.534,9.397,1
2025-04-06,R05,33.312,0.2191,5.972,48.173,55.152,7.618,1
2025-04-07,R05,30.092,0.1427,27.68,63.203,75.529,7.755,1
2025-04-08,R05,34.191,0.1383,6.174,54.303,52.8,10.624,1
2025-04-09,R05,37.669,0.1426,5.129,55.176,71.142,9.954,1
2025-04-10,R05,31.784,0.122,5.99,57.182,55.446,9.92,1
2025-04-11,R05,36.325,0.1211,5.17,48.913,49.962,10.14,1
2025-04-12,R05,31.792,0.1614,1.627,51.697,58.418,8.139,1
2025-04-13,R05,35.531,0.1968,1.476,52.612,55.284,8.707,1
2025-04-14,R05,34.601,0.0866,20.12,65.128,60.718,9.705,1
2025-04-15,R05,33.676,0.1466,12.877,56.398,76.661,8.051,1
2025-04-16,R05,34.351,0.0917,4.46,55.385,62.572,9.971,1
2025-04-17,R05,34.661,0.2243,19.098,59.895,91.164,8.331,1
2025-04-18,R05,32.313,0.1801,6.199,52.114,49.021,8.739,1
2025-04-19,R05,33.657,0.2217,21.993,51.762,41.825,9.657,1
2025-04-20,R05,33.377,0.1136,9.588,56.682,46.238,9.383,1
2025-04-21,R05,32.991,0.1703,8.832,53.611,42.684,12.333,1
2025-04-22,R05,33.706,0.228,10.222,52.034,36.788,10.797,1
2025-04-23,R05,35.848,0.1394,2.067,52.223,78.562,9.422,1
2025-04-24,R05,33.875,0.188,1.326,53.124,19.955,11.698,1
2025-04-25,R05,32.701,0.1765,10.472,56.707,69.064,7.246,1
2025-04-26,R05,33.07,0.2448,3.891,53.097,68.428,8.581,1
2025-04-27,R05,33.76,0.1261,51.22,63.524,65.679,9.9,1
2025-04-28,R05,30.229,0.1951,2.593,53.162,41.699,8.868,1
2025-04-29,R05,31.009,0.1891,3.477,53.718,68.08,9.003,1
2025-04-30,R05,35.459,0.1779,30.074,60.222,90.686,7.596,1
2025-05-01,R05,34.665,0.1855,1.99,47.503,15.689,11.568,1
2025-05-02,R05,30.525,0.0699,38.609,65.773,66.554,7.635,0
2025-05-03,R05,32.687,0.1886,12.87,54.254,31.082,12.334,1
2025-05-04,R05,32.826,0.1209,9.359,56.19,52.04,10.981,1
2025-05-05,R05,34.369,0.1551,8.213,48.929,56.435,8.756,1
2025-05-06,R05,30.499,0.1922,10.365,53.048,28.323,9.74,1
2025-05-07,R05,30.224,0.2009,7.531,60.139,50.534,8.769,1
2025-05-08,R05,33.099,0.2398,9.49,52.361,49.675,10.313,1
2025-05-09,R05,34.286,0.1018,9.349,51.25,72.163,8.977,1
2025-05-10,R05,33.485,0.2577,19.704,60.865,72.753,9.438,1
2025-05-11,R05,35.261,0.1653,9.455,53.185,70.191,10.13,1
2025-05-12,R05,33.374,0.223,11.526,56.311,54.146,10.863,1
2025-05-13,R05,31.757,0.1832,2.946,46.755,40.882,10.451,1
2025-05-14,R05,32.959,0.1243,0.516,53.36,46.265,10.56,1
2025-05-15,R05,32.546,0.1345,10.35,54.278,52.558,9.19,1
2025-05-16,R05,32.068,0.0661,2.103,52.128,31.416,10.282,1
2025-05-17,R05,30.682,0.1558,7.573,59.433,35.541,10.338,1
2025-05-18,R05,32.872,0.1086,8.08,51.565,30.354,10.697,1
2025-05-19,R05,34.3,0.1422,19.284,57.398,73.589,8.362,1
2025-05-20,R05,33.369,0.1933,6.825,50.519,46.408,10.422,1
2025-05-21,R05,36.761,0.1408,9.844,51.47,45.715,11.462,1
2025-05-22,R05,34.147,0.2464,7.897,57.972,84.812,8.004,1
2025-05-23,R05,33.453,0.1024,1.99,54.376,22.792,11.34,1
2025-05-24,R05,31.66,0.0993,4.056,49.016,48.119,8.978,1
2025-05-25,R05,32.521,0.0916,5.851,53.361,58.949,9.224,1
2025-05-26,R05,28.91,0.1913,24.69,63.881,79.989,7.396,1
2025-05-27,R05,31.81,0.143,3.04,51.646,45.707,9.278,1
2025-05-28,R05,28.747,0.1418,8.529,58.865,30.15,10.543,1
2025-05-29,R05,32.399,0.2413,10.716,57.7,83.686,8.979,1
2025-05-30,R05,29.407,0.3015,3.128,51.898,40.521,7.007,1
2025-05-31,R05,29.788,0.2638,3.4,55.441,14.299,11.08,1
2025-06-01,R05,29.908,0.1239,11.436,55.324,40.664,10.167,1
2025-06-02,R05,31.969,0.2244,1.613,59.579,36.235,10.888,1
2025-06-03,R05,33.859,0.05,0.364,49.616,22.71,10.94,1
2025-06-04,R05,31.125,0.1876,6.674,57.192,37.421,11.974,1
2025-06-05,R05,32.237,0.1316,7.366,51.239,61.136,9.013,1
2025-06-06,R05,31.003,0.2103,0.973,53.9,70.285,9.408,1
2025-06-07,R05,32.442,0.1195,7.371,56.692,36.683,9.895,1
2025-06-08,R05,31.718,0.1443,6.344,55.097,64.811,9.33,1
2025-06-09,R05,30.551,0.2865,2.843,59.402,40.352,9.72,1
2025-06-10,R05,34.013,0.1585,9.007,55.023,43.329,8.874,1
2025-06-11,R05,30.943,0.1637,26.095,61.442,61.393,9.232,1
2025-06-12,R05,32.215,0.05,17.137,64.184,73.317,7.626,1
2025-06-13,R05,31.335,0.3211,8.726,55.45,37.357,10.85,1
2025-06-14,R05,30.589,0.2142,38.049,66.48,64.986,7.985,0
2025-06-15,R05,33.33,0.1717,8.321,54.404,82.11,8.75,1
2025-06-16,R05,33.03,0.2545,2.875,54.994,25.093,12.023,1
2025-06-17,R05,31.402,0.2035,6.995,53.482,42.539,8.743,1
2025-06-18,R05,31.999,0.0915,3.607,51.046,46.628,8.122,1
2025-06-19,R05,28.786,0.2268,7.589,55.687,66.219,9.907,1
2025-06-20,R05,33.822,0.0554,29.26,59.379,79.923,8.593,1
2025-06-21,R05,30.617,0.2216,0.441,52.411,45.709,9.512,1
2025-06-22,R05,28.896,0.1231,32.578,64.791,89.828,5.615,0
2025-06-23,R05,30.572,0.2587,12.218,59.788,64.918,8.174,1
2025-06-24,R05,31.697,0.2457,2.962,51.122,61.754,8.499,1
2025-06-25,R05,31.534,0.2583,3.137,53.37,59.012,9.481,1
2025-06-26,R05,33.069,0.0936,3.482,56.108,39.427,10.457,1
2025-06-27,R05,29.304,0.1451,8.041,57.311,64.032,8.855,1
2025-06-28,R05,29.683,0.1701,15.43,58.971,46.659,7.881,1
2025-06-29,R05,32.467,0.1665,18.918,57.28,47.342,9.817,1
2025-06-30,R05,32.746,0.05,24.086,60.377,51.732,9.968,1
2025-07-01,R05,27.864,0.1796,8.539,58.962,33.686,9.05,1
2025-07-02,R05,28.099,0.1347,2.895,55.324,49.704,9.482,1
2025-07-03,R05,28.748,0.1261,6.172,56.688,44.509,10.52,1
2025-07-04,R05,32.045,0.2416,11.615,53.628,35.448,9.048,1
2025-07-05,R05,28.979,0.2183,1.513,54.517,59.155,8.491,1
2025-07-06,R05,28.214,0.2214,5.833,56.642,60.258,7.292,1
2025-07-07,R05,29.68,0.2657,12.801,63.455,100,5.998,0
2025-07-08,R05,27.0,0.1934,4.426,45.961,22.857,8.764,1
2025-07-09,R05,29.872,0.1693,5.988,59.005,61.328,7.545,1
2025-07-10,R05,29.808,0.1767,4.176,57.192,43.44,8.654,1
2025-07-11,R05,28.112,0.1832,11.105,54.762,58.55,9.691,1
2025-07-12,R05,32.678,0.1687,11.313,57.373,47.712,11.679,1
2025-07-13,R05,30.16,0.2467,4.082,51.862,63.368,9.657,1
2025-07-14,R05,26.818,0.2246,4.111,56.357,44.002,8.443,1
2025-07-15,R05,28.159,0.139,5.8,54.792,41.664,10.321,1
2025-07-16,R05,26.566,0.1277,8.446,55.707,71.545,8.202,1
2025-07-17,R05,27.92,0.2363,0.774,51.754,15.872,9.599,1
2025-07-18,R05,27.851,0.1374,5.724,64.093,47.883,9.276,1
2025-07-19,R05,26.654,0.2664,6.45,57.817,45.007,9.126,1
2025-07-20,R05,26.353,0.2711,6.554,63.143,41.837,8.595,1
2025-07-21,R05,26.228,0.2252,9.774,58.902,59.909,9.447,1
2025-07-22,R05,28.879,0.1906,4.229,59.85,31.927,10.362,1
2025-07-23,R05,28.394,0.1685,2.721,58.34,35.566,9.432,1
2025-07-24,R05,31.059,0.1055,0.635,59.621,5,10.938,1
2025-07-25,R05,29.339,0.2577,5.524,57.565,35.014,11.05,1
2025-07-26,R05,30.861,0.1695,0.384,49.963,14.462,9.745,1
2025-07-27,R05,28.645,0.1087,9.256,57.493,62.946,8.782,1
2025-07-28,R05,27.058,0.1843,1.079,58.655,23.186,10.161,1
2025-07-29,R05,28.302,0.1081,3.675,55.109,35.178,8.945,1
2025-07-30,R05,27.966,0.2315,8.776,54.958,39.049,10.571,1
2025-07-31,R05,26.335,0.2643,8.218,55.634,38.398,9.223,1
2025-08-01,R05,28.676,0.1456,9.742,59.319,73.44,6.917,1
2025-08-02,R05,27.198,0.1678,2.049,51.91,28.142,8.514,1
2025-08-03,R05,24.979,0.2428,21.647,61.078,54.87,7.318,0
2025-08-04,R05,27.714,0.1,0.438,56.857,15.595,9.844,1
2025-08-05,R05,24.91,0.2309,3.197,56.981,55.209,6.86,1
2025-08-06,R05,26.04,0.2409,7.76,53.59,53.4,6.127,1
2025-08-07,R05,26.19,0.1881,10.717,58.317,34.03,9.464,1
2025-08-08,R05,24.919,0.2056,8.107,56.946,33.598,9.383,1
2025-08-09,R05,23.968,0.2283,21.787,60.33,79.984,6.11,0
2025-08-10,R05,26.589,0.3172,18.409,60.104,61.164,7.64,1
2025-08-11,R05,22.158,0.3002,7.618,66.947,56.443,7.83,0
2025-08-12,R05,27.471,0.1451,3.082,52.115,55.108,7.718,1
2025-08-13,R05,27.594,0.245,7.194,56.999,36.263,7.856,1
2025-08-14,R05,24.344,0.3327,8.172,56.888,54.126,7.578,1
2025-08-15,R05,28.86,0.229,0.46,53.984,11.054,10.586,1
2025-08-16,R05,24.639,0.1891,1.227,60.193,50.747,7.942,1
2025-08-17,R05,26.506,0.2108,10.747,55.701,80.938,6.826,1
2025-08-18,R05,26.365,0.1756,4.962,60.103,51.276,8.899,1
2025-08-19,R05,28.681,0.1436,6.135,62.857,47.524,8.721,1
2025-08-20,R05,27.26,0.2286,26.058,67.51,57.035,8.347,1
2025-08-21,R05,25.944,0.1993,6.247,55.56,40.92,8.444,1
2025-08-22,R05,22.517,0.3862,4.106,63.481,44.796,7.705,1
2025-08-23,R05,25.675,0.3117,9.797,58.128,53.027,8.581,1
2025-08-24,R05,26.841,0.2093,12.961,61.161,52.869,7.059,1
2025-08-25,R05,26.868,0.2556,9.514,61.493,38.794,8.442,1
2025-08-26,R05,24.686,0.1832,7.023,59.46,62.532,7.021,1
2025-08-27,R05,26.367,0.1598,25.042,60.556,52.302,7.943,1
2025-08-28,R05,28.424,0.1262,1.434,55.806,33.98,10.827,1
2025-08-29,R05,25.891,0.2048,0.415,55.244,5,10.81,1
2025-08-30,R05,22.915,0.2264,1.836,58.717,27.843,9.366,1
2025-08-31,R05,26.712,0.2832,11.346,60.672,71.45,6.697,1
2025-09-01,R05,23.01,0.2647,14.437,63.866,54.672,6.532,0
2025-09-02,R05,24.43,0.3154,10.162,61.918,47.192,7.805,0
2025-09-03,R05,26.9,0.1777,13.65,65.542,28.844,8.745,1
2025-09-04,R05,22.677,0.3081,11.311,59.325,61.441,6.537,0
2025-09-05,R05,25.374,0.2318,24.322,64.387,62.044,6.603,0
2025-09-06,R05,24.197,0.2518,4.362,56.338,43.62,6.165,1
2025-09-07,R05,24.174,0.3064,8.316,65.654,52.425,6.225,0
2025-09-08,R05,22.904,0.2596,7.81,61.439,41.329,7.819,1
2025-09-09,R05,26.595,0.2645,2.885,51.176,23.778,10.497,1
2025-09-10,R05,24.827,0.3001,2.324,53.521,72.426,8.554,1
2025-09-11,R05,23.958,0.2956,11.814,60.089,53.93,7.42,1
2025-09-12,R05,26.977,0.274,4.922,58.154,33.319,7.918,1
2025-09-13,R05,21.92,0.2843,6.579,65.165,88.372,5.253,0
2025-09-14,R05,22.504,0.3481,8.383,61.817,45.25,5.725,0
2025-09-15,R05,26.901,0.1399,6.192,54.082,47.476,9.218,1
2025-09-16,R05,26.998,0.1178,6.59,54.859,34.582,8.646,1
2025-09-17,R05,25.067,0.2015,7.227,61.748,29.7,9.166,1
2025-09-18,R05,26.63,0.1794,8.057,59.53,66.919,7.538,1
2025-09-19,R05,23.968,0.3999,3.853,62.341,72.129,7.606,1
2025-09-20,R05,19.52,0.2309,14.766,63.346,50.737,8.118,1
2025-09-21,R05,23.656,0.1657,6.739,60.953,46.619,7.844,1
2025-09-22,R05,28.233,0.2481,12.522,61.234,52.186,11.002,1
2025-09-23,R05,24.544,0.3081,13.557,64.233,61.576,5.754,0
2025-09-24,R05,25.882,0.2347,3.363,52.578,11.941,9.229,1
2025-09-25,R05,24.123,0.3005,27.833,64.59,92.5,4.888,0
2025-09-26,R05,25.0,0.318,0.611,59.4,35.75,8.796,1
2025-09-27,R05,24.748,0.2709,6.158,58.202,39.742,10.309,1
2025-09-28,R05,25.926,0.3809,3.772,58.614,59.483,6.946,1
2025-09-29,R05,23.333,0.2893,5.92,58.008,33.962,9.551,1
2025-09-30,R05,24.057,0.1919,19.36,60.904,82.902,6.199,1
2025-10-01,R05,25.489,0.2381,5.91,59.177,38.204,8.478,1
2025-10-02,R05,24.953,0.2141,6.559,58.11,55.592,7.193,1
2025-10-03,R05,22.091,0.2563,17.442,64.354,78.738,7.94,1
2025-10-04,R05,24.897,0.2629,2.886,58.634,23.65,11.012,1
2025-10-05,R05,21.25,0.3003,2.979,61.054,38.834,8.461,1
2025-10-06,R05,23.496,0.162,3.559,53.434,73.539,5.297,1
2025-10-07,R05,25.53,0.2368,0.56,56.189,22.599,10.099,1
2025-10-08,R05,23.334,0.1419,3.61,53.147,54.364,7.881,1
2025-10-09,R05,25.405,0.2471,0.606,59.627,27.666,9.037,1
2025-10-10,R05,24.037,0.271,4.323,60.479,47.22,7.702,1
2025-10-11,R05,24.207,0.23,7.406,62.678,63.961,7.156,1
2025-10-12,R05,26.104,0.2274,5.934,57.374,48.22,8.359,1
2025-10-13,R05,27.263,0.1873,10.534,64.252,75.121,6.641,1
2025-10-14,R05,26.623,0.2043,14.163,61.329,61.913,7.864,1
2025-10-15,R05,23.67,0.1996,10.717,55.476,44.99,8.064,1
2025-10-16,R05,28.326,0.1799,6.439,58.653,69.406,8.992,1
2025-10-17,R05,22.437,0.247,8.459,59.104,43.439,7.878,1
2025-10-18,R05,25.634,0.2558,17.871,60.876,70.776,6.915,1
2025-10-19,R05,23.895,0.3077,1.411,51.388,46.838,7.977,1
2025-10-20,R05,27.417,0.1953,24.243,63.688,71.208,8.195,1
2025-10-21,R05,23.277,0.3549,9.592,60.324,74.402,6.028,0
2025-10-22,R05,28.494,0.2094,12.154,57.728,24.055,10.761,1
2025-10-23,R05,25.288,0.2679,6.682,57.096,35.683,9.943,1
2025-10-24,R05,24.722,0.29,2.125,57.763,32.109,10.955,1
2025-10-25,R05,24.527,0.3288,1.841,58.486,50.004,7.738,1
2025-10-26,R05,23.317,0.2698,24.106,67.009,83.676,6.514,0
2025-10-27,R05,26.023,0.2427,19.377,57.87,79.763,7.33,1
2025-10-28,R05,27.639,0.1991,4.699,56.57,25.594,9.291,1
2025-10-29,R05,21.456,0.3149,16.252,63.263,48.762,6.743,1
2025-10-30,R05,26.516,0.1076,8.074,63.897,32.921,9.524,1
2025-10-31,R05,22.584,0.4291,10.234,62.577,53.461,7.29,0
2025-11-01,R05,27.66,0.3035,16.187,62.137,51.655,9.325,1
2025-11-02,R05,27.097,0.2665,5.563,54.649,64.044,8.496,1
2025-11-03,R05,27.295,0.0527,8.964,62.111,41.737,9.147,1
2025-11-04,R05,26.609,0.2998,2.431,53.646,50.396,9.053,1
2025-11-05,R05,27.734,0.1251,8.502,58.41,68.898,7.677,1
2025-11-06,R05,25.848,0.2477,16.945,65.866,46.749,6.793,1
2025-11-07,R05,25.91,0.1858,6.76,55.162,72.435,6.68,1
2025-11-08,R05,23.863,0.2856,3.172,63.484,46.28,8.064,1
2025-11-09,R05,25.603,0.2987,23.272,64.992,55.196,7.469,0
2025-11-10,R05,26.854,0.198,1.566,59.058,30.304,9.044,1
2025-11-11,R05,26.346,0.2012,3.648,55.385,20.949,9.719,1
2025-11-12,R05,26.344,0.2571,12.273,53.52,51.273,9.749,1
2025-11-13,R05,27.57,0.1936,4.08,55.4,29.755,10.062,1
2025-11-14,R05,23.98,0.2918,28.416,66.659,40.228,8.648,0
2025-11-15,R05,23.883,0.1647,3.337,54.949,54.985,7.495,1
2025-11-16,R05,26.369,0.1708,14.138,62.53,60.55,7.573,1
2025-11-17,R05,27.763,0.1184,4.037,55.416,41.036,9.761,1
2025-11-18,R05,29.024,0.2075,17.51,57.871,73.244,7.575,1
2025-11-19,R05,25.217,0.2259,4.931,52.607,42.398,7.902,1
2025-11-20,R05,24.905,0.19,7.762,56.946,74.052,7.096,1
2025-11-21,R05,25.657,0.2475,1.439,55.254,67.966,7.058,1
2025-11-22,R05,28.268,0.2817,4.011,55.709,48.832,9.133,1
2025-11-23,R05,28.417,0.1649,17.133,64.272,60.244,7.074,1
2025-11-24,R05,27.852,0.0933,2.146,58.177,35.474,9.59,1
2025-11-25,R05,27.584,0.2174,1.889,53.829,5,10.891,1
2025-11-26,R05,27.9,0.2268,1.251,57.681,46.392,8.899,1
2025-11-27,R05,24.435,0.2211,2.169,62.685,55.402,7.154,1
2025-11-28,R05,28.25,0.2592,2.68,51.978,52.541,8.519,1
2025-11-29,R05,28.816,0.194,16.338,66.157,43.329,8.884,1
2025-11-30,R05,26.511,0.1684,6.272,57.183,37.951,8.659,1
2025-12-01,R05,26.339,0.1383,4.609,56.139,60.453,6.954,1
2025-12-02,R05,25.639,0.3158,10.998,58.251,61.689,8.142,1
2025-12-03,R05,27.131,0.1998,5.766,64.135,45.245,8.135,1
2025-12-04,R05,28.897,0.136,4.942,60.469,44.797,9.308,1
2025-12-05,R05,26.065,0.2188,3.051,55.617,25.198,9.016,1
2025-12-06,R05,25.753,0.1303,2.087,58.365,33.747,9.618,1
2025-12-07,R05,29.059,0.0826,2.497,51.313,26.403,8.405,1
2025-12-08,R05,26.632,0.2095,9.889,54.611,44.913,9.416,1
2025-12-09,R05,27.028,0.1966,9.26,60.356,79.286,5.997,1
2025-12-10,R05,28.599,0.1659,6.914,58.095,74.817,7.498,1
2025-12-11,R05,27.432,0.1945,9.186,58.022,63.293,7.225,1
2025-12-12,R05,29.064,0.1803,3.829,58.024,48.882,8.802,1
2025-12-13,R05,27.261,0.2857,3.139,65.86,78.637,7.509,1
2025-12-14,R05,28.575,0.2722,1.793,50.88,31.606,10.517,1
2025-12-15,R05,26.745,0.2372,4.971,54.512,58.609,8.088,1
2025-12-16,R05,26.819,0.204,7.227,58.372,64.806,7.366,1
2025-12-17,R05,30.32,0.1357,4.811,52.608,39.914,9.212,1
2025-12-18,R05,28.466,0.1251,1.418,54.574,33.506,9.276,1
2025-12-19,R05,31.064,0.1149,4.886,53.633,55.44,7.769,1
2025-12-20,R05,24.947,0.2783,2.484,57.748,19.489,10.478,1
2025-12-21,R05,29.12,0.1962,13.568,52.598,43.074,9.088,1
2025-12-22,R05,27.589,0.3603,15.123,61.044,50.102,8.529,1
2025-12-23,R05,28.97,0.2573,4.564,54.98,29.65,10.432,1
2025-12-24,R05,28.036,0.165,1.803,56.756,34.993,10.574,1
2025-12-25,R05,27.667,0.2712,8.353,56.121,61.576,8.974,1
2025-12-26,R05,28.739,0.173,15.472,57.153,50.602,7.558,1
2025-12-27,R05,27.05,0.3028,5.721,49.981,38.57,8.868,1
2025-12-28,R05,27.511,0.3069,2.732,54.878,51.704,8.012,1
2025-12-29,R05,31.646,0.2584,24.787,60.092,52.802,10.063,1
2025-12-30,R05,31.558,0.1818,2.528,52.81,53.687,8.723,1
2025-12-31,R05,29.82,0.2212,1.425,55.055,72.692,7.754,1
2025-01-01,R06,28.251,0.6922,15.355,58.668,45.444,9.515,1
2025-01-02,R06,29.022,0.6779,6.596,53.457,46.219,10.236,1
2025-01-03,R06,27.308,0.6878,6.087,55.996,86.008,7.015,0
2025-01-04,R06,32.871,0.652,8.233,51.617,16.613,10.383,1
2025-01-05,R06,30.5,0.4996,6.556,49.005,80.817,7.909,1
2025-01-06,R06,29.733,0.4737,5.03,51.405,41.827,9.492,1
2025-01-07,R06,30.468,0.6603,12.734,56.243,74.43,8.055,1
2025-01-08,R06,30.26,0.6612,2.394,46.412,60.075,8.444,1
2025-01-09,R06,30.325,0.554,7.089,46.082,36.88,11.156,1
2025-01-10,R06,31.892,0.6205,8.248,60.366,37.908,12.261,1
2025-01-11,R06,31.985,0.478,7.305,56.818,32.7,10.445,1
2025-01-12,R06,31.125,0.6206,5.06,51.732,60.022,8.444,1
2025-01-13,R06,31.818,0.6425,30.494,57.038,72.923,7.796,1
2025-01-14,R06,28.215,0.7163,1.112,52.859,51.525,8.882,1
2025-01-15,R06,31.085,0.624,4.924,47.938,56.669,8.247,1
2025-01-16,R06,29.074,0.7006,8.188,52.172,62.334,6.756,1
2025-01-17,R06,30.524,0.5562,28.274,57.743,62.494,9.503,1
2025-01-18,R06,28.806,0.6704,18.682,56.993,72.951,6.937,0
2025-01-19,R06,31.174,0.549,15.686,55.44,88.951,7.495,1
2025-01-20,R06,34.73,0.5403,15.698,54.026,93.338,6.704,1
2025-01-21,R06,30.326,0.5646,2.25,50.652,53.436,9.108,1
2025-01-22,R06,32.206,0.5986,8.053,50.011,81.158,8.417,1
2025-01-23,R06,33.085,0.5867,5.745,43.651,14.691,11.671,1
2025-01-24,R06,30.513,0.5738,6.998,49.577,39.718,9.155,1
2025-01-25,R06,30.374,0.5495,34.922,63.754,60.77,9.413,1
2025-01-26,R06,33.657,0.5073,6.41,54.259,45.84,10.578,1
2025-01-27,R06,34.959,0.5255,4.721,49.943,35.585,9.905,1
2025-01-28,R06,33.307,0.4769,24.899,58.843,50.254,10.4,1
2025-01-29,R06,29.792,0.6006,0.713,43.698,39.78,8.933,1
2025-01-30,R06,31.107,0.6069,6.295,49.224,47.968,9.335,1
2025-01-31,R06,32.518,0.5425,0.972,47.868,12.114,10.848,1
2025-02-01,R06,30.17,0.5887,15.418,59.22,50.921,7.655,1
2025-02-02,R06,30.97,0.5357,3.986,50.448,68.605,8.173,1
2025-02-03,R06,29.971,0.6095,3.202,45.059,44.576,10.09,1
2025-02-04,R06,30.375,0.5759,6.991,48.62,100,6.467,1
2025-02-05,R06,34.653,0.6238,4.538,54.255,47.285,10.016,1
2025-02-06,R06,31.127,0.4357,1.735,47.017,68.898,7.1,1
2025-02-07,R06,33.006,0.6081,10.917,52.444,65.676,9.276,1
2025-02-08,R06,35.612,0.6051,0.691,49.261,5,11.564,1
2025-02-09,R06,28.914,0.6507,6.804,51.942,44.498,9.03,1
2025-02-10,R06,33.207,0.633,2.876,41.279,41.366,10.238,1
2025-02-11,R06,34.461,0.5499,6.191,44.374,50.503,9.774,1
2025-02-12,R06,34.868,0.6023,6.095,53.08,32.826,10.104,1
2025-02-13,R06,34.969,0.5053,13.274,46.531,57.49,9.81,1
2025-02-14,R06,30.573,0.6363,7.813,50.869,58.865,10.636,1
2025-02-15,R06,32.658,0.6685,8.094,44.705,66.118,11.209,1
2025-02-16,R06,33.91,0.6325,8.962,46.613,85.121,9.459,1
2025-02-17,R06,36.714,0.4651,11.181,51.399,57.6,10.082,1
2025-02-18,R06,30.937,0.6056,14.128,53.031,60.789,8.167,1
2025-02-19,R06,33.313,0.5803,4.971,53.349,66.163,9.192,1
2025-02-20,R06,32.893,0.5833,8.79,46.97,42.489,9.729,1
2025-02-21,R06,30.802,0.7332,0.325,45.688,39.607,10.497,1
2025-02-22,R06,33.354,0.5689,5.521,47.653,99.333,8.217,1
2025-02-23,R06,32.514,0.5873,1.479,51.63,12.77,12.741,1
2025-02-24,R06,34.981,0.6155,19.001,52.752,62.131,8.767,1
2025-02-25,R06,32.519,0.6202,21.144,50.718,61.335,9.722,1
2025-02-26,R06,32.639,0.6152,16.032,56.632,41.183,10.756,1
2025-02-27,R06,31.95,0.518,4.519,48.933,78.721,7.731,1
2025-02-28,R06,36.718,0.5778,7.661,52.01,56.076,9.489,1
2025-03-01,R06,36.457,0.5964,9.721,46.281,60.663,9.539,1
2025-03-02,R06,34.297,0.67,3.562,48.825,39.806,12.213,1
2025-03-03,R06,37.823,0.6904,2.734,46.092,68.105,10.67,1
2025-03-04,R06,32.179,0.6466,13.482,49.597,67.314,10.618,1
2025-03-05,R06,34.707,0.5593,27.072,53.218,69.573,8.082,1
2025-03-06,R06,32.468,0.4611,15.642,51.925,80.855,9.43,1
2025-03-07,R06,32.469,0.5686,9.91,56.293,48.812,7.943,1
2025-03-08,R06,33.813,0.4985,1.901,40.372,32.333,11.215,1
2025-03-09,R06,34.168,0.5987,6.435,45.59,60.081,10.482,1
2025-03-10,R06,29.894,0.5533,12.973,51.882,42.728,10.821,1
2025-03-11,R06,35.145,0.6038,15.439,48.543,78.028,10.258,1
2025-03-12,R06,33.52,0.5877,4.993,44.775,45.641,10.466,1
2025-03-13,R06,36.51,0.4979,5.59,46.555,66.978,9.032,1
2025-03-14,R06,34.356,0.5779,3.676,47.356,16.383,10.646,1
2025-03-15,R06,34.237,0.5678,16.521,54.584,81.378,8.119,1
2025-03-16,R06,33.35,0.4725,13.112,51.69,63.384,8.201,1
2025-03-17,R06,36.257,0.5141,13.451,48.872,67.465,8.664,1
2025-03-18,R06,34.583,0.4484,15.516,56.854,45.95,10.913,1
2025-03-19,R06,32.184,0.5996,5.183,45.169,66.61,9.072,1
2025-03-20,R06,34.37,0.4899,3.21,48.469,10.773,12.086,1
2025-03-21,R06,32.42,0.502,13.746,50.492,68.545,9.53,1
2025-03-22,R06,33.777,0.5062,4.238,50.813,60.139,8.524,1
2025-03-23,R06,32.255,0.5004,20.636,57.426,68.913,7.41,1
2025-03-24,R06,30.106,0.5462,4.787,48.533,55.322,8.564,1
2025-03-25,R06,34.42,0.5839,24.215,53.45,82.24,9.274,1
2025-03-26,R06,36.819,0.6087,6.43,48.365,52.168,11.362,1
2025-03-27,R06,33.52,0.5673,12.515,49.936,81.623,8.1,1
2025-03-28,R06,31.269,0.6194,5.938,54.251,45.181,7.72,1
2025-03-29,R06,33.22,0.6272,4.901,47.209,59.216,10.192,1
2025-03-30,R06,34.981,0.5187,11.51,43.897,36.399,10.16,1
2025-03-31,R06,34.838,0.6499,16.795,53.054,57.66,11.016,1
2025-04-01,R06,35.003,0.5727,27.538,52.805,51.102,9.024,1
2025-04-02,R06,32.818,0.6077,7.335,51.191,26.346,9.96,1
2025-04-03,R06,33.995,0.6081,14.26,52.824,56.856,9.857,1
2025-04-04,R06,36.112,0.5576,2.236,49.043,46.951,11.174,1
2025-04-05,R06,35.381,0.5606,0.924,44.718,15.235,11.57,1
2025-04-06,R06,36.686,0.5483,2.939,43.297,20.726,12.031,1
2025-04-07,R06,34.71,0.4561,22.959,62.211,57.367,11.357,1
2025-04-08,R06,37.434,0.5385,7.828,53.526,54.662,11.211,1
2025-04-09,R06,36.136,0.6436,0.643,43.763,22.577,10.969,1
2025-04-10,R06,35.531,0.6865,22.867,52.967,72.82,8.622,1
2025-04-11,R06,35.555,0.5354,11.769,46.771,70.331,10.593,1
2025-04-12,R06,31.471,0.5989,3.203,50.68,70.029,8.939,1
2025-04-13,R06,33.079,0.6165,2.796,49.178,16.247,11.475,1
2025-04-14,R06,37.058,0.6154,1.353,44.011,72.929,9.659,1
2025-04-15,R06,33.681,0.4972,14.236,52.502,51.154,9.393,1
2025-04-16,R06,34.534,0.4679,14.879,58.654,34.698,10.098,1
2025-04-17,R06,31.337,0.5226,6.694,49.506,65.294,8.494,1
2025-04-18,R06,33.943,0.6778,17.83,57.381,42.705,10.942,1
2025-04-19,R06,34.331,0.6592,4.369,44.864,15.609,11.546,1
2025-04-20,R06,34.607,0.5298,28.71,55.225,65.833,9.805,1
2025-04-21,R06,34.363,0.5363,3.136,45.854,20.512,11.776,1
2025-04-22,R06,33.039,0.6592,2.21,46.826,24.382,12.033,1
2025-04-23,R06,36.221,0.4744,8.464,47.53,79.112,7.972,1
2025-04-24,R06,34.199,0.5563,21.231,49.676,59.873,10.193,1
2025-04-25,R06,35.111,0.4473,7.021,47.367,39.442,11.184,1
2025-04-26,R06,33.463,0.6774,16.936,55.802,50.647,10.083,1
2025-04-27,R06,35.938,0.5093,5.571,46.92,64.035,9.18,1
2025-04-28,R06,35.949,0.5696,12.685,50.871,42.712,10.756,1
2025-04-29,R06,35.514,0.4853,3.882,50.132,45.297,9.652,1
2025-04-30,R06,33.637,0.6367,33.683,62.836,77.93,9.528,1
2025-05-01,R06,35.734,0.5627,1.565,46.023,17.916,12.125,1
2025-05-02,R06,36.29,0.4608,7.38,47.479,63.244,10.406,1
2025-05-03,R06,32.691,0.7151,5.115,54.209,22.216,10.163,1
2025-05-04,R06,34.408,0.6067,13.136,51.158,59.227,9.524,1
2025-05-05,R06,32.924,0.4953,7.434,51.612,60.59,8.705,1
2025-05-06,R06,33.705,0.5448,7.486,47.716,38.87,10.428,1
2025-05-07,R06,31.947,0.6483,8.138,57.698,18.856,11.086,1
2025-05-08,R06,30.989,0.6136,4.56,47.981,34.845,9.945,1
2025-05-09,R06,35.147,0.607,9.656,47.967,46.804,11.55,1
2025-05-10,R06,32.166,0.6854,3.264,48.158,44.38,9.914,1
2025-05-11,R06,34.987,0.62,12.239,49.44,46.497,11.951,1
2025-05-12,R06,34.995,0.5954,3.983,47.811,50.802,9.619,1
2025-05-13,R06,34.778,0.4812,7.03,52.908,53.152,10.2,1
2025-05-14,R06,32.989,0.6802,1.634,44.36,36.254,9.444,1
2025-05-15,R06,32.645,0.6699,4.406,51.28,72.55,8.872,1
2025-05-16,R06,30.393,0.5439,2.754,50.656,30.115,10.515,1
2025-05-17,R06,33.401,0.4969,10.317,49.32,48.566,9.542,1
2025-05-18,R06,33.634,0.6364,11.777,51.15,76.027,8.951,1
2025-05-19,R06,32.238,0.6135,4.769,53.656,51.884,9.337,1
2025-05-20,R06,31.065,0.7225,1.872,47.202,45.564,9.745,1
2025-05-21,R06,34.883,0.5876,2.614,41.621,86.663,7.951,1
2025-05-22,R06,30.792,0.6539,21.08,58.096,56.18,10.818,1
2025-05-23,R06,35.043,0.483,12.478,49.878,67.568,9.29,1
2025-05-24,R06,31.745,0.5505,1.65,54.137,55.115,10.119,1
2025-05-25,R06,33.744,0.5233,1.184,52.139,23.506,11.621,1
2025-05-26,R06,32.203,0.548,2.14,48.591,29.256,9.887,1
2025-05-27,R06,32.268,0.5274,8.548,51.339,46.14,8.677,1
2025-05-28,R06,29.834,0.5971,6.283,49.912,44.054,9.025,1
2025-05-29,R06,32.692,0.5633,13.816,54.939,47.495,9.518,1
2025-05-30,R06,30.341,0.6375,6.857,51.229,44.045,8.599,1
2025-05-31,R06,31.53,0.5475,9.618,55.462,72.139,8.989,1
2025-06-01,R06,31.534,0.6437,1.451,53.191,70.427,8.235,1
2025-06-02,R06,31.553,0.6376,9.207,46.962,57.191,9.754,1
2025-06-03,R06,31.967,0.5163,7.763,52.581,58.613,8.477,1
2025-06-04,R06,30.774,0.687,3.717,47.572,38.671,9.308,1
2025-06-05,R06,33.145,0.5804,2.731,45.757,63.423,9.668,1
2025-06-06,R06,31.883,0.6214,8.636,49.653,75.107,8.003,1
2025-06-07,R06,31.682,0.6757,4.571,50.116,24.747,8.478,1
2025-06-08,R06,33.575,0.5879,11.403,45.542,75.039,9.605,1
2025-06-09,R06,33.031,0.6288,12.333,51.365,72.187,8.262,1
2025-06-10,R06,32.424,0.5006,4.996,48.819,33.692,10.354,1
2025-06-11,R06,32.599,0.5745,35.027,63.919,54.1,9.864,1
2025-06-12,R06,31.623,0.5772,10.734,53.435,64.881,7.834,1
2025-06-13,R06,30.923,0.5297,10.74,50.512,69.283,9.275,1
2025-06-14,R06,29.277,0.6537,6.026,55.783,74.7,7.593,1
2025-06-15,R06,31.311,0.5612,6.699,50.429,46.543,9.412,1
2025-06-16,R06,28.846,0.633,1.861,57.137,69.442,7.337,1
2025-06-17,R06,33.034,0.5946,2.068,42.256,25.179,10.474,1
2025-06-18,R06,33.276,0.4886,11.293,58.17,55.025,8.79,1
2025-06-19,R06,31.489,0.6018,2.575,51.67,40.027,10.119,1
2025-06-20,R06,30.895,0.5724,9.041,47.651,44.482,9.342,1
2025-06-21,R06,27.887,0.5945,3.15,48.768,27.932,9.431,1
2025-06-22,R06,30.627,0.6183,3.312,45.651,41.932,10.057,1
2025-06-23,R06,29.559,0.6279,4.528,55.571,73.163,9.051,1
2025-06-24,R06,30.61,0.5499,2.228,48.596,27.936,10.904,1
2025-06-25,R06,28.047,0.6149,0.929,46.778,5,11.82,1
2025-06-26,R06,32.463,0.5387,3.558,49.837,63.946,9.604,1
2025-06-27,R06,27.13,0.566,1.936,56.845,75.976,5.786,1
2025-06-28,R06,33.299,0.4819,9.882,49.007,49.992,8.948,1
2025-06-29,R06,30.933,0.6226,23.282,57.122,69.872,9.903,1
2025-06-30,R06,28.897,0.667,27.971,52.54,74.328,6.681,0
2025-07-01,R06,31.121,0.5189,1.918,47.47,42.874,10.117,1
2025-07-02,R06,31.683,0.5104,2.672,44.138,36.115,11.597,1
2025-07-03,R06,28.83,0.5886,5.666,49.476,73.607,6.197,1
2025-07-04,R06,32.195,0.5551,6.995,44.825,35.84,9.817,1
2025-07-05,R06,28.242,0.5781,5.259,53.989,52.726,7.935,1
2025-07-06,R06,29.614,0.5059,12.19,56.52,49.279,9.485,1
2025-07-07,R06,31.552,0.5568,29.235,60.312,72.806,7.821,1
2025-07-08,R06,28.064,0.6364,5.672,48.481,53.779,8.871,1
2025-07-09,R06,29.354,0.7073,9.984,57.903,66.904,7.581,1
2025-07-10,R06,30.791,0.6065,7.832,50.142,54.436,9.341,1
2025-07-11,R06,27.358,0.6288,1.097,49.623,66.5,8.082,1
2025-07-12,R06,28.838,0.7258,7.989,50.653,40.15,9.992,1
2025-07-13,R06,30.501,0.696,22.987,57.052,88.033,7.847,1
2025-07-14,R06,29.152,0.5556,2.397,50.194,35.572,9.561,1
2025-07-15,R06,29.974,0.5111,16.754,53.938,61.885,7.937,1
2025-07-16,R06,26.627,0.6296,8.95,53.796,54.501,7.288,1
2025-07-17,R06,29.1,0.69,1.22,46.922,33.809,9.579,1
2025-07-18,R06,29.288,0.6416,5.597,50.196,33.861,9.432,1
2025-07-19,R06,25.368,0.6569,5.521,55.515,58.353,7.431,1
2025-07-20,R06,26.909,0.6307,14.705,58.34,54.205,8.759,1
2025-07-21,R06,27.543,0.6767,28.235,60.712,70.348,7.186,0
2025-07-22,R06,27.892,0.6534,5.571,52.738,42.386,8.659,1
2025-07-23,R06,26.646,0.7123,34.89,64.464,41.973,8.721,1
2025-07-24,R06,28.185,0.6765,3.578,55.036,88.525,6.954,1
2025-07-25,R06,26.982,0.7027,20.056,64.145,57.647,7.751,0
2025-07-26,R06,26.831,0.684,28.214,60.316,100,6.464,0
2025-07-27,R06,28.161,0.6203,9.884,50.746,51.405,9.232,1
2025-07-28,R06,28.497,0.6519,15.956,51.891,52.233,9.41,1
2025-07-29,R06,28.077,0.5888,8.528,55.206,62.214,7.761,1
2025-07-30,R06,27.419,0.6595,14.149,55.232,55.955,6.813,0
2025-07-31,R06,28.068,0.6587,13.285,58.687,28.813,9.012,1
2025-08-01,R06,27.343,0.6319,22.442,58.577,88.346,7.549,0
2025-08-02,R06,25.909,0.6075,15.751,61.699,70.53,6.799,1
2025-08-03,R06,24.854,0.7616,5.46,51.907,49.815,8.932,1
2025-08-04,R06,31.497,0.4581,19.93,54.612,66.2,7.999,1
2025-08-05,R06,27.217,0.6472,3.688,49.331,27.501,9.28,1
2025-08-06,R06,28.512,0.6384,2.994,47.785,22.022,9.676,1
2025-08-07,R06,27.964,0.5893,18.896,53.114,100,7.034,1
2025-08-08,R06,25.68,0.7079,6.26,52.657,64.111,7.935,1
2025-08-09,R06,26.829,0.5091,4.819,50.216,39.939,9.475,1
2025-08-10,R06,25.687,0.6936,14.434,59.524,48.918,8.406,1
2025-08-11,R06,27.568,0.7798,7.895,49.493,38.587,7.868,1
2025-08-12,R06,24.828,0.6409,4.897,53.546,58.338,7.983,1
2025-08-13,R06,27.995,0.5778,16.033,57.991,69.338,9.28,1
2025-08-14,R06,25.883,0.7181,15.716,58.312,53.182,8.218,1
2025-08-15,R06,27.77,0.6415,5.351,55.392,40.382,9.531,1
2025-08-16,R06,25.326,0.6564,11.993,57.818,70.957,6.941,1
2025-08-17,R06,26.031,0.6865,19.571,60.349,62.14,8.415,1
2025-08-18,R06,25.708,0.5719,2.821,56.246,33.025,7.542,1
2025-08-19,R06,25.008,0.5875,3.336,54.725,32.873,8.983,1
2025-08-20,R06,26.302,0.7481,6.262,60.493,36.789,9.4,1
2025-08-21,R06,29.84,0.6069,9.271,53.179,65.489,8.067,1
2025-08-22,R06,26.848,0.663,11.558,51.569,52.153,8.909,1
2025-08-23,R06,24.233,0.5997,9.795,50.488,59.973,7.882,1
2025-08-24,R06,27.625,0.5937,0.458,54.966,73.893,8.101,1
2025-08-25,R06,25.089,0.5913,13.246,60.292,55.087,7.738,1
2025-08-26,R06,27.254,0.653,6.546,51.911,59.275,7.538,1
2025-08-27,R06,26.173,0.6423,16.376,54.64,73.992,6.661,0
2025-08-28,R06,25.38,0.7152,22.385,59.309,97.994,5.148,0
2025-08-29,R06,24.477,0.6478,12.876,59.043,62.894,8.042,1
2025-08-30,R06,25.325,0.6193,3.093,54.136,22.882,8.729,1
2025-08-31,R06,25.201,0.7272,9.015,51.141,54.432,7.161,1
2025-09-01,R06,24.081,0.6379,42.03,65.141,57.795,8.225,0
2025-09-02,R06,24.304,0.6629,2.75,54.86,48.171,6.618,1
2025-09-03,R06,26.171,0.6941,27.565,68.232,52.464,8.065,0
2025-09-04,R06,27.361,0.6959,4.478,55.016,40.326,9.271,1
2025-09-05,R06,24.803,0.6349,9.608,54.59,53.6,8.515,1
2025-09-06,R06,24.404,0.7088,7.638,62.317,36.21,7.525,0
2025-09-07,R06,21.947,0.6409,27.428,62.287,60.181,6.234,0
2025-09-08,R06,22.437,0.7529,14.828,58.059,79.913,5.896,0
2025-09-09,R06,26.335,0.5764,34.822,57.281,75.925,7.419,0
2025-09-10,R06,22.69,0.6951,3.126,52.942,33.445,8.5,1
2025-09-11,R06,22.559,0.6936,22.612,64.591,71.255,5.623,0
2025-09-12,R06,23.267,0.5611,1.288,56.411,30.033,7.204,1
2025-09-13,R06,29.764,0.695,0.675,55.495,18.116,12.269,1
2025-09-14,R06,22.264,0.659,12.856,56.608,29.213,6.855,0
2025-09-15,R06,24.786,0.7399,13.606,58.953,76.34,6.263,0
2025-09-16,R06,26.211,0.621,1.997,53.223,54.414,7.013,1
2025-09-17,R06,23.472,0.6882,1.141,53.205,65.124,6.514,1
2025-09-18,R06,24.661,0.7149,3.033,54.747,40.623,8.548,1
2025-09-19,R06,23.796,0.8126,7.789,54.372,65.097,6.3,0
2025-09-20,R06,28.117,0.6174,11.469,52.182,67.31,8.524,1
2025-09-21,R06,22.114,0.7676,0.482,56.689,5.525,9.002,1
2025-09-22,R06,26.392,0.7143,40.284,68.824,80.597,6.349,0
2025-09-23,R06,26.462,0.6139,8.174,50.886,47.909,8.243,1
2025-09-24,R06,26.493,0.6074,18.573,63.839,82.724,7.037,0
2025-09-25,R06,24.462,0.6849,16.662,48.939,63.957,9.117,1
2025-09-26,R06,21.64,0.5785,2.236,48.517,40.34,7.778,1
2025-09-27,R06,28.014,0.5912,5.898,50.299,37.974,10.81,1
2025-09-28,R06,25.649,0.5537,3.11,56.236,11.868,9.145,1
2025-09-29,R06,27.436,0.6674,13.61,49.479,52.884,8.69,1
2025-09-30,R06,26.988,0.6511,5.05,53.552,22.41,10.944,1
2025-10-01,R06,23.876,0.6851,2.195,54.104,45.285,8.332,1
2025-10-02,R06,24.353,0.7319,19.936,66.935,65.059,6.837,0
2025-10-03,R06,23.591,0.725,12.169,52.932,68.895,6.711,0
2025-10-04,R06,25.609,0.7075,13.769,54.855,62.106,8.126,1
2025-10-05,R06,21.923,0.6843,5.613,52.854,41.946,6.644,0
2025-10-06,R06,25.386,0.6743,8.108,57.056,34.568,10.285,1
2025-10-07,R06,26.922,0.5837,9.767,56.293,70.035,8.229,0
2025-10-08,R06,23.668,0.7274,12.882,61.376,61.838,7.166,0
2025-10-09,R06,25.415,0.614,8.529,51.43,25.927,9.349,1
2025-10-10,R06,23.349,0.6424,26.956,65.535,63.483,7.285,0
2025-10-11,R06,26.275,0.7157,0.637,49.454,82.991,6.513,1
2025-10-12,R06,26.49,0.5718,16.01,60.974,59.422,7.903,1
2025-10-13,R06,26.842,0.6484,4.412,55.042,39.259,7.731,1
2025-10-14,R06,24.615,0.6536,5.255,54.425,77.529,6.351,0
2025-10-15,R06,29.648,0.5936,11.254,46.548,97.838,6.074,1
2025-10-16,R06,25.44,0.6765,6.946,56.465,44.597,8.113,1
2025-10-17,R06,26.019,0.6961,3.383,54.794,56.084,6.539,1
2025-10-18,R06,26.412,0.6253,9.021,54.076,39.44,8.367,1
2025-10-19,R06,27.476,0.7875,13.495,58.869,51.21,8.681,1
2025-10-20,R06,28.398,0.6265,17.626,53.459,68.072,8.385,1
2025-10-21,R06,25.039,0.6179,14.2,55.949,66.584,6.386,0
2025-10-22,R06,26.949,0.5348,10.003,58.656,51.028,8.476,1
2025-10-23,R06,26.46,0.4954,6.111,53.368,29.204,9.802,1
2025-10-24,R06,25.971,0.7294,10.28,59.212,56.303,7.817,0
2025-10-25,R06,26.058,0.6612,5.468,51.701,35.237,8.824,1
2025-10-26,R06,25.624,0.6391,0.055,51.19,9.026,9.698,1
2025-10-27,R06,24.897,0.7561,24.002,61.021,63.986,6.707,0
2025-10-28,R06,24.1,0.581,7.952,54.034,51.271,7.405,1
2025-10-29,R06,24.378,0.6596,1.143,56.866,47.174,8.278,1
2025-10-30,R06,24.226,0.6324,3.186,51.724,62.582,6.696,1
2025-10-31,R06,26.193,0.681,10.622,54.893,54.853,7.328,1
2025-11-01,R06,24.531,0.6515,14.884,57.002,61.011,8.278,1
2025-11-02,R06,22.951,0.749,8.318,54.959,76.184,6.177,0
2025-11-03,R06,25.574,0.7742,19.391,64.692,36.119,7.467,0
2025-11-04,R06,25.978,0.6554,8.865,57.956,60.445,8.033,1
2025-11-05,R06,27.822,0.6739,2.547,47.915,34.675,9.027,1
2025-11-06,R06,24.147,0.7603,11.201,53.383,65.837,8.02,1
2025-11-07,R06,27.235,0.6118,3.189,56.867,50.547,10.067,1
2025-11-08,R06,22.51,0.6491,0.224,57.032,16.034,9.321,1
2025-11-09,R06,25.108,0.6884,10.823,58.674,41.265,9.035,1
2025-11-10,R06,27.416,0.6413,3.681,52.586,40.376,8.378,1
2025-11-11,R06,25.347,0.6596,12.718,55.505,59.1,8.052,1
2025-11-12,R06,26.125,0.5527,21.677,59.965,81.485,6.084,1
2025-11-13,R06,24.044,0.6272,13.87,52.17,67.047,6.712,0
2025-11-14,R06,25.377,0.6051,11.193,53.852,64.67,7.462,1
2025-11-15,R06,26.407,0.7435,16.058,52.438,81.742,6.999,1
2025-11-16,R06,27.079,0.6833,5.39,50.142,33.418,7.696,1
2025-11-17,R06,27.604,0.5901,7.298,49.824,57.541,8.114,1
2025-11-18,R06,25.214,0.5575,0.411,52.085,39.042,8.697,1
2025-11-19,R06,27.38,0.6088,6.516,53.841,26.252,9.797,1
2025-11-20,R06,25.904,0.7193,7.33,52.568,24.335,10.05,1
2025-11-21,R06,28.061,0.654,20.516,54.039,46.662,8.907,1
2025-11-22,R06,24.477,0.6764,17.565,61.46,51.898,7.691,0
2025-11-23,R06,26.909,0.7485,2.216,52.331,36.255,8.632,1
2025-11-24,R06,24.042,0.6357,25.414,61.283,54.99,7.708,0
2025-11-25,R06,28.193,0.5714,7.081,53.29,64.821,7.874,1
2025-11-26,R06,26.22,0.6933,14.223,61.389,65.976,7.775,0
2025-11-27,R06,30.465,0.5676,10.858,53.133,57.227,9.833,1
2025-11-28,R06,29.272,0.5893,2.715,50.325,60.894,9.14,1
2025-11-29,R06,27.721,0.5613,8.772,54.73,45.011,8.872,1
2025-11-30,R06,27.072,0.6857,2.183,54.297,25.421,9.925,1
2025-12-01,R06,30.083,0.6321,17.034,54.676,76.946,5.894,0
2025-12-02,R06,27.794,0.5367,4.429,49.735,31.727,8.874,1
2025-12-03,R06,27.451,0.6271,1.972,53.218,41.626,7.227,1
2025-12-04,R06,27.8,0.5691,5.65,51.503,48.662,8.895,1
2025-12-05,R06,28.013,0.7548,18.562,60.218,57.831,7.395,0
2025-12-06,R06,28.918,0.6275,4.953,57.91,75.238,6.673,0
2025-12-07,R06,22.358,0.6752,16.089,62.44,55.214,7.233,0
2025-12-08,R06,29.61,0.5625,16.414,56.344,59.054,9.044,1
2025-12-09,R06,30.465,0.5743,17.68,57.576,73.781,7.073,1
2025-12-10,R06,24.981,0.6513,3.725,51.416,54.347,8.643,1
2025-12-11,R06,29.388,0.6506,18.342,58.63,49.181,10.628,1
2025-12-12,R06,28.567,0.813,9.838,52.502,49.301,8.941,1
2025-12-13,R06,32.131,0.6231,1.734,50.247,54.833,9.417,1
2025-12-14,R06,27.611,0.6236,46.082,64.002,78.846,6.927,0
2025-12-15,R06,28.476,0.6327,4.481,47.771,47.034,8.382,1
2025-12-16,R06,31.68,0.6881,6.482,53.407,78.822,8.067,1
2025-12-17,R06,29.415,0.7528,5.121,52.741,58.602,8.107,1
2025-12-18,R06,28.507,0.6212,6.958,55.54,50.615,8.94,1
2025-12-19,R06,27.627,0.595,2.698,51.166,71.874,7.561,1
2025-12-20,R06,28.147,0.69,1.794,46.913,33.352,9.752,1
2025-12-21,R06,29.507,0.557,25.8,61.741,76.965,7.006,0
2025-12-22,R06,27.185,0.6202,5.952,61.742,46.464,8.252,0
2025-12-23,R06,27.779,0.632,8.992,54.713,32.48,8.949,1
2025-12-24,R06,30.438,0.5838,0.589,45.131,11.477,11.395,1
2025-12-25,R06,30.311,0.6697,12.597,54.938,37.7,9.119,1
2025-12-26,R06,24.268,0.7029,20.651,61.479,75.303,6.032,0
2025-12-27,R06,32.265,0.5744,1.761,49.785,38.46,9.428,1
2025-12-28,R06,28.215,0.6318,6.305,52.172,47.491,7.488,1
2025-12-29,R06,30.031,0.5891,2.209,49.797,57.801,7.864,1
2025-12-30,R06,29.382,0.6965,6.085,54.432,23.07,9.555,1
2025-12-31,R06,30.142,0.5256,4.044,51.645,47.665,9.466,1
2025-01-01,R07,27.996,0.717,4.449,29.75,44.653,8.405,1
2025-01-02,R07,28.106,0.7142,5.065,22.36,55.445,6.855,1
2025-01-03,R07,29.536,0.7738,8.509,30.387,41.176,10.101,1
2025-01-04,R07,28.249,0.6704,3.765,19.384,39.695,9.026,1
2025-01-05,R07,27.414,0.7246,4.639,21.376,57.179,7.663,1
2025-01-06,R07,31.169,0.603,9.731,20.673,38.636,10.022,1
2025-01-07,R07,27.899,0.6378,1.122,23.583,47.052,9.849,1
2025-01-08,R07,29.519,0.7028,9.293,27.489,59.303,9.385,1
2025-01-09,R07,30.234,0.647,0.464,24.084,18.849,9.921,1
2025-01-10,R07,29.239,0.6217,6.433,24.304,69.514,8.397,1
2025-01-11,R07,27.088,0.7446,5.145,27.329,80.148,6.814,1
2025-01-12,R07,29.288,0.7606,6.663,23.333,50.581,10.44,1
2025-01-13,R07,29.833,0.6545,7.539,26.65,24.045,10.751,1
2025-01-14,R07,29.326,0.617,24.231,25.626,70.96,7.716,1
2025-01-15,R07,30.703,0.7344,5.672,23.084,38.582,10.906,1
2025-01-16,R07,31.161,0.6324,13.733,28.214,71.973,8.451,1
2025-01-17,R07,31.579,0.4635,23.962,27.753,79.384,7.348,1
2025-01-18,R07,32.417,0.6731,7.46,23.232,41.988,10.321,1
2025-01-19,R07,32.789,0.6543,6.82,24.257,63.637,9.524,1
2025-01-20,R07,33.237,0.6644,11.701,16.311,47.073,10.472,1
2025-01-21,R07,31.309,0.5993,4.974,27.918,36.61,10.074,1
2025-01-22,R07,32.332,0.6042,3.689,21.488,32.468,10.765,1
2025-01-23,R07,30.318,0.6563,7.297,23.255,71.157,8.012,1
2025-01-24,R07,29.861,0.6941,15.778,25.578,67.083,8.951,1
2025-01-25,R07,29.822,0.5886,4.026,18.838,57.319,7.703,1
2025-01-26,R07,30.994,0.5776,11.384,26.842,63.592,7.857,1
2025-01-27,R07,33.586,0.5856,9.187,29.346,46.151,9.802,1
2025-01-28,R07,34.858,0.537,5.578,20.514,46.972,8.783,1
2025-01-29,R07,27.428,0.7207,5.409,24.36,44.152,9.045,1
2025-01-30,R07,36.371,0.5898,15.144,21.094,38.692,10.728,1
2025-01-31,R07,29.965,0.7347,14.443,22.296,56.564,7.98,1
2025-02-01,R07,27.779,0.6186,5.497,24.534,30.181,8.926,1
2025-02-02,R07,30.137,0.5489,17.758,25.595,55.777,9.453,1
2025-02-03,R07,29.136,0.5943,4.033,25.549,80.16,7.91,1
2025-02-04,R07,32.37,0.4584,13.941,26.493,69.191,8.531,1
2025-02-05,R07,30.864,0.6914,10.273,24.823,39.281,10.189,1
2025-02-06,R07,33.163,0.6231,4.64,17.408,70.064,7.506,1
2025-02-07,R07,31.281,0.6579,2.55,23.746,67.282,8.827,1
2025-02-08,R07,32.205,0.6221,18.48,28.062,59.475,9.461,1
2025-02-09,R07,27.626,0.6291,1.48,19.323,20.993,10.598,1
2025-02-10,R07,33.932,0.592,12.743,27.23,20.332,11.46,1
2025-02-11,R07,30.332,0.6612,6.585,19.61,54.257,9.975,1
2025-02-12,R07,32.708,0.5093,13.87,29.924,30.121,10.969,1
2025-02-13,R07,32.163,0.7465,3.077,19.673,66.738,9.567,1
2025-02-14,R07,31.46,0.5802,24.73,23.939,66.981,8.015,1
2025-02-15,R07,30.583,0.7469,9.902,28.182,64.585,8.363,1
2025-02-16,R07,30.614,0.7022,2.183,22.835,34.871,8.448,1
2025-02-17,R07,30.912,0.6099,10.272,21.967,62.482,8.813,1
2025-02-18,R07,31.85,0.737,4.744,25.707,60.276,8.026,1
2025-02-19,R07,34.385,0.634,18.649,21.081,78.081,9.366,1
2025-02-20,R07,30.976,0.6128,2.135,23.057,24.559,10.193,1
2025-02-21,R07,36.782,0.6065,2.677,19.887,53.897,11.573,1
2025-02-22,R07,35.627,0.5047,2.706,19.121,28.915,11.967,1
2025-02-23,R07,34.188,0.5437,8.126,23.099,74.083,8.814,1
2025-02-24,R07,34.401,0.6323,16.294,19.554,96.14,8.926,1
2025-02-25,R07,30.216,0.6952,10.618,26.823,43.459,9.361,1
2025-02-26,R07,33.449,0.5412,6.139,19.488,45.22,9.27,1
2025-02-27,R07,29.117,0.5676,7.193,24.233,66.747,7.724,1
2025-02-28,R07,33.368,0.6049,11.56,27.404,31.828,10.344,1
2025-03-01,R07,33.75,0.5612,13.146,23.908,44.447,10.911,1
2025-03-02,R07,33.304,0.5669,15.712,27.271,57.344,8.353,1
2025-03-03,R07,32.596,0.5606,20.956,28.615,72.798,9.681,1
2025-03-04,R07,33.811,0.6667,10.756,18.535,34.087,10.238,1
2025-03-05,R07,35.289,0.5355,40.053,32.271,45.004,11.149,1
2025-03-06,R07,33.26,0.5623,10.739,22.26,68.824,7.861,1
2025-03-07,R07,30.228,0.6329,3.07,27.5,36.812,9.965,1
2025-03-08,R07,33.124,0.6436,10.145,23.714,55.262,9.514,1
2025-03-09,R07,33.291,0.6489,3.363,19.546,71.991,9.325,1
2025-03-10,R07,31.551,0.6424,19.062,32.005,51.427,8.138,1
2025-03-11,R07,34.554,0.6398,14.034,24.94,44.72,11.314,1
2025-03-12,R07,33.393,0.5112,29.696,27.484,94.371,8.39,1
2025-03-13,R07,31.861,0.6725,3.157,19.727,57.765,10.411,1
2025-03-14,R07,33.859,0.6091,4.006,24.133,35.984,11.022,1
2025-03-15,R07,32.63,0.6373,3.259,24.509,37.357,10.105,1
2025-03-16,R07,32.784,0.7511,20.538,28.126,75.92,8.371,1
2025-03-17,R07,33.126,0.6445,5.332,23.11,55.766,10.494,1
2025-03-18,R07,33.731,0.5903,10.094,22.694,28.572,9.609,1
2025-03-19,R07,32.264,0.4675,1.738,24.21,8.397,12.288,1
2025-03-20,R07,35.505,0.5857,5.867,23.897,40.53,10.724,1
2025-03-21,R07,29.801,0.6001,1.808,21.22,40.011,9.934,1
2025-03-22,R07,32.191,0.6291,3.502,20.9,75.649,8.367,1
2025-03-23,R07,32.375,0.696,0.777,21.059,48.647,10.295,1
2025-03-24,R07,33.757,0.6,7.407,25.288,54.511,9.419,1
2025-03-25,R07,31.946,0.6121,4.21,25.232,33.603,9.967,1
2025-03-26,R07,33.915,0.6617,26.565,26.989,74.444,7.56,1
2025-03-27,R07,33.031,0.5372,6.372,24.029,66.278,9.055,1
2025-03-28,R07,34.766,0.6411,9.063,21.639,65.168,8.21,1
2025-03-29,R07,29.638,0.5965,17.376,25.541,74.918,6.965,1
2025-03-30,R07,32.493,0.6118,18.882,32.249,85.554,7.275,1
2025-03-31,R07,32.231,0.6884,5.558,25.679,56.205,8.353,1
2025-04-01,R07,32.789,0.644,21.773,30.184,75.761,7.896,1
2025-04-02,R07,35.403,0.6343,4.657,25.557,34.528,10.462,1
2025-04-03,R07,35.873,0.6734,5.482,18.164,53.44,8.986,1
2025-04-04,R07,35.097,0.6994,6.104,17.371,38.607,11.61,1
2025-04-05,R07,37.684,0.6652,19.741,23.374,46.963,10.26,1
2025-04-06,R07,32.44,0.5562,0.77,21.4,74.363,9.332,1
2025-04-07,R07,31.245,0.5748,4.392,22.646,40.885,10.082,1
2025-04-08,R07,34.906,0.6084,9.68,19.851,44.829,10.1,1
2025-04-09,R07,33.674,0.6223,0.607,21.433,16.1,11.743,1
2025-04-10,R07,32.799,0.6188,30.903,26.709,85.735,7.858,1
2025-04-11,R07,32.119,0.5625,5.3,18.578,57.186,10.058,1
2025-04-12,R07,36.061,0.591,16.89,23.219,76.567,9.516,1
2025-04-13,R07,33.909,0.5446,18.014,29.113,53.837,9.95,1
2025-04-14,R07,33.422,0.58,15.156,27.252,65.562,9.622,1
2025-04-15,R07,30.56,0.6364,7.182,25.923,53.22,8.526,1
2025-04-16,R07,34.869,0.6736,5.14,16.956,36.028,11.405,1
2025-04-17,R07,32.054,0.5961,6.682,24.199,39.516,9.965,1
2025-04-18,R07,29.871,0.7154,2.991,18.875,28.684,10.773,1
2025-04-19,R07,30.116,0.6738,11.475,28.602,50.545,9.288,1
2025-04-20,R07,33.984,0.6756,7.963,27.39,42.837,10.054,1
2025-04-21,R07,33.525,0.5505,4.894,25.176,62.304,8.405,1
2025-04-22,R07,33.379,0.6259,12.409,21.454,49.499,9.282,1
2025-04-23,R07,32.625,0.5521,4.072,21.547,44.733,10.447,1
2025-04-24,R07,30.258,0.6391,8.82,17.12,68.914,8.796,1
2025-04-25,R07,32.947,0.571,6.023,24.043,96.145,8.061,1
2025-04-26,R07,33.632,0.6297,23.97,26.598,66.25,8.375,1
2025-04-27,R07,33.167,0.4571,0.491,17.224,56.333,9.947,1
2025-04-28,R07,34.384,0.6309,7.483,21.167,79.696,8.13,1
2025-04-29,R07,33.271,0.5696,15.819,22.31,52.305,9.95,1
2025-04-30,R07,35.321,0.688,5.409,22.163,66.881,8.519,1
2025-05-01,R07,35.555,0.618,4.011,22.187,34.353,12.683,1
2025-05-02,R07,33.603,0.6526,7.372,22.031,68.595,8.17,1
2025-05-03,R07,33.988,0.5724,26.694,24.45,72.211,8.782,1
2025-05-04,R07,34.008,0.6491,6.357,22.542,80.09,9.227,1
2025-05-05,R07,29.76,0.5785,2.253,26.034,55.499,8.524,1
2025-05-06,R07,30.596,0.5893,9.661,26.493,54.146,10.454,1
2025-05-07,R07,31.821,0.6855,4.01,22.64,60.519,8.688,1
2025-05-08,R07,34.769,0.6574,16.424,26.811,81.718,9.222,1
2025-05-09,R07,32.94,0.6546,4.274,24.545,51.781,9.731,1
2025-05-10,R07,31.143,0.7477,13.183,28.283,64.993,8.227,1
2025-05-11,R07,30.346,0.5442,3.044,24.873,42.769,9.055,1
2025-05-12,R07,32.539,0.5211,27.346,28.322,37.883,9.459,1
2025-05-13,R07,35.685,0.5323,1.002,15.68,67.538,10.275,1
2025-05-14,R07,32.877,0.6906,3.526,20.148,52.171,10.503,1
2025-05-15,R07,32.219,0.6079,28.72,32.327,77.11,8.593,1
2025-05-16,R07,32.5,0.6211,30.946,35.042,58.407,8.889,1
2025-05-17,R07,35.706,0.5957,15.892,20.451,77.274,7.714,1
2025-05-18,R07,28.928,0.7518,7.07,20.943,36.401,10.447,1
2025-05-19,R07,34.335,0.6786,2.903,20.862,84.619,7.082,1
2025-05-20,R07,32.157,0.5279,2.125,20.456,19.947,10.279,1
2025-05-21,R07,30.207,0.6668,12.717,19.337,83.78,7.237,1
2025-05-22,R07,35.443,0.595,11.63,17.063,56.156,10.553,1
2025-05-23,R07,30.077,0.5756,5.128,26.778,24.98,11.873,1
2025-05-24,R07,32.785,0.6299,7.226,26.452,76.462,6.587,1
2025-05-25,R07,28.885,0.6834,5.337,19.725,50.515,8.489,1
2025-05-26,R07,34.165,0.628,10.965,21.091,42.245,10.17,1
2025-05-27,R07,34.569,0.657,3.738,21.443,55.375,9.972,1
2025-05-28,R07,30.718,0.6541,9.476,23.654,50.417,9.672,1
2025-05-29,R07,32.507,0.5785,9.793,24.92,28.966,9.613,1
2025-05-30,R07,27.409,0.7143,17.035,28.951,35.286,9.632,1
2025-05-31,R07,30.094,0.5843,4.409,27.392,48.975,10.009,1
2025-06-01,R07,33.171,0.6183,5.539,27.165,24.819,10.98,1
2025-06-02,R07,28.604,0.7193,28.026,30.579,53.456,9.062,1
2025-06-03,R07,31.861,0.7006,17.896,27.696,55.404,9.798,1
2025-06-04,R07,30.71,0.6079,4.547,20.349,68.885,9.368,1
2025-06-05,R07,31.406,0.5877,19.727,27.749,49.394,9.815,1
2025-06-06,R07,33.043,0.6696,8.234,22.392,39.232,10.783,1
2025-06-07,R07,26.528,0.7419,2.837,30.928,19.289,9.462,1
2025-06-08,R07,31.256,0.6201,27.131,33.344,61.974,8.181,1
2025-06-09,R07,33.429,0.6387,15.216,33.034,67.286,7.557,1
2025-06-10,R07,30.246,0.5841,14.167,25.664,66.957,9.015,1
2025-06-11,R07,30.251,0.7482,8.705,29.868,44.869,9.144,1
2025-06-12,R07,28.297,0.5962,10.544,26.72,68.384,8.297,1
2025-06-13,R07,28.139,0.7695,2.064,17.989,22.502,10.695,1
2025-06-14,R07,31.251,0.5652,5.754,24.44,89.708,7.144,1
2025-06-15,R07,30.854,0.6453,4.639,23.613,52.774,9.496,1
2025-06-16,R07,31.65,0.685,16.112,26.625,61.041,9.564,1
2025-06-17,R07,33.867,0.6931,2.153,21.06,66.534,8.508,1
2025-06-18,R07,29.672,0.7468,26.682,22.643,86.308,6.68,1
2025-06-19,R07,32.459,0.627,5.971,19.242,20.202,11.287,1
2025-06-20,R07,28.375,0.6786,10.031,21.659,53.855,9.547,1
2025-06-21,R07,28.664,0.7196,12.199,23.055,49.731,10.064,1
2025-06-22,R07,29.166,0.69,11.461,26.107,68.426,9.396,1
2025-06-23,R07,28.937,0.5776,4.237,21.15,34.597,9.063,1
2025-06-24,R07,29.098,0.6171,3.452,18.621,39.345,8.334,1
2025-06-25,R07,27.015,0.6463,12.065,28.578,56.48,7.983,1
2025-06-26,R07,30.179,0.5731,4.824,24.666,49.053,9.288,1
2025-06-27,R07,29.563,0.5569,5.145,24.176,68.189,7.8,1
2025-06-28,R07,28.844,0.7377,3.144,29.433,28.252,9.141,1
2025-06-29,R07,26.561,0.7358,1.77,22.492,21.692,9.766,1
2025-06-30,R07,29.912,0.5915,15.323,28.213,48.579,10.752,1
2025-07-01,R07,27.725,0.7293,12.408,25.641,57.636,9.195,1
2025-07-02,R07,31.716,0.5453,2.133,19.437,38.654,9.993,1
2025-07-03,R07,25.586,0.6271,2.564,22.305,25.405,9.631,1
2025-07-04,R07,32.393,0.724,15.811,23.764,40.831,10.156,1
2025-07-05,R07,29.808,0.703,3.587,25.679,35.254,9.232,1
2025-07-06,R07,29.346,0.6713,14.739,31.419,87.52,6.288,1
2025-07-07,R07,29.055,0.633,5.346,20.057,76.422,8.796,1
2025-07-08,R07,27.423,0.6895,8.949,29.069,59.899,7.429,1
2025-07-09,R07,26.966,0.6798,4.867,23.978,35.303,7.901,1
2025-07-10,R07,27.059,0.6747,12.075,30.972,48.939,8.713,1
2025-07-11,R07,29.266,0.6101,19.163,26.621,77.948,7.813,1
2025-07-12,R07,28.62,0.6941,8.187,24.081,95.061,5.819,1
2025-07-13,R07,25.831,0.6114,21.886,36.679,79.629,7.944,1
2025-07-14,R07,24.999,0.7353,0.608,18.553,42.303,8.376,1
2025-07-15,R07,29.772,0.644,8.175,22.621,56.044,8.547,1
2025-07-16,R07,29.858,0.6206,2.996,26.192,32.02,10.577,1
2025-07-17,R07,23.185,0.705,3.87,27.06,18.847,9.161,1
2025-07-18,R07,28.437,0.6896,13.476,26.948,67.673,7.004,1
2025-07-19,R07,31.81,0.7624,13.237,29.01,73.93,9.449,1
2025-07-20,R07,29.374,0.639,4.093,24.447,48.757,9.298,1
2025-07-21,R07,30.62,0.5664,6.573,27.293,68.552,8.63,1
2025-07-22,R07,29.156,0.5697,8.842,28.28,43.509,8.672,1
2025-07-23,R07,25.889,0.7215,5.24,26.138,25.335,8.395,1
2025-07-24,R07,27.972,0.7808,6.217,24.275,67.916,8.728,1
2025-07-25,R07,24.953,0.7587,1.079,25.276,22.754,8.299,1
2025-07-26,R07,29.793,0.5799,4.789,19.608,71.41,8.157,1
2025-07-27,R07,25.014,0.6925,6.593,21.407,51.24,8.504,1
2025-07-28,R07,30.273,0.6447,9.689,25.089,63.084,9.907,1
2025-07-29,R07,27.062,0.6832,7.356,27.524,53.009,7.56,1
2025-07-30,R07,27.979,0.6605,18.457,29.299,60.716,8.414,1
2025-07-31,R07,26.265,0.6289,10.116,24.099,46.099,7.851,1
2025-08-01,R07,24.883,0.6926,4.242,27.389,41.515,8.307,1
2025-08-02,R07,25.092,0.8203,6.544,31.84,74.422,6.477,1
2025-08-03,R07,26.64,0.7582,8.171,26.073,69.178,7.442,1
2025-08-04,R07,26.924,0.666,4.472,22.369,70.573,7.618,1
2025-08-05,R07,27.233,0.6181,1.145,26.983,46.661,9.319,1
2025-08-06,R07,28.812,0.7375,2.184,19.629,80.512,6.117,1
2025-08-07,R07,27.947,0.6684,3.389,22.0,39.494,10.187,1
2025-08-08,R07,26.515,0.6606,1.724,23.581,53.043,8.355,1
2025-08-09,R07,26.877,0.7873,3.173,21.286,21.785,10.936,1
2025-08-10,R07,24.304,0.7303,0.339,27.725,46.83,7.231,1
2025-08-11,R07,26.435,0.7192,8.225,26.407,53.405,6.859,1
2025-08-12,R07,25.11,0.6386,17.978,30.786,68.473,6.85,1
2025-08-13,R07,23.438,0.6839,1.377,24.028,30.669,10.187,1
2025-08-14,R07,24.212,0.7114,1.423,19.178,27.889,9.347,1
2025-08-15,R07,26.351,0.8061,5.85,26.381,25.43,9.801,1
2025-08-16,R07,26.093,0.6782,3.374,22.353,48.452,9.505,1
2025-08-17,R07,27.378,0.6752,2.106,30.765,55.607,7.602,1
2025-08-18,R07,24.14,0.6338,25.917,29.274,73.074,6.471,1
2025-08-19,R07,24.515,0.6562,1.109,22.77,34.069,8.743,1
2025-08-20,R07,24.23,0.6727,4.274,24.727,69.959,7.213,1
2025-08-21,R07,25.914,0.7821,11.06,29.871,61.301,6.54,1
2025-08-22,R07,26.237,0.5933,11.129,27.019,49.451,7.909,1
2025-08-23,R07,23.989,0.8177,12.644,28.359,52.156,7.308,1
2025-08-24,R07,24.329,0.6923,0.357,25.904,58.56,8.858,1
2025-08-25,R07,23.983,0.686,9.895,28.847,60.742,7.063,1
2025-08-26,R07,27.071,0.8245,0.25,22.878,7.597,10.926,1
2025-08-27,R07,27.305,0.6141,15.837,31.407,49.684,11.362,1
2025-08-28,R07,23.288,0.7086,20.823,28.621,42.26,7.689,1
2025-08-29,R07,24.169,0.7441,8.437,29.717,68.982,6.776,1
2025-08-30,R07,24.788,0.7146,21.717,34.476,92.881,5.04,1
2025-08-31,R07,25.475,0.5926,6.071,29.437,43.017,8.212,1
2025-09-01,R07,25.079,0.6361,8.54,26.573,63.179,7.009,1
2025-09-02,R07,23.624,0.8009,18.972,32.077,52.985,9.402,1
2025-09-03,R07,24.922,0.7429,4.714,24.306,73.376,7.508,1
2025-09-04,R07,25.715,0.7432,9.208,27.612,35.121,8.881,1
2025-09-05,R07,25.976,0.6502,14.349,32.885,89.939,4.614,1
2025-09-06,R07,23.685,0.6749,29.129,37.355,59.38,5.976,0
2025-09-07,R07,27.192,0.8139,10.546,26.642,60.661,7.872,1
2025-09-08,R07,19.923,0.8026,14.053,32.165,55.401,6.391,1
2025-09-09,R07,23.493,0.7213,8.439,25.851,44.055,6.913,1
2025-09-10,R07,25.364,0.716,36.941,33.67,87.73,6.529,1
2025-09-11,R07,23.854,0.632,8.731,30.731,58.884,7.628,1
2025-09-12,R07,22.46,0.6435,22.698,34.075,59.788,6.736,1
2025-09-13,R07,22.094,0.7604,6.701,27.298,53.291,6.437,1
2025-09-14,R07,23.806,0.6725,4.29,23.37,36.38,9.749,1
2025-09-15,R07,21.805,0.7287,13.772,29.286,92.863,4.736,1
2025-09-16,R07,23.829,0.7364,20.109,33.035,62.49,5.941,1
2025-09-17,R07,22.218,0.668,2.596,29.14,5.635,10.422,1
2025-09-18,R07,25.632,0.6412,11.201,27.322,50.871,7.753,1
2025-09-19,R07,24.012,0.7283,9.499,23.492,66.786,8.006,1
2025-09-20,R07,23.484,0.7766,10.694,28.525,56.068,7.668,1
2025-09-21,R07,22.393,0.7024,7.224,28.677,62.32,7.221,1
2025-09-22,R07,26.132,0.5929,4.91,25.502,49.678,8.939,1
2025-09-23,R07,23.497,0.7242,4.35,26.103,29.963,8.357,1
2025-09-24,R07,26.173,0.7466,1.48,25.621,44.431,8.679,1
2025-09-25,R07,24.624,0.7498,13.382,27.177,27.914,9.568,1
2025-09-26,R07,22.126,0.7803,3.692,22.513,76.519,7.129,1
2025-09-27,R07,24.932,0.6511,3.689,17.708,78.054,6.573,1
2025-09-28,R07,26.957,0.7359,23.597,28.562,50.362,7.993,1
2025-09-29,R07,22.936,0.8318,4.268,23.601,63.951,8.292,1
2025-09-30,R07,23.318,0.6693,3.756,25.252,25.427,8.355,1
2025-10-01,R07,22.17,0.8012,5.948,31.427,43.134,6.551,1
2025-10-02,R07,25.388,0.7329,12.234,32.144,66.737,6.835,1
2025-10-03,R07,23.424,0.7621,12.024,28.268,44.831,8.842,1
2025-10-04,R07,24.371,0.7263,5.784,23.471,54.607,8.456,1
2025-10-05,R07,22.935,0.5337,3.611,27.168,79.325,5.681,1
2025-10-06,R07,21.033,0.7623,21.72,31.935,80.113,5.453,1
2025-10-07,R07,23.457,0.6977,8.965,28.036,60.344,7.742,1
2025-10-08,R07,23.861,0.7952,3.843,26.447,33.297,8.937,1
2025-10-09,R07,25.149,0.6397,4.879,24.107,58.045,5.62,1
2025-10-10,R07,25.05,0.7673,7.444,22.925,27.127,9.263,1
2025-10-11,R07,26.932,0.6805,12.848,29.983,45.257,8.601,1
2025-10-12,R07,23.469,0.666,3.149,22.557,42.139,7.29,1
2025-10-13,R07,26.286,0.7683,6.739,34.445,57.401,9.644,1
2025-10-14,R07,22.889,0.7061,18.326,37.76,62.468,7.553,1
2025-10-15,R07,24.903,0.6555,28.172,37.456,58.347,7.771,1
2025-10-16,R07,20.601,0.7478,16.408,35.778,60.84,5.568,0
2025-10-17,R07,27.491,0.6092,11.993,32.481,81.594,7.829,1
2025-10-18,R07,24.929,0.7896,10.412,25.467,59.658,7.93,1
2025-10-19,R07,27.016,0.6673,22.612,26.044,64.408,8.764,1
2025-10-20,R07,29.613,0.6754,2.681,23.66,50.121,9.01,1
2025-10-21,R07,25.796,0.6907,6.982,27.896,38.921,8.38,1
2025-10-22,R07,25.208,0.6309,3.646,19.154,68.145,5.405,1
2025-10-23,R07,24.884,0.6453,5.208,27.935,33.678,9.015,1
2025-10-24,R07,23.487,0.7245,9.286,27.861,65.942,5.795,1
2025-10-25,R07,24.678,0.6943,9.766,26.151,63.885,6.256,1
2025-10-26,R07,25.908,0.7405,35.146,38.394,59.529,8.005,1
2025-10-27,R07,26.786,0.5683,11.508,24.08,48.28,10.353,1
2025-10-28,R07,27.07,0.6914,8.784,27.071,53.531,8.241,1
2025-10-29,R07,28.524,0.6301,2.774,22.941,46.228,7.913,1
2025-10-30,R07,26.884,0.5673,8.767,22.929,44.518,9.927,1
2025-10-31,R07,27.086,0.662,20.508,27.222,60.301,7.246,1
2025-11-01,R07,24.482,0.7043,5.862,25.246,49.113,8.408,1
2025-11-02,R07,22.492,0.7444,9.61,32.363,36.6,8.815,1
2025-11-03,R07,24.969,0.7783,23.272,31.578,67.632,6.825,1
2025-11-04,R07,27.185,0.5909,3.982,23.549,47.839,8.369,1
2025-11-05,R07,24.636,0.6532,7.735,27.858,47.175,7.966,1
2025-11-06,R07,22.257,0.6669,15.813,35.378,57.968,7.701,1
2025-11-07,R07,22.885,0.5774,6.811,25.395,31.546,10.43,1
2025-11-08,R07,26.97,0.6188,25.035,28.137,86.62,7.512,1
2025-11-09,R07,24.162,0.725,22.124,30.602,56.746,8.039,1
2025-11-10,R07,24.307,0.7568,14.822,28.808,53.212,8.769,1
2025-11-11,R07,25.231,0.7108,11.093,32.244,64.992,6.846,1
2025-11-12,R07,28.223,0.5565,23.002,36.553,58.945,6.825,1
2025-11-13,R07,26.06,0.7247,13.223,29.072,67.564,7.357,1
2025-11-14,R07,24.72,0.8287,12.283,30.491,36.357,8.993,1
2025-11-15,R07,24.499,0.6892,3.504,25.344,23.553,9.596,1
2025-11-16,R07,24.427,0.7044,12.005,32.54,36.486,7.61,1
2025-11-17,R07,25.134,0.8099,10.986,25.881,51.234,8.082,1
2025-11-18,R07,23.874,0.7199,19.312,32.805,70.837,7.551,1
2025-11-19,R07,26.947,0.687,5.737,26.648,52.741,7.646,1
2025-11-20,R07,25.087,0.725,12.34,30.739,57.453,5.432,1
2025-11-21,R07,29.004,0.6712,1.057,16.816,63.954,8.914,1
2025-11-22,R07,26.192,0.5897,7.289,24.796,45.576,8.991,1
2025-11-23,R07,25.903,0.5921,11.663,25.24,77.529,7.113,1
2025-11-24,R07,27.285,0.7212,5.695,24.887,44.225,7.888,1
2025-11-25,R07,28.352,0.5802,3.607,23.993,36.644,8.533,1
2025-11-26,R07,29.431,0.5542,4.851,21.495,50.671,9.844,1
2025-11-27,R07,28.059,0.7166,4.556,22.094,31.018,8.974,1
2025-11-28,R07,26.524,0.7903,5.046,24.207,54.657,7.766,1
2025-11-29,R07,24.14,0.6437,6.6,23.186,44.071,7.181,1
2025-11-30,R07,29.371,0.6859,12.339,27.249,65.403,8.462,1
2025-12-01,R07,29.546,0.6355,0.712,26.311,42.47,9.726,1
2025-12-02,R07,24.914,0.7636,7.08,30.029,23.77,8.755,1
2025-12-03,R07,25.812,0.8539,3.5,24.102,18.061,10.567,1
2025-12-04,R07,27.801,0.7154,8.538,23.924,80.865,7.419,1
2025-12-05,R07,27.672,0.6096,6.172,27.18,29.242,8.142,1
2025-12-06,R07,23.901,0.8093,7.132,29.665,42.998,9.17,1
2025-12-07,R07,28.378,0.7328,8.662,24.162,56.229,7.732,1
2025-12-08,R07,25.834,0.5879,3.331,30.583,35.341,8.643,1
2025-12-09,R07,27.445,0.7318,11.014,31.19,60.796,6.809,1
2025-12-10,R07,26.688,0.7905,13.965,27.783,74.66,7.117,1
2025-12-11,R07,29.112,0.7366,11.324,28.344,43.929,10.635,1
2025-12-12,R07,28.121,0.6725,2.617,23.669,50.366,6.738,1
2025-12-13,R07,28.832,0.6463,12.761,28.801,43.765,9.005,1
2025-12-14,R07,31.452,0.598,3.496,19.581,67.855,8.084,1
2025-12-15,R07,31.029,0.6097,7.324,23.817,51.251,9.149,1
2025-12-16,R07,28.556,0.7449,6.701,31.788,28.217,8.625,1
2025-12-17,R07,32.309,0.669,3.276,26.29,43.784,10.585,1
2025-12-18,R07,29.983,0.5306,11.329,28.468,61.381,9.586,1
2025-12-19,R07,28.623,0.5824,2.923,25.933,40.897,10.717,1
2025-12-20,R07,28.803,0.6723,7.26,24.557,38.269,8.858,1
2025-12-21,R07,29.371,0.6466,4.887,24.211,53.745,8.356,1
2025-12-22,R07,29.084,0.6353,1.111,22.331,49.887,9.369,1
2025-12-23,R07,26.223,0.6837,12.607,28.512,47.366,7.622,1
2025-12-24,R07,29.819,0.7275,8.967,26.161,82.859,8.303,1
2025-12-25,R07,26.645,0.5815,8.821,25.962,69.922,7.539,1
2025-12-26,R07,31.516,0.6577,2.871,20.664,11.114,11.284,1
2025-12-27,R07,27.655,0.7201,12.493,29.611,38.372,9.096,1
2025-12-28,R07,30.982,0.6619,28.978,33.347,94.817,7.096,1
2025-12-29,R07,27.155,0.7069,1.841,25.973,54.583,9.273,1
2025-12-30,R07,29.575,0.711,31.205,33.066,65.855,7.935,1
2025-12-31,R07,26.95,0.7009,4.071,25.78,57.38,8.005,1
2025-01-01,R08,20.215,0.5604,7.894,56.59,46.117,6.395,1
2025-01-02,R08,20.809,0.4611,5.746,62.917,46.891,7.776,0
2025-01-03,R08,18.527,0.5075,11.435,67.404,71.377,6.047,0
2025-01-04,R08,21.875,0.4723,3.412,65.576,59.143,8.172,1
2025-01-05,R08,20.298,0.5794,14.359,67.285,54.54,7.223,0
2025-01-06,R08,20.671,0.5462,20.171,71.356,62.844,7.494,0
2025-01-07,R08,19.899,0.5444,10.556,67.281,51.849,5.741,0
2025-01-08,R08,22.98,0.5643,16.053,61.563,74.734,7.262,1
2025-01-09,R08,19.045,0.5147,0.716,62.078,69.233,6.157,0
2025-01-10,R08,21.186,0.5138,0.487,61.818,91.727,7.55,1
2025-01-11,R08,22.795,0.4881,20.865,64.021,59.832,6.019,0
2025-01-12,R08,22.896,0.5472,8.409,61.783,36.116,7.533,0
2025-01-13,R08,20.669,0.4711,25.109,62.613,59.56,6.722,0
2025-01-14,R08,22.241,0.4706,4.77,57.995,63.908,6.95,1
2025-01-15,R08,22.523,0.4842,3.733,60.742,48.17,8.493,1
2025-01-16,R08,24.274,0.4583,3.801,62.009,64.098,6.357,0
2025-01-17,R08,25.122,0.3922,7.623,60.485,51.482,9.309,1
2025-01-18,R08,24.162,0.4792,5.416,64.002,44.589,6.575,1
2025-01-19,R08,21.915,0.4998,3.421,55.816,68.438,6.356,1
2025-01-20,R08,23.536,0.4041,3.392,62.38,45.528,8.358,1
2025-01-21,R08,23.461,0.496,3.269,61.429,14.419,9.111,1
2025-01-22,R08,23.386,0.4448,6.515,58.921,87.54,6.161,0
2025-01-23,R08,22.069,0.524,16.743,68.003,64.6,7.097,0
2025-01-24,R08,21.717,0.5702,1.532,59.866,42.846,7.212,1
2025-01-25,R08,22.224,0.5062,0.786,59.814,26.973,10.035,1
2025-01-26,R08,24.923,0.3881,2.741,63.194,28.116,8.801,1
2025-01-27,R08,24.198,0.5176,19.001,66.474,65.794,6.182,0
2025-01-28,R08,18.505,0.4926,14.63,64.373,75.04,4.522,0
2025-01-29,R08,27.4,0.418,6.025,60.593,57.734,7.869,1
2025-01-30,R08,23.349,0.4798,20.783,72.058,51.4,7.707,0
2025-01-31,R08,23.343,0.4305,6.008,60.707,48.157,8.703,1
2025-02-01,R08,20.697,0.472,16.769,67.087,39.048,7.226,0
2025-02-02,R08,22.931,0.5355,2.172,61.616,55.198,8.92,1
2025-02-03,R08,24.389,0.3525,1.047,68.93,18.926,10.057,1
2025-02-04,R08,20.002,0.5105,12.825,70.583,33.864,7.213,0
2025-02-05,R08,20.953,0.4421,10.335,58.891,63.466,5.672,0
2025-02-06,R08,23.58,0.4437,22.59,64.726,45.676,6.599,0
2025-02-07,R08,23.044,0.4239,2.701,61.439,22.991,9.271,1
2025-02-08,R08,23.32,0.5549,5.65,63.218,42.421,6.222,0
2025-02-09,R08,26.164,0.4031,5.518,60.379,42.8,8.977,1
2025-02-10,R08,25.117,0.4219,7.073,57.355,100,4.455,0
2025-02-11,R08,24.015,0.4515,5.694,61.476,21.156,10.224,1
2025-02-12,R08,24.145,0.5089,3.496,59.623,65.516,6.781,0
2025-02-13,R08,25.264,0.4361,5.694,58.234,45.598,7.587,0
2025-02-14,R08,24.819,0.4918,4.738,65.083,67.608,6.967,0
2025-02-15,R08,25.419,0.4624,39.076,72.651,66.185,6.976,0
2025-02-16,R08,26.152,0.4288,10.696,61.99,61.828,6.625,0
2025-02-17,R08,24.762,0.4956,8.846,57.988,53.819,6.684,1
2025-02-18,R08,23.217,0.5702,1.278,57.525,20.537,9.948,1
2025-02-19,R08,26.606,0.4892,15.637,68.385,35.98,8.423,1
2025-02-20,R08,24.187,0.4224,12.693,63.538,54.048,8.321,1
2025-02-21,R08,24.825,0.525,10.921,59.871,64.638,8.761,1
2025-02-22,R08,23.95,0.3869,2.689,60.259,11.615,9.423,1
2025-02-23,R08,21.775,0.5785,5.28,61.022,58.943,6.379,0
2025-02-24,R08,23.247,0.4947,7.515,59.926,59.428,6.642,0
2025-02-25,R08,27.984,0.435,5.993,58.045,52.503,7.952,1
2025-02-26,R08,24.588,0.4634,11.473,62.555,37.611,7.498,0
2025-02-27,R08,27.524,0.4714,36.957,68.367,91.17,6.834,0
2025-02-28,R08,25.607,0.4746,1.979,60.217,42.549,9.376,1
2025-03-01,R08,26.701,0.4588,10.792,63.159,44.342,7.185,1
2025-03-02,R08,23.07,0.4645,3.906,58.495,51.039,8.165,1
2025-03-03,R08,24.102,0.5128,5.286,59.409,34.092,8.36,0
2025-03-04,R08,28.009,0.4788,3.749,57.888,68.526,6.569,0
2025-03-05,R08,25.129,0.4539,5.926,57.311,19.107,10.628,1
2025-03-06,R08,22.429,0.4438,8.843,70.835,36.048,7.9,0
2025-03-07,R08,24.146,0.5044,23.141,69.204,89.644,6.153,0
2025-03-08,R08,25.26,0.3966,7.236,56.06,49.601,7.813,1
2025-03-09,R08,25.448,0.4871,5.704,61.754,100,4.939,1
2025-03-10,R08,25.559,0.3339,7.307,59.387,53.399,6.687,0
2025-03-11,R08,24.638,0.425,4.376,67.084,54.424,7.116,0
2025-03-12,R08,24.221,0.6408,11.757,67.836,64.397,7.584,0
2025-03-13,R08,27.737,0.4119,10.409,60.293,51.622,9.139,1
2025-03-14,R08,22.526,0.4647,8.736,63.275,63.508,7.452,1
2025-03-15,R08,26.609,0.4749,8.202,58.01,47.597,8.563,1
2025-03-16,R08,24.775,0.448,23.98,73.128,46.438,7.541,0
2025-03-17,R08,22.294,0.4946,17.562,72.556,53.214,7.502,0
2025-03-18,R08,27.347,0.4881,6.879,59.381,43.329,8.108,1
2025-03-19,R08,24.182,0.4451,0.511,57.278,46.647,8.764,1
2025-03-20,R08,26.821,0.4043,10.461,58.057,31.414,8.776,1
2025-03-21,R08,24.404,0.4453,1.47,62.282,22.599,8.358,1
2025-03-22,R08,25.238,0.4518,18.362,61.78,74.906,7.528,1
2025-03-23,R08,27.269,0.5225,7.332,58.728,77.158,7.737,1
2025-03-24,R08,24.928,0.4143,13.138,62.201,52.661,7.025,1
2025-03-25,R08,25.93,0.4239,9.92,61.807,48.035,8.088,1
2025-03-26,R08,23.141,0.4317,5.43,64.251,49.718,6.735,0
2025-03-27,R08,27.259,0.3991,16.0,64.869,68.021,6.59,1
2025-03-28,R08,24.073,0.4421,6.775,61.439,85.015,6.132,0
2025-03-29,R08,24.631,0.4302,1.842,64.392,42.331,8.075,1
2025-03-30,R08,26.907,0.4354,5.32,59.089,77.297,6.544,0
2025-03-31,R08,22.401,0.4094,6.963,62.668,48.872,7.328,0
2025-04-01,R08,26.15,0.3878,3.617,60.677,48.882,7.66,1
2025-04-02,R08,26.044,0.4357,4.563,57.418,63.73,7.837,1
2025-04-03,R08,26.39,0.5262,5.812,59.191,39.643,8.907,1
2025-04-04,R08,26.941,0.3843,1.491,56.216,21.096,8.47,1
2025-04-05,R08,27.855,0.4459,2.711,59.459,57.491,7.568,1
2025-04-06,R08,24.155,0.4751,7.95,63.194,46.001,7.25,0
2025-04-07,R08,23.988,0.4448,3.182,61.437,47.452,7.241,1
2025-04-08,R08,21.83,0.4306,7.965,63.046,73.294,6.913,1
2025-04-09,R08,24.964,0.5254,6.211,59.493,38.948,8.98,1
2025-04-10,R08,24.96,0.4946,18.376,68.569,35.983,8.886,1
2025-04-11,R08,25.375,0.4735,6.425,61.555,55.624,8.577,1
2025-04-12,R08,25.327,0.4398,12.366,65.119,48.855,7.667,1
2025-04-13,R08,26.993,0.3668,16.029,62.25,40.898,7.737,1
2025-04-14,R08,27.502,0.5569,12.121,59.576,62.76,8.625,1
2025-04-15,R08,23.161,0.5155,2.192,61.143,55.014,6.372,1
2025-04-16,R08,29.427,0.3537,5.72,52.938,48.863,8.418,1
2025-04-17,R08,25.44,0.4795,3.432,58.045,59.19,7.959,1
2025-04-18,R08,23.906,0.3889,4.167,61.971,24.942,8.506,1
2025-04-19,R08,26.12,0.4424,13.99,64.785,27.545,9.121,1
2025-04-20,R08,23.963,0.4967,11.452,62.963,73.665,8.655,1
2025-04-21,R08,25.81,0.4661,8.298,59.304,81.332,6.538,1
2025-04-22,R08,24.376,0.4614,10.624,56.92,49.562,8.507,1
2025-04-23,R08,21.703,0.5183,13.592,64.437,48.282,7.818,0
2025-04-24,R08,25.15,0.4498,9.03,68.236,62.583,8.154,1
2025-04-25,R08,28.712,0.5332,9.028,58.223,45.725,8.598,1
2025-04-26,R08,24.345,0.4174,6.404,64.308,41.783,8.737,1
2025-04-27,R08,21.586,0.4106,11.769,58.659,25.978,8.44,1
2025-04-28,R08,25.061,0.4944,2.595,57.041,56.372,7.738,1
2025-04-29,R08,25.269,0.3673,8.069,67.109,43.192,8.693,1
2025-04-30,R08,23.401,0.4754,12.97,56.691,56.293,5.856,0
2025-05-01,R08,27.378,0.5005,5.743,62.248,57.173,7.629,0
2025-05-02,R08,26.338,0.4839,7.068,62.75,86.819,7.755,1
2025-05-03,R08,26.372,0.5184,7.33,59.804,20.553,9.822,1
2025-05-04,R08,22.345,0.3725,13.912,58.82,48.595,7.135,1
2025-05-05,R08,24.923,0.5803,0.734,59.957,33.939,8.733,1
2025-05-06,R08,23.297,0.4997,2.551,58.474,24.402,8.582,1
2025-05-07,R08,28.48,0.4318,1.432,57.681,57.221,7.861,1
2025-05-08,R08,24.167,0.3882,5.703,58.626,37.007,7.85,1
2025-05-09,R08,25.22,0.47,5.698,54.759,61.458,7.403,0
2025-05-10,R08,24.034,0.3806,3.989,59.855,49.972,7.87,1
2025-05-11,R08,25.19,0.4759,4.352,61.438,46.012,7.741,0
2025-05-12,R08,20.396,0.4275,7.976,64.876,66.886,6.176,0
2025-05-13,R08,23.278,0.601,12.552,64.865,39.097,8.263,1
2025-05-14,R08,24.808,0.5012,1.502,59.142,80.525,4.943,0
2025-05-15,R08,21.767,0.5108,4.014,60.457,29.919,8.107,0
2025-05-16,R08,21.752,0.516,20.012,69.653,48.679,7.619,0
2025-05-17,R08,27.461,0.5407,4.849,60.919,29.006,10.444,1
2025-05-18,R08,22.683,0.5192,12.771,62.622,35.111,7.627,0
2025-05-19,R08,24.554,0.3998,5.457,55.663,64.979,7.646,1
2025-05-20,R08,27.292,0.4461,3.934,59.606,31.277,9.831,1
2025-05-21,R08,25.351,0.289,1.597,59.218,49.786,7.229,1
2025-05-22,R08,26.52,0.4104,9.334,68.028,59.608,9.044,1
2025-05-23,R08,25.164,0.5558,15.875,67.337,82.944,6.138,0
2025-05-24,R08,24.622,0.3617,4.289,56.901,25.726,10.29,1
2025-05-25,R08,22.103,0.5523,14.28,62.589,49.742,7.189,0
2025-05-26,R08,24.159,0.4334,2.233,61.999,34.667,7.386,0
2025-05-27,R08,20.167,0.5739,2.785,60.94,31.286,6.963,0
2025-05-28,R08,21.635,0.5302,8.299,58.472,50.556,9.333,1
2025-05-29,R08,21.005,0.528,12.859,65.852,50.748,5.693,0
2025-05-30,R08,22.687,0.4549,2.086,63.59,36.783,8.366,1
2025-05-31,R08,26.304,0.402,2.859,57.333,54.573,6.479,0
2025-06-01,R08,22.571,0.4399,14.257,68.932,48.409,7.694,0
2025-06-02,R08,26.279,0.4032,4.633,63.953,54.745,7.878,0
2025-06-03,R08,22.806,0.4807,3.858,58.772,52.793,6.121,0
2025-06-04,R08,20.762,0.5277,9.586,62.986,44.087,7.403,0
2025-06-05,R08,22.203,0.5222,5.976,59.585,47.609,6.423,0
2025-06-06,R08,25.122,0.5152,14.051,64.738,31.247,8.827,1
2025-06-07,R08,23.093,0.4976,32.876,75.334,63.15,6.755,0
2025-06-08,R08,20.841,0.5605,5.704,59.081,16.329,7.843,1
2025-06-09,R08,21.244,0.4538,1.692,63.314,33.868,7.905,1
2025-06-10,R08,23.042,0.4596,5.702,54.869,70.493,7.054,1
2025-06-11,R08,20.877,0.4205,28.51,72.503,56.362,6.399,0
2025-06-12,R08,20.454,0.5212,13.103,63.973,63.961,6.257,0
2025-06-13,R08,26.918,0.3406,7.134,56.72,61.768,6.55,1
2025-06-14,R08,22.723,0.4618,14.788,66.816,52.16,7.553,0
2025-06-15,R08,24.494,0.5162,12.455,66.286,46.846,9.486,1
2025-06-16,R08,23.1,0.434,8.962,61.613,50.624,7.656,0
2025-06-17,R08,20.744,0.528,32.593,71.203,71.216,5.065,0
2025-06-18,R08,20.42,0.4853,4.146,57.893,22.235,7.968,0
2025-06-19,R08,23.343,0.4461,11.253,62.328,63.321,5.766,0
2025-06-20,R08,22.491,0.5078,18.486,66.478,57.803,6.644,0
2025-06-21,R08,20.545,0.4598,2.61,70.542,22.177,8.015,0
2025-06-22,R08,21.556,0.644,1.078,63.226,23.669,8.222,1
2025-06-23,R08,21.434,0.4859,7.124,66.963,35.624,8.198,1
2025-06-24,R08,20.751,0.4914,4.631,65.581,36.12,7.645,0
2025-06-25,R08,21.046,0.4435,10.968,58.852,54.039,6.286,1
2025-06-26,R08,20.978,0.376,2.904,60.654,42.57,8.268,1
2025-06-27,R08,22.793,0.4935,6.713,72.16,58.445,6.802,0
2025-06-28,R08,20.22,0.4689,19.149,72.404,72.646,7.228,0
2025-06-29,R08,20.482,0.5208,10.223,69.281,28.764,8.476,1
2025-06-30,R08,16.993,0.5692,12.928,71.669,59.448,6.974,0
2025-07-01,R08,21.718,0.5461,19.727,65.633,53.328,8.691,1
2025-07-02,R08,18.698,0.5609,16.253,64.698,53.875,4.566,0
2025-07-03,R08,20.506,0.5211,10.69,63.284,88.089,5.159,0
2025-07-04,R08,19.345,0.4562,8.494,67.711,27.772,8.478,1
2025-07-05,R08,18.625,0.5552,6.793,65.05,66.382,5.909,0
2025-07-06,R08,23.854,0.4963,11.296,64.987,53.7,7.823,0
2025-07-07,R08,21.345,0.5419,22.486,68.697,79.427,3.353,0
2025-07-08,R08,20.493,0.542,13.006,60.084,57.36,6.955,0
2025-07-09,R08,21.455,0.4297,3.733,58.744,32.605,9.515,1
2025-07-10,R08,18.011,0.6253,16.2,65.581,66.517,4.736,0
2025-07-11,R08,20.399,0.3929,1.778,61.786,61.064,6.379,0
2025-07-12,R08,21.889,0.4903,5.473,56.779,75.183,5.711,0
2025-07-13,R08,21.904,0.48,9.362,69.684,66.291,7.306,0
2025-07-14,R08,20.392,0.5131,3.528,66.122,46.872,7.062,0
2025-07-15,R08,18.78,0.5366,6.837,62.8,63.005,7.336,0
2025-07-16,R08,20.339,0.5351,12.192,64.356,63.446,7.361,0
2025-07-17,R08,21.201,0.4639,7.441,69.226,50.973,6.549,0
2025-07-18,R08,15.746,0.6523,40.103,73.657,94.856,4.837,0
2025-07-19,R08,22.713,0.477,0.502,59.205,36.845,8.72,1
2025-07-20,R08,18.775,0.5763,6.223,65.215,51.796,7.496,0
2025-07-21,R08,20.877,0.4646,9.606,71.797,32.937,7.252,0
2025-07-22,R08,15.591,0.5957,10.796,66.568,62.378,4.85,0
2025-07-23,R08,17.199,0.5448,1.605,62.359,43.667,6.372,0
2025-07-24,R08,17.623,0.4737,3.819,63.122,59.886,4.459,0
2025-07-25,R08,21.404,0.5546,5.854,57.749,57.735,6.483,0
2025-07-26,R08,16.513,0.579,4.753,71.181,52.429,4.905,0
2025-07-27,R08,19.488,0.5243,6.366,67.869,40.98,7.976,0
2025-07-28,R08,21.606,0.5315,11.334,61.994,53.73,6.718,0
2025-07-29,R08,16.85,0.3998,50.226,77.647,73.168,5.327,0
2025-07-30,R08,19.554,0.5166,5.401,61.01,56.428,6.064,0
2025-07-31,R08,16.948,0.6633,17.822,73.78,86.652,3.185,0
2025-08-01,R08,20.647,0.5657,1.828,64.777,73.817,4.368,0
2025-08-02,R08,17.577,0.5453,3.753,62.378,58.317,6.165,0
2025-08-03,R08,17.708,0.4073,5.922,64.176,39.962,6.639,0
2025-08-04,R08,17.499,0.4391,2.663,63.524,55.545,5.937,0
2025-08-05,R08,18.407,0.5206,2.859,62.255,60.385,5.18,0
2025-08-06,R08,17.313,0.5057,22.88,71.167,52.078,5.963,0
2025-08-07,R08,17.068,0.5221,2.559,60.383,60.145,6.074,0
2025-08-08,R08,20.214,0.5008,9.034,69.775,75.404,6.376,0
2025-08-09,R08,15.146,0.5121,19.219,70.721,42.787,6.152,0
2025-08-10,R08,17.878,0.5244,7.1,59.42,58.28,7.461,1
2025-08-11,R08,17.653,0.4382,7.853,66.844,60.539,6.148,0
2025-08-12,R08,18.362,0.4482,8.554,65.529,28.211,8.288,0
2025-08-13,R08,18.564,0.5803,8.392,65.22,53.999,6.395,0
2025-08-14,R08,21.334,0.4229,4.121,59.199,61.119,7.816,1
2025-08-15,R08,18.112,0.6105,4.117,62.928,28.242,6.955,0
2025-08-16,R08,15.69,0.5939,2.748,63.646,31.839,6.561,0
2025-08-17,R08,18.724,0.4802,34.314,65.549,70.053,5.234,0
2025-08-18,R08,17.951,0.5245,2.157,63.238,60.593,5.239,0
2025-08-19,R08,16.306,0.5675,5.707,65.653,52.949,5.026,0
2025-08-20,R08,15.902,0.599,8.488,68.445,48.642,6.417,0
2025-08-21,R08,18.018,0.5961,0.039,62.819,5,9.068,1
2025-08-22,R08,20.305,0.5453,1.264,63.522,75.807,6.023,0
2025-08-23,R08,18.663,0.6596,10.016,60.579,47.559,6.169,0
2025-08-24,R08,14.788,0.5763,6.809,64.743,36.426,4.889,0
2025-08-25,R08,16.314,0.4552,12.872,62.032,42.061,6.138,0
2025-08-26,R08,17.552,0.5827,12.955,75.511,59.47,5.678,0
2025-08-27,R08,16.945,0.5593,9.384,65.869,71.187,5.641,0
2025-08-28,R08,17.337,0.5621,8.346,67.996,57.395,5.853,0
2025-08-29,R08,16.912,0.5472,0.491,65.724,31.678,7.138,0
2025-08-30,R08,20.563,0.5479,11.062,69.033,63.132,5.575,0
2025-08-31,R08,19.655,0.4704,31.172,69.934,44.162,7.484,0
2025-09-01,R08,15.618,0.5783,3.703,62.29,87.473,4.246,0
2025-09-02,R08,16.875,0.5412,1.046,62.826,39.603,7.005,0
2025-09-03,R08,15.377,0.4813,3.213,68.687,18.599,8.006,0
2025-09-04,R08,15.874,0.6537,5.708,70.501,61.644,6.315,0
2025-09-05,R08,15.778,0.5461,2.246,70.489,53.037,7.268,0
2025-09-06,R08,19.362,0.6449,11.108,65.768,45.089,7.268,0
2025-09-07,R08,14.76,0.6527,8.672,69.228,63.092,6.411,0
2025-09-08,R08,15.12,0.656,23.099,70.352,64.992,5.535,0
2025-09-09,R08,17.015,0.5483,12.907,65.43,42.102,6.971,0
2025-09-10,R08,17.879,0.6819,5.142,69.069,59.752,5.811,0
2025-09-11,R08,19.661,0.4697,15.518,66.632,56.824,7.412,0
2025-09-12,R08,16.108,0.5463,21.331,71.298,54.357,6.694,0
2025-09-13,R08,19.354,0.6249,8.84,61.638,42.898,7.444,0
2025-09-14,R08,12.044,0.6545,15.24,75.066,74.475,3.501,0
2025-09-15,R08,16.205,0.5654,6.853,66.424,60.693,4.248,0
2025-09-16,R08,17.532,0.5948,6.839,62.108,40.282,7.138,0
2025-09-17,R08,21.736,0.4941,11.284,64.553,59.445,6.421,0
2025-09-18,R08,18.603,0.4744,2.744,66.918,52.278,7.18,0
2025-09-19,R08,15.806,0.5972,14.386,67.334,32.5,6.738,0
2025-09-20,R08,15.955,0.5473,5.943,65.089,67.997,5.44,0
2025-09-21,R08,12.821,0.5068,7.289,60.575,42.824,6.172,0
2025-09-22,R08,17.893,0.524,5.495,61.955,71.631,5.808,0
2025-09-23,R08,16.923,0.598,4.767,58.856,84.244,4.625,0
2025-09-24,R08,15.536,0.612,4.882,63.81,36.926,6.991,0
2025-09-25,R08,13.542,0.3897,1.626,66.672,29.861,5.799,0
2025-09-26,R08,13.429,0.6311,13.125,68.186,52.952,7.27,0
2025-09-27,R08,15.875,0.6266,16.526,66.211,37.161,5.608,0
2025-09-28,R08,18.433,0.5482,1.615,67.11,50.72,6.093,0
2025-09-29,R08,17.524,0.5681,4.901,64.658,66.322,7.177,0
2025-09-30,R08,15.58,0.5264,29.932,78.638,75.114,4.436,0
2025-10-01,R08,17.244,0.4714,13.102,70.324,57.081,6.927,0
2025-10-02,R08,13.642,0.6398,5.568,64.421,66.227,4.962,0
2025-10-03,R08,16.615,0.6837,18.124,73.744,52.243,6.409,0
2025-10-04,R08,16.767,0.5419,3.326,66.797,62.706,5.564,0
2025-10-05,R08,16.383,0.5149,3.793,58.761,59.713,6.44,1
2025-10-06,R08,17.349,0.6738,5.735,65.801,52.608,5.608,0
2025-10-07,R08,18.675,0.4213,15.753,68.098,37.512,5.699,0
2025-10-08,R08,17.591,0.5659,32.556,72.097,51.965,5.17,0
2025-10-09,R08,13.095,0.5813,12.039,71.631,59.954,6.66,0
2025-10-10,R08,17.694,0.5399,13.821,63.821,75.22,5.079,0
2025-10-11,R08,16.575,0.5554,1.441,61.838,8.761,7.932,1
2025-10-12,R08,16.83,0.6067,3.839,69.425,10.814,9.782,0
2025-10-13,R08,16.576,0.5527,1.837,64.723,23.345,6.993,0
2025-10-14,R08,20.014,0.5368,10.706,63.082,68.253,5.039,0
2025-10-15,R08,13.576,0.6047,10.444,76.169,37.744,7.04,0
2025-10-16,R08,20.14,0.5899,1.541,65.39,47.542,8.041,0
2025-10-17,R08,18.422,0.5793,1.803,63.809,62.262,7.22,0
2025-10-18,R08,14.44,0.7065,1.485,63.212,39.834,6.404,0
2025-10-19,R08,13.509,0.5783,4.71,67.954,63.034,4.784,0
2025-10-20,R08,19.308,0.4756,2.597,61.583,42.63,7.062,0
2025-10-21,R08,17.262,0.6547,1.606,68.411,65.688,6.538,0
2025-10-22,R08,15.315,0.6244,2.649,61.707,42.938,5.343,0
2025-10-23,R08,16.083,0.7056,3.928,66.102,63.113,3.638,0
2025-10-24,R08,16.465,0.5203,18.483,68.501,47.707,5.988,0
2025-10-25,R08,17.525,0.4625,1.502,58.955,13.614,6.76,0
2025-10-26,R08,20.262,0.543,9.944,69.052,39.44,7.379,0
2025-10-27,R08,16.166,0.5448,4.747,66.612,68.031,6.808,0
2025-10-28,R08,19.514,0.4685,4.981,62.513,44.927,7.919,1
2025-10-29,R08,17.291,0.4678,9.729,61.609,48.199,6.862,0
2025-10-30,R08,18.135,0.5559,13.18,72.784,83.095,3.724,0
2025-10-31,R08,16.873,0.5048,15.89,69.559,64.221,6.283,0
2025-11-01,R08,16.932,0.5234,8.324,70.581,74.538,4.406,0
2025-11-02,R08,19.458,0.5726,1.396,60.073,46.069,7.011,0
2025-11-03,R08,16.291,0.5568,3.182,59.918,41.388,6.173,0
2025-11-04,R08,18.414,0.5317,2.953,64.28,62.386,6.548,0
2025-11-05,R08,16.07,0.6314,5.372,61.75,56.307,7.154,0
2025-11-06,R08,16.178,0.6121,5.628,63.528,30.436,5.126,0
2025-11-07,R08,16.331,0.6267,18.453,72.55,71.34,4.625,0
2025-11-08,R08,17.999,0.5979,1.522,61.125,38.399,7.955,1
2025-11-09,R08,16.93,0.6572,4.543,63.235,45.88,6.197,0
2025-11-10,R08,18.554,0.5877,8.448,59.705,58.0,7.38,1
2025-11-11,R08,17.538,0.4722,21.386,71.422,74.805,5.335,0
2025-11-12,R08,14.123,0.6539,15.531,72.191,53.931,4.838,0
2025-11-13,R08,19.342,0.5011,5.118,66.816,58.079,6.248,0
2025-11-14,R08,18.904,0.5526,11.27,65.14,29.738,7.286,1
2025-11-15,R08,20.005,0.3954,2.923,67.28,44.131,7.161,0
2025-11-16,R08,15.718,0.5226,19.467,72.659,56.398,5.134,0
2025-11-17,R08,16.964,0.5335,6.202,62.935,67.997,3.936,0
2025-11-18,R08,16.59,0.5514,2.051,63.254,35.645,5.858,0
2025-11-19,R08,17.268,0.575,0.959,57.317,15.37,9.605,1
2025-11-20,R08,19.591,0.5111,2.823,62.077,83.485,4.966,0
2025-11-21,R08,15.769,0.6038,7.715,65.321,68.283,5.341,0
2025-11-22,R08,17.987,0.5662,16.129,67.839,55.056,5.441,0
2025-11-23,R08,21.062,0.538,10.596,63.382,46.401,7.234,0
2025-11-24,R08,18.187,0.5904,1.953,62.796,16.792,8.512,1
2025-11-25,R08,19.322,0.5888,2.543,63.087,44.42,5.288,0
2025-11-26,R08,22.607,0.5902,4.564,68.594,76.755,6.612,0
2025-11-27,R08,20.304,0.4774,4.292,60.857,50.449,7.951,1
2025-11-28,R08,16.921,0.6419,3.101,58.496,46.167,7.204,0
2025-11-29,R08,16.026,0.5593,5.479,61.573,53.085,6.394,0
2025-11-30,R08,18.222,0.6065,7.888,66.148,72.08,5.524,0
2025-12-01,R08,18.654,0.5297,1.011,60.191,44.879,5.623,0
2025-12-02,R08,20.109,0.5231,36.588,73.152,49.658,6.555,0
2025-12-03,R08,17.49,0.5188,20.83,71.408,46.904,4.221,0
2025-12-04,R08,18.405,0.5166,11.354,63.267,80.348,5.19,0
2025-12-05,R08,17.463,0.4728,4.801,65.08,28.093,7.739,0
2025-12-06,R08,18.721,0.5187,17.525,74.565,58.509,5.631,0
2025-12-07,R08,20.792,0.581,12.159,66.12,61.983,7.109,0
2025-12-08,R08,18.975,0.4872,16.422,67.383,99.505,4.058,0
2025-12-09,R08,21.121,0.5045,4.634,68.115,42.146,7.33,0
2025-12-10,R08,18.074,0.5185,3.898,66.893,66.635,5.79,0
2025-12-11,R08,18.306,0.5038,11.841,68.764,61.082,5.792,0
2025-12-12,R08,22.251,0.6164,13.266,65.506,41.575,6.842,0
2025-12-13,R08,21.979,0.4834,20.422,65.922,94.011,5.264,0
2025-12-14,R08,18.055,0.4682,1.597,62.517,39.756,6.393,0
2025-12-15,R08,19.36,0.5115,18.507,68.522,70.255,6.407,0
2025-12-16,R08,17.588,0.5918,8.011,59.859,45.347,7.199,0
2025-12-17,R08,22.398,0.4656,8.127,65.033,57.168,7.019,0
2025-12-18,R08,22.52,0.4593,3.32,60.049,45.82,6.052,1
2025-12-19,R08,19.827,0.4618,5.226,61.991,25.514,9.113,1
2025-12-20,R08,19.543,0.5856,12.161,64.518,91.35,4.583,0
2025-12-21,R08,23.168,0.488,0.832,51.795,17.136,8.561,1
2025-12-22,R08,19.068,0.6004,4.898,66.347,27.294,8.113,0
2025-12-23,R08,18.978,0.5731,2.295,66.328,82.823,5.072,0
2025-12-24,R08,22.529,0.5477,3.955,56.501,46.059,8.566,1
2025-12-25,R08,20.637,0.6112,9.506,69.404,30.32,8.501,0
2025-12-26,R08,21.703,0.5723,9.77,59.017,63.516,6.732,0
2025-12-27,R08,20.19,0.5383,1.829,60.319,47.872,8.539,1
2025-12-28,R08,21.031,0.538,8.888,60.703,72.805,6.557,0
2025-12-29,R08,21.943,0.5507,1.588,66.271,17.788,9.777,1
2025-12-30,R08,20.918,0.4866,0.63,58.684,6.765,8.555,1
2025-12-31,R08,18.824,0.4547,1.362,59.874,45.627,5.63,0
2025-01-01,R09,24.087,0.7182,4.877,47.549,42.733,8.556,1
2025-01-02,R09,20.87,0.8372,3.031,50.164,54.958,7.744,1
2025-01-03,R09,22.17,0.6862,3.635,46.932,22.198,8.999,1
2025-01-04,R09,21.779,0.7824,4.383,50.402,48.822,7.359,1
2025-01-05,R09,25.21,0.7261,7.044,50.517,75.429,6.712,1
2025-01-06,R09,24.469,0.7003,5.609,46.478,39.267,6.746,1
2025-01-07,R09,21.655,0.8155,2.738,49.663,44.865,7.557,1
2025-01-08,R09,24.273,0.6876,2.328,43.782,51.91,8.172,1
2025-01-09,R09,26.458,0.7535,1.458,43.78,7.609,9.621,1
2025-01-10,R09,23.713,0.6625,5.861,46.533,42.775,7.396,1
2025-01-11,R09,27.774,0.7146,14.262,49.606,73.2,5.782,0
2025-01-12,R09,25.403,0.6855,3.054,50.784,46.046,7.933,1
2025-01-13,R09,23.794,0.8434,11.328,50.471,51.88,6.403,1
2025-01-14,R09,27.005,0.6882,3.583,46.832,32.676,8.304,1
2025-01-15,R09,28.87,0.6247,31.46,41.804,81.214,5.479,1
2025-01-16,R09,25.056,0.7533,5.407,52.398,74.301,7.031,1
2025-01-17,R09,26.775,0.7508,18.317,57.24,67.787,7.002,1
2025-01-18,R09,27.086,0.8472,8.07,45.993,46.319,7.427,1
2025-01-19,R09,24.189,0.7441,13.495,50.358,71.983,8.198,1
2025-01-20,R09,26.489,0.7333,5.082,47.609,49.99,8.88,1
2025-01-21,R09,23.51,0.6251,2.078,49.335,52.15,8.183,1
2025-01-22,R09,26.786,0.7746,2.701,48.012,64.665,7.182,1
2025-01-23,R09,23.126,0.6395,13.637,51.843,65.831,6.914,1
2025-01-24,R09,26.865,0.8349,2.665,47.462,31.903,9.824,1
2025-01-25,R09,26.027,0.6387,21.623,49.822,54.234,8.047,1
2025-01-26,R09,25.72,0.7156,19.301,56.11,57.32,8.41,0
2025-01-27,R09,27.458,0.575,2.791,44.945,38.424,8.174,1
2025-01-28,R09,28.557,0.6262,7.348,53.667,63.233,7.429,1
2025-01-29,R09,28.965,0.7085,1.787,46.544,46.867,6.843,1
2025-01-30,R09,27.379,0.7047,11.38,42.274,33.244,9.619,1
2025-01-31,R09,27.693,0.7183,2.26,50.624,48.443,9.219,1
2025-02-01,R09,27.825,0.7438,1.349,42.566,10.865,10.759,1
2025-02-02,R09,31.698,0.6276,13.247,44.363,100,6.95,1
2025-02-03,R09,27.307,0.6567,4.033,44.52,64.83,7.961,1
2025-02-04,R09,29.949,0.7074,9.426,40.94,55.162,9.208,1
2025-02-05,R09,26.964,0.7232,9.418,43.229,25.62,9.575,1
2025-02-06,R09,24.967,0.7557,2.656,46.964,49.673,8.165,1
2025-02-07,R09,29.048,0.6931,2.173,45.689,12.649,10.919,1
2025-02-08,R09,28.981,0.6599,14.219,50.905,79.847,7.858,1
2025-02-09,R09,26.127,0.724,2.381,51.172,43.971,8.865,1
2025-02-10,R09,30.029,0.606,7.83,48.502,47.872,8.775,1
2025-02-11,R09,24.549,0.7301,4.074,56.178,39.204,8.479,1
2025-02-12,R09,27.492,0.6359,5.223,44.356,28.432,8.25,1
2025-02-13,R09,27.936,0.6268,16.028,49.761,34.659,9.952,1
2025-02-14,R09,30.007,0.6805,1.408,41.586,66.233,8.101,1
2025-02-15,R09,27.087,0.6156,14.76,42.953,53.918,8.702,1
2025-02-16,R09,27.578,0.7392,6.609,46.157,46.695,8.501,1
2025-02-17,R09,29.653,0.6088,5.445,45.096,27.701,10.944,1
2025-02-18,R09,25.937,0.6812,4.936,48.31,36.822,8.144,1
2025-02-19,R09,26.789,0.7013,15.651,47.215,63.424,7.9,1
2025-02-20,R09,31.051,0.6076,8.052,46.99,60.734,8.473,1
2025-02-21,R09,25.04,0.7782,6.615,46.697,70.269,6.913,1
2025-02-22,R09,23.537,0.5792,6.115,46.463,51.196,7.193,0
2025-02-23,R09,26.358,0.7611,25.126,50.106,69.218,8.221,1
2025-02-24,R09,31.982,0.5461,2.621,47.215,49.651,10.281,1
2025-02-25,R09,29.705,0.5868,2.119,43.671,13.331,12.063,1
2025-02-26,R09,29.357,0.5904,3.701,42.084,57.964,9.051,1
2025-02-27,R09,25.642,0.7147,28.473,53.306,67.384,8.001,0
2025-02-28,R09,25.563,0.6881,8.6,47.834,69.06,6.296,1
2025-03-01,R09,30.082,0.7833,7.045,42.616,61.639,8.744,1
2025-03-02,R09,31.296,0.595,6.53,43.87,53.023,9.816,1
2025-03-03,R09,32.012,0.6912,23.356,45.804,50.195,9.902,1
2025-03-04,R09,26.433,0.6691,5.05,49.757,48.835,8.276,1
2025-03-05,R09,28.808,0.7107,9.728,50.738,61.065,7.517,1
2025-03-06,R09,26.051,0.6602,6.925,47.093,35.433,8.07,1
2025-03-07,R09,28.79,0.6918,15.492,51.735,49.371,7.187,1
2025-03-08,R09,29.721,0.7235,2.166,51.115,47.711,7.885,1
2025-03-09,R09,27.019,0.701,15.868,46.86,71.928,7.71,1
2025-03-10,R09,31.245,0.5485,0.253,40.357,29.72,9.852,1
2025-03-11,R09,27.652,0.6567,10.704,44.526,39.829,8.638,1
2025-03-12,R09,31.819,0.6869,30.45,53.959,61.302,9.048,1
2025-03-13,R09,29.411,0.6765,15.509,47.859,94.573,7.219,1
2025-03-14,R09,31.626,0.6509,10.551,47.689,59.882,8.957,1
2025-03-15,R09,27.36,0.7575,8.035,46.942,31.55,8.882,1
2025-03-16,R09,27.104,0.6536,12.983,49.903,53.007,8.362,1
2025-03-17,R09,29.075,0.6181,3.051,46.907,46.677,9.01,1
2025-03-18,R09,31.762,0.7791,17.223,49.594,96.294,7.258,1
2025-03-19,R09,28.771,0.5944,9.325,50.789,74.944,8.403,1
2025-03-20,R09,27.087,0.6251,2.672,43.388,47.427,9.645,1
2025-03-21,R09,27.868,0.5904,10.884,49.319,39.526,7.934,1
2025-03-22,R09,25.332,0.7635,5.219,45.384,65.15,6.918,1
2025-03-23,R09,30.344,0.7766,10.327,43.151,45.173,8.971,1
2025-03-24,R09,23.877,0.6955,46.847,66.354,59.956,6.376,0
2025-03-25,R09,27.331,0.7055,9.044,44.524,56.596,7.746,1
2025-03-26,R09,27.393,0.7435,16.179,52.559,67.411,7.956,1
2025-03-27,R09,31.411,0.632,9.681,43.64,47.382,11.215,1
2025-03-28,R09,29.407,0.7352,12.889,45.308,53.274,7.697,1
2025-03-29,R09,29.021,0.7683,9.415,47.018,36.644,9.713,1
2025-03-30,R09,28.571,0.6465,8.257,48.661,50.013,9.298,1
2025-03-31,R09,28.029,0.6819,11.375,50.059,75.927,7.912,1
2025-04-01,R09,27.156,0.6712,6.891,42.624,55.415,7.336,1
2025-04-02,R09,31.471,0.7456,11.992,43.913,60.718,9.056,1
2025-04-03,R09,29.366,0.7345,6.428,47.693,22.392,8.172,1
2025-04-04,R09,28.254,0.7685,11.946,44.299,30.413,9.862,1
2025-04-05,R09,29.898,0.6005,6.961,48.339,35.171,10.303,1
2025-04-06,R09,26.821,0.766,3.479,54.636,51.498,8.741,1
2025-04-07,R09,26.287,0.7148,4.768,43.768,37.776,9.147,1
2025-04-08,R09,29.752,0.6828,4.23,40.921,45.063,8.899,1
2025-04-09,R09,31.033,0.6408,4.684,42.976,30.513,9.353,1
2025-04-10,R09,28.789,0.6593,7.489,41.486,68.467,8.85,1
2025-04-11,R09,30.991,0.6543,6.488,41.973,44.108,9.3,1
2025-04-12,R09,27.598,0.7069,29.456,58.349,98.736,7.671,1
2025-04-13,R09,26.182,0.777,19.918,53.713,35.516,8.167,0
2025-04-14,R09,27.7,0.6816,16.422,44.227,41.935,8.857,1
2025-04-15,R09,29.063,0.7516,12.991,46.711,74.918,6.885,1
2025-04-16,R09,28.811,0.671,6.339,45.237,40.465,9.284,1
2025-04-17,R09,25.915,0.689,3.917,42.521,48.575,9.09,1
2025-04-18,R09,29.219,0.6824,0.605,37.76,16.785,10.658,1
2025-04-19,R09,31.728,0.6959,13.579,44.331,38.893,10.798,1
2025-04-20,R09,29.637,0.6812,17.994,50.838,59.011,8.184,1
2025-04-21,R09,30.596,0.7446,3.712,43.104,37.348,10.251,1
2025-04-22,R09,29.613,0.5806,43.85,54.899,64.094,9.603,1
2025-04-23,R09,30.139,0.7019,23.909,53.104,48.828,9.466,1
2025-04-24,R09,29.87,0.6969,8.943,46.944,75.06,6.858,1
2025-04-25,R09,28.89,0.601,7.024,46.122,59.141,7.271,1
2025-04-26,R09,30.107,0.5693,4.668,44.52,58.612,9.917,1
2025-04-27,R09,28.471,0.7194,6.711,51.888,53.67,7.764,1
2025-04-28,R09,25.369,0.6707,1.455,48.421,17.185,9.212,1
2025-04-29,R09,26.719,0.5441,16.199,47.8,77.636,6.914,1
2025-04-30,R09,30.634,0.5884,14.172,47.459,54.888,10.091,1
2025-05-01,R09,27.291,0.8146,12.873,43.021,71.297,8.439,1
2025-05-02,R09,27.446,0.6309,6.228,39.636,72.746,7.725,1
2025-05-03,R09,28.241,0.7453,7.279,44.351,56.241,10.088,1
2025-05-04,R09,30.358,0.6437,8.733,49.466,100,7.009,1
2025-05-05,R09,27.856,0.7206,10.268,47.498,55.09,7.102,1
2025-05-06,R09,29.39,0.7383,5.095,48.856,52.894,9.878,1
2025-05-07,R09,27.581,0.7124,1.307,45.439,36.538,9.193,1
2025-05-08,R09,26.809,0.6323,9.304,49.813,41.715,7.889,1
2025-05-09,R09,30.815,0.6549,6.195,43.142,26.24,11.243,1
2025-05-10,R09,28.259,0.6885,2.596,45.758,34.778,9.782,1
2025-05-11,R09,29.284,0.6198,8.521,51.143,26.955,10.331,1
2025-05-12,R09,25.4,0.6798,2.156,50.432,37.096,9.088,1
2025-05-13,R09,32.38,0.6094,0.545,37.654,83.356,7.44,1
2025-05-14,R09,29.243,0.6742,3.984,47.815,64.729,6.789,1
2025-05-15,R09,26.482,0.6916,14.465,47.357,78.24,8.098,1
2025-05-16,R09,26.055,0.663,7.759,52.445,36.307,8.433,1
2025-05-17,R09,26.15,0.7742,25.298,53.112,51.388,7.674,0
2025-05-18,R09,25.426,0.6527,7.849,45.991,41.024,8.222,1
2025-05-19,R09,27.995,0.717,2.908,47.466,66.144,7.681,1
2025-05-20,R09,27.023,0.6694,12.266,44.557,72.739,6.668,1
2025-05-21,R09,26.085,0.7553,2.33,46.495,73.697,6.909,1
2025-05-22,R09,27.647,0.7071,5.048,40.627,33.945,8.504,1
2025-05-23,R09,28.191,0.7684,6.223,41.653,43.968,9.421,1
2025-05-24,R09,26.4,0.7218,6.013,43.405,61.537,7.356,1
2025-05-25,R09,27.258,0.6995,0.527,48.381,17.85,8.767,1
2025-05-26,R09,26.475,0.6042,22.414,48.374,68.549,6.57,0
2025-05-27,R09,27.882,0.7114,6.861,46.115,79.291,6.747,1
2025-05-28,R09,27.57,0.7035,8.106,45.476,32.205,9.257,1
2025-05-29,R09,29.982,0.638,5.361,46.816,42.998,10.085,1
2025-05-30,R09,28.744,0.673,2.512,46.286,57.476,8.237,1
2025-05-31,R09,27.747,0.7902,14.564,45.226,46.817,8.922,1
2025-06-01,R09,22.543,0.8271,13.412,46.995,47.154,8.238,1
2025-06-02,R09,23.875,0.6785,5.861,47.722,65.73,7.833,1
2025-06-03,R09,25.081,0.7159,2.931,50.854,57.477,6.852,1
2025-06-04,R09,25.911,0.7118,2.816,42.845,37.034,8.48,1
2025-06-05,R09,27.764,0.6002,9.284,47.473,36.923,9.405,1
2025-06-06,R09,24.595,0.7185,21.982,56.584,73.715,6.635,0
2025-06-07,R09,28.948,0.688,1.908,39.9,61.504,7.425,1
2025-06-08,R09,25.75,0.7719,8.745,48.189,33.692,10.265,1
2025-06-09,R09,26.661,0.6645,3.622,50.324,46.55,9.615,1
2025-06-10,R09,26.623,0.7592,1.394,47.583,33.049,8.609,1
2025-06-11,R09,27.314,0.7408,2.632,51.94,43.442,9.197,1
2025-06-12,R09,28.918,0.6695,5.192,44.527,58.221,9.577,1
2025-06-13,R09,26.346,0.6777,8.64,52.589,48.04,7.339,1
2025-06-14,R09,24.895,0.6802,3.667,50.638,42.545,7.472,1
2025-06-15,R09,23.249,0.6952,8.471,52.236,56.251,8.001,1
2025-06-16,R09,26.207,0.7581,6.081,44.07,40.986,8.652,1
2025-06-17,R09,26.316,0.6526,21.262,48.182,84.396,6.743,1
2025-06-18,R09,25.134,0.6153,7.57,49.029,58.039,7.216,1
2025-06-19,R09,22.55,0.6394,14.455,51.971,60.291,7.407,0
2025-06-20,R09,27.2,0.6119,0.858,44.856,26.716,10.939,1
2025-06-21,R09,22.163,0.8005,14.63,52.046,56.704,5.756,0
2025-06-22,R09,22.341,0.7566,7.903,49.628,70.067,7.927,1
2025-06-23,R09,24.829,0.6841,15.562,50.351,30.257,9.94,1
2025-06-24,R09,23.097,0.7029,37.186,57.167,65.313,7.604,0
2025-06-25,R09,23.657,0.7342,6.75,49.362,68.138,6.646,1
2025-06-26,R09,25.852,0.6419,5.513,51.747,40.499,8.993,1
2025-06-27,R09,23.205,0.6398,8.508,48.553,45.173,8.652,1
2025-06-28,R09,24.61,0.6432,4.414,44.934,74.248,5.47,1
2025-06-29,R09,24.461,0.7379,7.083,44.889,30.334,9.205,1
2025-06-30,R09,23.743,0.6615,4.103,50.656,42.224,7.279,1
2025-07-01,R09,26.276,0.6024,5.155,41.218,63.309,7.715,1
2025-07-02,R09,24.117,0.6768,1.309,52.183,14.656,8.722,1
2025-07-03,R09,23.458,0.8891,2.961,46.748,51.979,7.535,1
2025-07-04,R09,21.461,0.7305,2.939,53.109,50.423,6.375,0
2025-07-05,R09,21.727,0.7213,0.482,43.455,5,9.725,1
2025-07-06,R09,24.894,0.8149,4.592,47.721,41.652,8.886,1
2025-07-07,R09,24.485,0.6281,10.149,54.115,77.992,6.968,0
2025-07-08,R09,22.277,0.7863,7.394,50.224,60.21,8.985,1
2025-07-09,R09,26.695,0.7207,7.658,49.617,50.137,8.164,1
2025-07-10,R09,26.017,0.7473,15.455,53.69,59.393,8.041,1
2025-07-11,R09,22.712,0.7932,22.454,51.563,46.264,8.142,0
2025-07-12,R09,23.638,0.6331,1.801,49.894,35.653,8.444,1
2025-07-13,R09,21.148,0.7104,7.306,51.196,77.054,4.76,0
2025-07-14,R09,24.288,0.804,10.584,49.848,70.406,7.539,1
2025-07-15,R09,27.03,0.7779,4.113,45.036,70.35,7.295,1
2025-07-16,R09,24.875,0.7239,2.887,50.918,25.161,9.886,1
2025-07-17,R09,24.921,0.7248,9.202,51.282,72.469,6.892,0
2025-07-18,R09,23.932,0.795,7.472,46.7,46.664,8.067,1
2025-07-19,R09,26.809,0.7065,3.83,45.716,57.986,6.41,1
2025-07-20,R09,22.209,0.7086,3.031,44.482,33.96,8.561,1
2025-07-21,R09,23.246,0.7151,3.424,49.472,46.671,7.282,1
2025-07-22,R09,20.753,0.7248,27.693,63.079,73.717,5.752,0
2025-07-23,R09,22.216,0.7443,3.261,50.6,41.022,6.331,0
2025-07-24,R09,23.182,0.6599,8.019,46.312,61.015,5.554,1
2025-07-25,R09,26.812,0.7015,4.984,43.653,42.046,9.104,1
2025-07-26,R09,24.125,0.7584,2.268,45.201,58.03,7.999,1
2025-07-27,R09,23.363,0.6947,1.504,46.285,66.419,5.949,1
2025-07-28,R09,23.245,0.8994,11.842,47.191,53.593,8.044,1
2025-07-29,R09,23.65,0.7516,6.446,45.901,47.286,8.802,1
2025-07-30,R09,19.838,0.6787,17.268,54.767,71.799,5.944,0
2025-07-31,R09,22.319,0.7027,6.946,47.897,50.94,7.082,1
2025-08-01,R09,21.609,0.7589,1.729,46.261,29.815,7.182,1
2025-08-02,R09,22.016,0.8036,1.32,41.764,31.187,9.025,1
2025-08-03,R09,24.223,0.801,8.947,46.601,61.03,6.527,1
2025-08-04,R09,20.914,0.6816,16.345,56.776,65.619,7.191,0
2025-08-05,R09,27.395,0.6894,17.548,49.999,64.687,7.959,1
2025-08-06,R09,20.96,0.8012,4.632,49.725,52.532,6.795,0
2025-08-07,R09,23.499,0.8418,2.49,49.965,40.246,9.025,1
2025-08-08,R09,21.862,0.7689,10.953,51.073,89.039,5.532,0
2025-08-09,R09,23.433,0.6739,8.65,48.734,44.132,8.813,1
2025-08-10,R09,20.021,0.7929,8.94,44.45,49.882,8.049,1
2025-08-11,R09,23.122,0.6298,15.049,49.652,69.393,7.395,1
2025-08-12,R09,22.354,0.7888,2.177,49.459,43.252,6.262,0
2025-08-13,R09,25.208,0.5444,13.201,48.529,53.251,7.524,1
2025-08-14,R09,20.689,0.7874,19.668,54.75,51.606,7.856,0
2025-08-15,R09,21.548,0.7708,23.663,59.234,62.114,7.227,0
2025-08-16,R09,22.517,0.7586,3.994,52.618,52.856,7.975,1
2025-08-17,R09,23.473,0.7301,3.046,54.092,73.4,5.316,0
2025-08-18,R09,23.816,0.6996,4.829,42.893,16.859,8.96,1
2025-08-19,R09,19.445,0.7038,18.837,55.239,75.318,6.642,0
2025-08-20,R09,21.517,0.8026,1.41,43.912,10.118,9.023,1
2025-08-21,R09,21.127,0.7847,1.629,50.819,48.19,5.129,0
2025-08-22,R09,18.286,0.781,2.689,47.349,31.816,7.067,0
2025-08-23,R09,20.302,0.812,6.129,56.262,55.392,6.853,0
2025-08-24,R09,19.338,0.7682,0.217,50.145,9.142,8.438,1
2025-08-25,R09,21.214,0.802,4.965,54.897,38.078,8.726,1
2025-08-26,R09,24.223,0.7787,4.447,49.432,47.386,9.902,1
2025-08-27,R09,22.214,0.7715,3.64,50.517,36.454,8.594,1
2025-08-28,R09,22.652,0.7896,9.644,49.249,55.663,8.456,1
2025-08-29,R09,19.167,0.7294,9.409,48.205,40.609,8.855,1
2025-08-30,R09,20.442,0.7459,14.58,51.104,63.496,6.765,0
2025-08-31,R09,19.339,0.8561,12.064,54.766,44.862,8.45,1
2025-09-01,R09,18.71,0.8814,25.328,58.615,83.715,5.339,0
2025-09-02,R09,22.617,0.6821,6.058,44.239,60.872,7.685,1
2025-09-03,R09,22.891,0.7195,14.417,52.864,72.453,7.044,1
2025-09-04,R09,22.814,0.6643,2.009,45.367,47.86,7.156,1
2025-09-05,R09,20.4,0.6909,9.343,50.916,77.554,4.793,0
2025-09-06,R09,17.342,0.7926,18.299,60.05,47.972,4.78,0
2025-09-07,R09,20.266,0.7564,2.552,48.362,58.943,6.629,1
2025-09-08,R09,17.52,0.672,4.867,47.43,64.491,5.286,0
2025-09-09,R09,20.056,0.8021,21.045,57.736,77.3,5.993,0
2025-09-10,R09,22.383,0.7297,2.202,46.51,60.562,7.481,1
2025-09-11,R09,19.281,0.8427,4.463,42.808,48.938,8.01,1
2025-09-12,R09,19.895,0.7409,9.972,48.091,41.952,6.586,1
2025-09-13,R09,19.365,0.7466,6.915,48.675,48.246,5.977,0
2025-09-14,R09,20.75,0.7948,0.842,47.826,9.585,7.882,1
2025-09-15,R09,19.533,0.7001,10.419,58.704,67.752,5.291,0
2025-09-16,R09,20.724,0.6735,6.876,53.466,41.451,6.814,1
2025-09-17,R09,17.605,0.904,16.14,54.296,60.068,6.602,0
2025-09-18,R09,19.797,0.7222,9.89,50.144,59.892,6.259,1
2025-09-19,R09,19.556,0.7527,8.72,47.065,61.211,5.999,0
2025-09-20,R09,17.025,0.8069,11.986,49.213,48.109,6.48,0
2025-09-21,R09,20.788,0.7126,8.824,48.817,89.528,5.006,0
2025-09-22,R09,15.296,0.8434,6.478,52.979,57.944,5.707,0
2025-09-23,R09,19.16,0.7211,15.135,52.087,48.404,6.502,0
2025-09-24,R09,20.312,0.7723,14.111,52.925,63.655,6.061,0
2025-09-25,R09,22.455,0.6794,9.01,49.792,37.693,6.87,1
2025-09-26,R09,18.041,0.7994,3.324,49.657,10.326,8.977,1
2025-09-27,R09,17.875,0.6539,4.366,58.051,75.505,5.252,0
2025-09-28,R09,18.897,0.8122,16.138,55.417,75.357,4.956,0
2025-09-29,R09,22.154,0.5937,19.589,56.573,57.116,6.395,0
2025-09-30,R09,20.008,0.8084,6.127,49.95,36.647,8.829,1
2025-10-01,R09,18.611,0.7102,8.271,55.6,62.03,5.584,0
2025-10-02,R09,20.533,0.7409,7.03,56.024,50.697,8.434,1
2025-10-03,R09,20.897,0.851,4.811,52.824,21.873,8.592,0
2025-10-04,R09,18.844,0.8029,14.848,46.859,49.793,4.687,0
2025-10-05,R09,20.46,0.8315,31.482,55.612,85.273,4.034,0
2025-10-06,R09,19.668,0.7909,10.63,45.382,41.708,7.647,0
2025-10-07,R09,22.301,0.7851,3.761,51.8,74.809,6.372,0
2025-10-08,R09,22.22,0.8242,3.568,43.681,16.945,9.3,1
2025-10-09,R09,18.744,0.7602,1.292,51.603,29.943,8.115,1
2025-10-10,R09,25.104,0.6818,7.001,47.465,51.207,6.792,1
2025-10-11,R09,18.072,0.8279,12.199,51.127,49.452,5.493,0
2025-10-12,R09,21.212,0.735,1.076,46.824,32.751,5.347,1
2025-10-13,R09,19.485,0.6985,3.204,47.735,56.007,6.581,0
2025-10-14,R09,21.997,0.7802,32.188,58.914,92.395,4.423,0
2025-10-15,R09,23.332,0.7587,8.186,53.075,61.888,6.751,0
2025-10-16,R09,21.928,0.7707,15.75,62.461,71.233,5.62,0
2025-10-17,R09,21.657,0.6716,10.959,53.211,63.741,7.21,0
2025-10-18,R09,17.862,0.7656,19.679,50.417,44.927,6.176,0
2025-10-19,R09,22.15,0.7281,1.393,43.438,53.138,6.026,0
2025-10-20,R09,20.316,0.741,9.074,51.755,43.93,9.461,1
2025-10-21,R09,20.412,0.7573,2.407,42.67,63.988,6.165,1
2025-10-22,R09,20.274,0.7227,14.205,53.575,44.116,7.404,0
2025-10-23,R09,20.616,0.8121,9.739,52.441,76.285,6.092,0
2025-10-24,R09,22.139,0.6953,6.018,46.518,49.532,7.173,1
2025-10-25,R09,19.618,0.8305,5.161,48.94,31.078,7.645,0
2025-10-26,R09,21.713,0.7243,21.829,53.099,56.238,6.958,0
2025-10-27,R09,21.765,0.7444,5.906,47.992,40.195,7.438,1
2025-10-28,R09,20.705,0.721,9.604,52.205,36.493,7.667,0
2025-10-29,R09,23.903,0.7008,5.832,49.556,35.47,8.124,1
2025-10-30,R09,19.753,0.757,4.375,47.37,41.522,8.209,1
2025-10-31,R09,22.651,0.8351,12.232,51.805,58.972,7.358,1
2025-11-01,R09,23.987,0.7912,12.898,51.213,100,4.674,0
2025-11-02,R09,18.66,0.8465,8.765,47.877,43.177,6.953,0
2025-11-03,R09,22.047,0.7618,2.829,49.849,37.229,10.025,1
2025-11-04,R09,19.694,0.7971,5.897,53.859,56.027,6.077,0
2025-11-05,R09,22.08,0.7602,1.475,48.693,36.382,8.861,1
2025-11-06,R09,17.568,0.8498,15.483,65.095,89.926,4.377,0
2025-11-07,R09,20.939,0.7993,5.955,50.867,44.745,7.254,0
2025-11-08,R09,18.66,0.7559,4.798,51.748,46.564,7.171,1
2025-11-09,R09,20.86,0.7795,8.476,48.964,46.064,7.911,1
2025-11-10,R09,22.334,0.7356,14.694,52.052,53.759,8.569,1
2025-11-11,R09,20.889,0.7549,7.099,54.417,57.598,7.767,1
2025-11-12,R09,21.796,0.7244,16.246,51.143,70.293,5.221,0
2025-11-13,R09,21.978,0.7504,6.983,48.142,27.607,7.664,1
2025-11-14,R09,20.358,0.9208,18.587,50.953,72.29,5.524,0
2025-11-15,R09,24.326,0.7776,1.847,45.989,23.804,8.207,1
2025-11-16,R09,20.044,0.8057,1.403,45.366,59.487,6.649,1
2025-11-17,R09,19.642,0.7475,8.953,52.396,71.474,5.068,0
2025-11-18,R09,20.881,0.7356,13.236,55.099,63.799,6.255,0
2025-11-19,R09,25.415,0.717,8.997,53.05,40.597,8.755,1
2025-11-20,R09,18.535,0.7907,2.103,51.059,17.65,8.844,1
2025-11-21,R09,18.781,0.7827,6.397,51.426,62.455,5.943,0
2025-11-22,R09,23.745,0.6736,13.779,49.369,54.707,7.906,1
2025-11-23,R09,21.902,0.6966,4.069,52.542,40.833,8.411,1
2025-11-24,R09,20.109,0.6459,3.288,47.611,45.084,6.005,0
2025-11-25,R09,19.156,0.7713,8.861,54.369,71.621,5.123,0
2025-11-26,R09,23.029,0.7836,3.673,44.06,55.662,8.988,1
2025-11-27,R09,22.572,0.8507,8.066,48.226,37.243,7.506,1
2025-11-28,R09,19.503,0.7294,4.622,50.415,34.788,6.567,0
2025-11-29,R09,22.818,0.7118,14.393,51.387,83.901,5.651,0
2025-11-30,R09,25.716,0.8238,15.516,54.814,65.043,7.732,1
2025-12-01,R09,23.196,0.673,20.232,55.888,54.925,8.242,1
2025-12-02,R09,22.816,0.7736,13.695,48.389,86.086,6.895,1
2025-12-03,R09,19.938,0.7451,16.604,57.392,65.523,7.316,0
2025-12-04,R09,19.477,0.7846,4.653,47.753,74.582,5.121,0
2025-12-05,R09,21.692,0.722,15.595,53.187,72.854,6.231,0
2025-12-06,R09,23.458,0.7438,23.935,55.223,62.492,7.451,0
2025-12-07,R09,25.461,0.7306,12.382,47.127,40.895,9.192,1
2025-12-08,R09,23.113,0.8453,7.464,51.773,35.16,8.362,1
2025-12-09,R09,25.605,0.6706,1.897,50.005,72.056,6.398,1
2025-12-10,R09,22.789,0.7242,9.605,49.818,43.994,8.724,1
2025-12-11,R09,20.632,0.7505,2.153,41.802,47.698,6.159,0
2025-12-12,R09,22.579,0.6144,14.18,53.411,44.586,7.935,0
2025-12-13,R09,24.152,0.77,15.434,54.143,86.48,6.355,0
2025-12-14,R09,23.273,0.8082,0.421,50.078,56.451,7.231,1
2025-12-15,R09,22.131,0.7424,2.402,49.87,63.096,6.001,1
2025-12-16,R09,22.63,0.8003,4.013,54.872,30.698,7.563,0
2025-12-17,R09,22.689,0.7364,8.116,50.346,47.128,7.689,1
2025-12-18,R09,24.609,0.6799,5.42,50.973,27.561,8.767,1
2025-12-19,R09,24.153,0.6552,1.95,44.622,9.618,10.089,1
2025-12-20,R09,23.649,0.6174,20.53,52.054,39.353,9.383,1
2025-12-21,R09,24.979,0.7274,8.346,45.144,60.778,6.965,1
2025-12-22,R09,23.721,0.8065,6.122,43.47,41.927,9.26,1
2025-12-23,R09,22.584,0.7463,5.198,52.804,59.578,7.587,1
2025-12-24,R09,21.302,0.7512,11.388,47.799,64.093,6.952,1
2025-12-25,R09,23.045,0.6302,4.487,52.799,26.236,8.901,1
2025-12-26,R09,26.005,0.8121,17.206,53.867,35.288,8.615,1
2025-12-27,R09,24.448,0.6865,2.48,47.699,38.44,7.642,1
2025-12-28,R09,26.906,0.7562,12.744,50.502,83.178,5.485,1
2025-12-29,R09,22.743,0.741,16.411,52.106,55.061,6.979,0
2025-12-30,R09,26.27,0.8131,4.314,47.141,56.031,7.303,1
2025-12-31,R09,27.069,0.6277,26.979,57.556,51.367,7.911,1
2025-01-01,R10,26.574,0.2358,8.178,59.214,53.571,8.103,1
2025-01-02,R10,24.428,0.223,4.422,56.453,37.503,8.37,1
2025-01-03,R10,24.227,0.2468,4.355,61.104,38.746,7.652,1
2025-01-04,R10,24.027,0.2094,2.239,59.455,44.862,7.806,1
2025-01-05,R10,29.139,0.2108,9.2,52.977,28.247,9.434,1
2025-01-06,R10,28.002,0.1911,4.514,56.734,19.441,10.296,1
2025-01-07,R10,27.473,0.196,1.426,53.499,44.336,9.024,1
2025-01-08,R10,24.466,0.1774,3.361,55.756,59.4,7.968,1
2025-01-09,R10,28.396,0.1737,4.16,52.338,31.462,9.921,1
2025-01-10,R10,27.759,0.1594,16.808,55.156,55.017,7.988,1
2025-01-11,R10,22.59,0.3092,15.936,63.096,71.062,6.654,0
2025-01-12,R10,24.925,0.1985,3.238,55.167,32.612,7.903,1
2025-01-13,R10,28.146,0.2922,0.082,48.808,31.806,8.911,1
2025-01-14,R10,28.526,0.242,4.068,52.966,44.039,9.396,1
2025-01-15,R10,24.673,0.2848,17.169,59.289,54.816,7.053,1
2025-01-16,R10,27.067,0.2629,13.04,60.107,62.895,6.231,0
2025-01-17,R10,28.262,0.1543,13.729,59.35,73.062,6.31,0
2025-01-18,R10,25.852,0.0649,8.172,49.753,89.574,7.438,1
2025-01-19,R10,25.243,0.2724,5.212,56.386,56.579,7.263,1
2025-01-20,R10,27.946,0.1407,5.38,55.208,45.877,9.376,1
2025-01-21,R10,25.086,0.2363,2.639,54.183,57.139,8.239,1
2025-01-22,R10,29.909,0.1139,16.391,55.517,53.209,10.051,1
2025-01-23,R10,29.561,0.2219,20.759,50.796,47.705,9.968,1
2025-01-24,R10,24.563,0.3135,14.761,55.923,46.017,8.213,1
2025-01-25,R10,29.358,0.2713,4.03,51.43,40.27,9.39,1
2025-01-26,R10,26.668,0.1406,16.123,55.764,49.532,8.64,1
2025-01-27,R10,29.69,0.1921,2.718,42.805,18.264,10.317,1
2025-01-28,R10,27.551,0.1744,16.426,57.017,40.984,7.923,1
2025-01-29,R10,30.203,0.1642,9.856,52.819,55.35,10.071,1
2025-01-30,R10,29.23,0.1322,24.001,58.497,85.189,8.746,1
2025-01-31,R10,26.653,0.2481,9.259,52.986,39.732,9.203,1
2025-02-01,R10,29.706,0.286,7.908,53.834,54.943,8.779,1
2025-02-02,R10,28.074,0.2039,1.524,54.28,16.92,10.328,1
2025-02-03,R10,26.948,0.1809,2.496,51.481,46.081,9.805,1
2025-02-04,R10,32.191,0.1011,10.607,50.71,53.654,9.89,1
2025-02-05,R10,31.542,0.0836,14.574,59.373,68.966,9.652,1
2025-02-06,R10,31.076,0.05,7.038,51.587,15.202,11.346,1
2025-02-07,R10,28.299,0.236,15.499,56.235,64.338,8.452,1
2025-02-08,R10,26.029,0.2096,7.634,57.011,37.395,7.455,1
2025-02-09,R10,26.666,0.1293,1.229,53.637,56.868,8.977,1
2025-02-10,R10,29.936,0.214,4.495,50.576,41.951,9.051,1
2025-02-11,R10,31.529,0.05,10.655,55.868,41.999,9.84,1
2025-02-12,R10,27.947,0.2743,12.624,50.515,56.891,8.398,1
2025-02-13,R10,27.342,0.2117,8.175,53.565,61.994,7.487,1
2025-02-14,R10,27.058,0.2175,39.879,68.122,51.966,6.992,0
2025-02-15,R10,31.185,0.1776,12.358,54.019,71.96,7.596,1
2025-02-16,R10,25.742,0.1595,8.571,58.822,43.643,7.997,1
2025-02-17,R10,26.91,0.264,16.323,51.328,97.201,5.925,1
2025-02-18,R10,30.858,0.2103,24.66,59.704,73.271,8.247,1
2025-02-19,R10,32.74,0.1413,2.504,45.275,22.905,11.409,1
2025-02-20,R10,30.652,0.2193,0.693,54.831,46.752,9.258,1
2025-02-21,R10,29.357,0.2187,5.504,53.452,63.192,7.607,1
2025-02-22,R10,28.523,0.1925,19.145,55.807,64.624,7.213,1
2025-02-23,R10,29.974,0.2561,11.905,50.022,58.941,8.226,1
2025-02-24,R10,29.644,0.1237,0.697,50.708,26.261,10.573,1
2025-02-25,R10,31.943,0.2373,3.979,47.992,57.911,9.899,1
2025-02-26,R10,28.694,0.2429,20.516,59.993,85.266,5.649,0
2025-02-27,R10,30.416,0.1803,7.316,52.621,37.49,9.815,1
2025-02-28,R10,29.258,0.1852,13.754,56.353,66.661,9.146,1
2025-03-01,R10,30.35,0.1405,4.622,47.709,43.949,8.917,1
2025-03-02,R10,31.561,0.2483,1.609,48.869,31.151,11.017,1
2025-03-03,R10,31.364,0.1394,7.157,51.203,54.687,8.972,1
2025-03-04,R10,31.96,0.2421,12.163,52.899,53.942,9.929,1
2025-03-05,R10,29.794,0.1552,13.151,55.652,30.981,8.866,1
2025-03-06,R10,28.014,0.24,1.584,59.251,62.017,8.541,1
2025-03-07,R10,30.284,0.2069,3.678,46.255,62.362,9.316,1
2025-03-08,R10,30.418,0.1492,43.108,59.012,65.354,8.266,1
2025-03-09,R10,29.429,0.1568,40.959,60.333,93.515,6.507,1
2025-03-10,R10,31.24,0.1658,35.13,63.006,61.527,8.812,1
2025-03-11,R10,28.587,0.2902,12.532,54.759,61.025,7.006,1
2025-03-12,R10,30.412,0.149,28.257,53.661,64.951,7.657,1
2025-03-13,R10,34.427,0.1157,33.938,55.598,86.474,8.106,1
2025-03-14,R10,30.285,0.1835,2.689,52.578,45.149,9.193,1
2025-03-15,R10,26.619,0.2099,3.729,50.764,47.685,7.823,1
2025-03-16,R10,29.11,0.1149,15.279,55.509,72.045,8.434,1
2025-03-17,R10,26.599,0.1097,0.45,56.818,64.26,8.0,1
2025-03-18,R10,27.034,0.1647,9.316,53.047,47.604,8.466,1
2025-03-19,R10,27.702,0.2256,2.164,51.252,35.729,9.976,1
2025-03-20,R10,28.102,0.2046,3.321,45.99,41.092,9.728,1
2025-03-21,R10,32.942,0.0694,5.367,52.401,24.645,12.627,1
2025-03-22,R10,27.378,0.2837,8.6,57.611,51.331,7.435,1
2025-03-23,R10,28.776,0.2201,5.02,55.238,51.559,8.849,1
2025-03-24,R10,33.14,0.2205,1.822,45.883,50.084,9.322,1
2025-03-25,R10,32.462,0.1819,3.906,53.233,40.819,10.689,1
2025-03-26,R10,30.405,0.1784,17.61,52.268,68.603,7.658,1
2025-03-27,R10,30.142,0.1292,0.321,53.527,31.328,9.444,1
2025-03-28,R10,29.207,0.1576,31.871,63.13,58.631,9.924,1
2025-03-29,R10,33.213,0.1862,5.885,60.286,36.107,9.966,1
2025-03-30,R10,32.964,0.1614,2.262,44.933,79.587,8.349,1
2025-03-31,R10,31.207,0.2506,24.886,55.775,44.724,9.201,1
2025-04-01,R10,30.431,0.1102,21.702,60.655,39.799,9.899,1
2025-04-02,R10,30.453,0.2127,8.223,49.668,47.85,10.205,1
2025-04-03,R10,30.672,0.1773,11.517,50.889,63.846,9.192,1
2025-04-04,R10,32.351,0.1762,15.336,56.064,46.32,9.557,1
2025-04-05,R10,31.053,0.1702,7.036,54.92,31.43,10.841,1
2025-04-06,R10,32.087,0.05,3.982,47.38,63.426,8.563,1
2025-04-07,R10,32.185,0.2098,9.437,51.181,53.595,8.323,1
2025-04-08,R10,30.186,0.1703,20.954,56.697,90.032,8.423,1
2025-04-09,R10,27.363,0.2155,3.032,52.465,42.145,9.529,1
2025-04-10,R10,30.1,0.3179,12.038,52.316,67.267,9.111,1
2025-04-11,R10,31.961,0.1146,0.967,51.216,12.388,12.422,1
2025-04-12,R10,29.417,0.0786,4.694,43.436,65.755,8.4,1
2025-04-13,R10,31.765,0.1947,2.455,49.546,37.832,9.163,1
2025-04-14,R10,31.419,0.1285,11.412,58.861,29.922,10.858,1
2025-04-15,R10,35.324,0.0992,3.618,51.341,65.778,9.216,1
2025-04-16,R10,31.496,0.1596,7.707,52.366,34.105,10.587,1
2025-04-17,R10,31.306,0.1208,18.046,50.527,73.5,8.305,1
2025-04-18,R10,32.079,0.05,12.103,46.05,65.712,8.793,1
2025-04-19,R10,30.207,0.2398,1.831,52.615,20.958,11.394,1
2025-04-20,R10,32.177,0.1507,1.807,50.351,60.454,9.785,1
2025-04-21,R10,30.083,0.1536,30.738,59.943,76.263,6.58,0
2025-04-22,R10,31.664,0.0634,2.008,48.174,34.953,10.317,1
2025-04-23,R10,30.356,0.2819,7.029,53.035,67.626,7.21,1
2025-04-24,R10,32.98,0.2235,2.045,48.86,39.684,10.511,1
2025-04-25,R10,32.904,0.1211,3.171,49.442,51.71,9.384,1
2025-04-26,R10,29.429,0.2915,5.014,51.932,29.678,9.789,1
2025-04-27,R10,27.336,0.2387,18.933,56.966,48.457,8.617,1
2025-04-28,R10,28.268,0.1858,2.461,51.104,64.283,7.532,1
2025-04-29,R10,29.427,0.1776,7.889,46.545,36.04,10.173,1
2025-04-30,R10,31.3,0.234,3.501,48.872,38.778,10.15,1
2025-05-01,R10,31.982,0.2427,10.027,53.869,43.594,9.253,1
2025-05-02,R10,30.6,0.1892,1.828,48.914,19.082,11.135,1
2025-05-03,R10,28.455,0.2263,16.673,56.669,60.684,8.007,1
2025-05-04,R10,28.799,0.2013,7.762,49.397,38.281,9.427,1
2025-05-05,R10,28.336,0.189,8.823,57.273,41.108,9.699,1
2025-05-06,R10,28.485,0.1162,7.865,52.224,59.315,8.981,1
2025-05-07,R10,30.116,0.075,12.069,55.193,64.066,8.471,1
2025-05-08,R10,28.94,0.0794,7.439,47.531,59.987,8.429,1
2025-05-09,R10,31.678,0.1041,9.319,53.828,76.955,7.453,1
2025-05-10,R10,28.986,0.2184,6.107,57.03,57.58,7.543,1
2025-05-11,R10,28.42,0.2162,18.8,56.841,62.059,8.609,1
2025-05-12,R10,32.83,0.1701,13.275,47.071,61.06,8.845,1
2025-05-13,R10,32.072,0.1038,4.249,49.177,53.89,9.074,1
2025-05-14,R10,31.554,0.2896,9.759,50.93,76.38,7.972,1
2025-05-15,R10,31.203,0.2569,4.57,47.894,46.729,9.421,1
2025-05-16,R10,29.685,0.1518,18.264,60.72,43.823,9.8,1
2025-05-17,R10,29.407,0.1402,18.421,59.385,64.116,7.316,1
2025-05-18,R10,28.181,0.2288,5.222,54.088,60.244,8.281,1
2025-05-19,R10,27.838,0.2344,15.355,59.277,75.612,7.739,1
2025-05-20,R10,29.049,0.259,0.248,51.422,15.246,10.66,1
2025-05-21,R10,32.404,0.115,4.942,49.088,22.195,10.185,1
2025-05-22,R10,30.507,0.1241,15.21,55.254,46.711,10.794,1
2025-05-23,R10,29.141,0.1321,10.435,53.998,39.152,9.925,1
2025-05-24,R10,27.177,0.1699,2.402,52.314,41.206,8.198,1
2025-05-25,R10,30.129,0.1367,8.949,52.4,67.425,8.109,1
2025-05-26,R10,28.997,0.2306,3.427,52.139,25.899,10.464,1
2025-05-27,R10,28.695,0.2053,2.838,57.468,45.727,9.075,1
2025-05-28,R10,28.727,0.2153,7.929,48.739,87.226,6.415,1
2025-05-29,R10,28.501,0.1966,6.46,55.382,64.999,7.719,1
2025-05-30,R10,28.09,0.1099,7.495,52.092,67.22,8.473,1
2025-05-31,R10,29.652,0.1836,3.495,50.444,39.646,9.469,1
2025-06-01,R10,25.371,0.1803,13.37,53.65,31.002,9.77,1
2025-06-02,R10,29.35,0.2176,5.192,56.617,69.13,7.167,1
2025-06-03,R10,31.488,0.1349,26.232,58.377,54.107,8.516,1
2025-06-04,R10,28.985,0.1166,7.323,49.486,50.191,7.614,1
2025-06-05,R10,30.008,0.1284,0.532,52.907,8.056,10.291,1
2025-06-06,R10,28.827,0.2235,0.271,50.521,20.008,10.657,1
2025-06-07,R10,29.967,0.1945,10.712,56.082,58.039,8.309,1
2025-06-08,R10,31.077,0.105,4.627,46.599,68.697,8.033,1
2025-06-09,R10,32.055,0.145,13.985,47.004,57.066,9.736,1
2025-06-10,R10,27.028,0.1954,5.496,56.291,41.022,9.505,1
2025-06-11,R10,28.394,0.1317,8.686,54.361,62.74,8.935,1
2025-06-12,R10,28.229,0.1617,10.254,61.983,59.473,7.021,1
2025-06-13,R10,28.574,0.1518,3.093,53.391,41.021,8.636,1
2025-06-14,R10,30.3,0.2479,1.669,51.903,23.407,10.305,1
2025-06-15,R10,25.793,0.1809,8.425,50.72,37.254,8.255,1
2025-06-16,R10,27.815,0.1281,0.723,53.035,56.764,7.01,1
2025-06-17,R10,26.1,0.2143,14.044,52.329,44.565,8.109,1
2025-06-18,R10,28.266,0.1823,19.331,52.823,68.557,9.118,1
2025-06-19,R10,29.456,0.2211,12.097,54.543,36.617,9.744,1
2025-06-20,R10,29.257,0.1876,12.21,54.693,53.501,9.312,1
2025-06-21,R10,26.013,0.2536,12.129,60.481,66.53,7.896,1
2025-06-22,R10,24.996,0.2463,1.991,48.515,9.863,9.831,1
2025-06-23,R10,26.204,0.225,9.309,59.255,41.352,7.798,1
2025-06-24,R10,24.841,0.2613,2.954,51.279,49.539,7.672,1
2025-06-25,R10,29.436,0.1752,5.569,56.292,32.583,9.512,1
2025-06-26,R10,26.233,0.2744,9.029,57.855,74.462,6.501,1
2025-06-27,R10,26.509,0.2336,10.224,56.354,54.999,6.93,1
2025-06-28,R10,26.902,0.2565,16.939,53.006,64.004,5.575,0
2025-06-29,R10,26.956,0.2575,1.941,52.368,78.557,8.076,1
2025-06-30,R10,23.024,0.2316,9.508,60.608,71.703,6.219,0
2025-07-01,R10,27.88,0.1964,10.099,52.925,62.855,7.199,1
2025-07-02,R10,24.587,0.1775,6.97,61.193,41.032,8.93,1
2025-07-03,R10,26.017,0.3117,10.76,57.872,78.138,6.494,1
2025-07-04,R10,26.961,0.1646,8.544,51.95,69.888,7.725,1
2025-07-05,R10,26.343,0.1569,4.83,52.678,70.7,6.674,1
2025-07-06,R10,24.072,0.2772,1.724,49.948,17.893,9.254,1
2025-07-07,R10,25.467,0.2613,8.762,51.899,52.271,7.772,1
2025-07-08,R10,24.998,0.2274,18.196,61.748,61.619,7.932,1
2025-07-09,R10,26.76,0.1999,8.945,50.352,58.59,7.189,1
2025-07-10,R10,25.82,0.1714,12.181,61.619,30.133,9.029,1
2025-07-11,R10,28.905,0.1726,7.463,54.216,34.043,9.464,1
2025-07-12,R10,23.3,0.2813,5.648,55.308,33.955,7.504,1
2025-07-13,R10,24.319,0.1595,6.398,54.652,61.408,8.84,1
2025-07-14,R10,24.376,0.2865,11.076,53.336,53.293,8.263,1
2025-07-15,R10,22.456,0.1796,7.813,57.649,100,5.632,0
2025-07-16,R10,24.039,0.2347,12.663,59.238,71.9,6.512,0
2025-07-17,R10,21.727,0.1872,21.972,59.73,53.946,6.126,0
2025-07-18,R10,23.709,0.256,9.829,55.585,36.958,7.17,1
2025-07-19,R10,23.009,0.1839,4.109,54.288,33.937,8.777,1
2025-07-20,R10,23.987,0.2025,5.409,52.965,27.001,8.434,1
2025-07-21,R10,22.868,0.1644,0.929,51.923,47.341,6.656,1
2025-07-22,R10,21.657,0.1992,4.963,57.424,77.463,7.212,1
2025-07-23,R10,24.239,0.3169,11.021,57.725,56.574,7.599,1
2025-07-24,R10,22.865,0.1535,6.273,57.394,48.51,7.526,1
2025-07-25,R10,24.196,0.2828,4.188,57.228,33.023,8.185,1
2025-07-26,R10,26.397,0.3052,16.971,58.601,28.933,10.316,1
2025-07-27,R10,24.774,0.2439,6.979,57.24,70.421,5.115,0
2025-07-28,R10,28.06,0.1335,8.712,52.345,80.346,6.766,1
2025-07-29,R10,24.571,0.2935,4.917,55.829,55.723,7.698,1
2025-07-30,R10,26.586,0.1906,29.457,59.165,96.265,5.526,0
2025-07-31,R10,28.807,0.1196,5.948,52.749,21.192,10.187,1
2025-08-01,R10,18.737,0.3182,3.168,51.083,51.355,6.859,1
2025-08-02,R10,22.893,0.3623,10.026,55.43,60.682,7.409,1
2025-08-03,R10,22.408,0.1906,8.608,59.053,26.77,8.256,1
2025-08-04,R10,24.874,0.1541,7.84,54.498,63.012,7.062,1
2025-08-05,R10,25.072,0.2804,1.493,54.599,39.839,8.201,1
2025-08-06,R10,22.099,0.325,9.078,58.884,46.815,7.208,1
2025-08-07,R10,20.236,0.3253,1.328,53.393,31.842,8.125,1
2025-08-08,R10,24.216,0.2277,39.714,70.361,66.525,7.008,0
2025-08-09,R10,23.932,0.2565,9.533,59.284,36.475,9.07,1
2025-08-10,R10,22.192,0.3233,0.924,54.222,36.789,8.872,1
2025-08-11,R10,24.242,0.3332,11.53,62.977,55.022,7.452,0
2025-08-12,R10,21.643,0.28,5.655,60.731,61.387,5.955,0
2025-08-13,R10,20.788,0.3067,18.198,57.87,46.343,7.525,1
2025-08-14,R10,25.595,0.3109,20.502,58.706,55.947,7.741,1
2025-08-15,R10,23.778,0.2488,5.848,58.702,38.555,8.77,1
2025-08-16,R10,23.572,0.1644,5.311,59.309,46.486,8.236,1
2025-08-17,R10,18.652,0.2478,16.133,59.992,42.186,7.918,1
2025-08-18,R10,22.624,0.3316,21.235,61.681,53.846,6.312,0
2025-08-19,R10,21.385,0.0984,12.473,62.096,58.823,5.86,0
2025-08-20,R10,20.618,0.3339,9.497,58.472,48.593,6.637,0
2025-08-21,R10,22.821,0.2389,6.263,60.223,49.159,6.768,1
2025-08-22,R10,21.915,0.2813,10.377,59.691,66.167,6.135,1
2025-08-23,R10,23.622,0.2368,6.448,56.067,59.278,7.313,0
2025-08-24,R10,22.976,0.3908,14.378,56.209,57.609,5.68,0
2025-08-25,R10,23.808,0.2571,0.75,50.716,54.674,7.311,1
2025-08-26,R10,22.703,0.3845,9.325,58.766,41.525,9.451,1
2025-08-27,R10,25.385,0.289,18.978,62.567,59.638,6.968,0
2025-08-28,R10,24.857,0.1876,3.068,52.989,66.589,6.725,1
2025-08-29,R10,23.556,0.326,6.618,56.361,54.211,7.869,1
2025-08-30,R10,24.074,0.2128,13.995,55.886,76.588,7.576,1
2025-08-31,R10,22.263,0.2184,5.941,52.132,52.058,7.782,1
2025-09-01,R10,18.314,0.2405,3.227,56.308,43.993,7.747,0
2025-09-02,R10,22.487,0.2642,6.388,57.157,46.291,8.028,1
2025-09-03,R10,25.147,0.2397,28.319,63.094,76.042,6.896,0
2025-09-04,R10,21.543,0.2291,3.084,56.864,56.309,6.676,1
2025-09-05,R10,21.048,0.295,11.074,61.754,70.856,6.167,0
2025-09-06,R10,22.136,0.231,14.981,58.911,40.558,7.878,1
2025-09-07,R10,19.539,0.3392,13.352,65.4,48.049,5.669,0
2025-09-08,R10,22.84,0.3465,8.564,60.854,38.649,7.965,1
2025-09-09,R10,22.013,0.1019,15.781,56.066,64.723,6.688,1
2025-09-10,R10,26.215,0.226,7.563,55.805,39.285,8.9,1
2025-09-11,R10,22.374,0.2303,8.889,55.01,78.777,4.902,0
2025-09-12,R10,23.831,0.2781,3.892,53.551,28.722,9.117,1
2025-09-13,R10,21.609,0.194,1.87,51.648,23.161,7.487,1
2025-09-14,R10,23.49,0.2809,4.844,58.319,49.681,7.613,1
2025-09-15,R10,19.574,0.2646,3.216,54.616,42.334,6.351,1
2025-09-16,R10,23.548,0.2651,21.102,62.266,63.838,6.893,0
2025-09-17,R10,22.617,0.3669,7.587,49.34,34.285,7.965,1
2025-09-18,R10,21.949,0.333,15.104,62.581,62.161,7.401,0
2025-09-19,R10,20.647,0.3101,8.422,58.272,81.416,5.426,0
2025-09-20,R10,21.618,0.3752,6.293,56.75,69.97,6.098,0
2025-09-21,R10,19.481,0.2768,25.202,60.539,49.208,6.362,0
2025-09-22,R10,23.759,0.3772,9.451,60.395,52.412,8.733,1
2025-09-23,R10,23.132,0.3656,31.667,61.348,41.982,9.219,0
2025-09-24,R10,20.273,0.2541,8.93,57.204,43.063,7.313,1
2025-09-25,R10,23.623,0.215,6.296,53.8,36.129,6.987,1
2025-09-26,R10,21.951,0.2013,9.737,59.597,65.215,6.265,1
2025-09-27,R10,20.403,0.2892,19.41,60.992,65.792,7.159,1
2025-09-28,R10,22.158,0.2726,9.322,62.912,81.675,6.654,1
2025-09-29,R10,20.965,0.3282,10.947,63.168,65.895,6.344,0
2025-09-30,R10,21.078,0.2376,2.086,54.906,47.175,6.271,0
2025-10-01,R10,22.546,0.3019,11.624,60.309,64.732,6.189,0
2025-10-02,R10,21.9,0.2983,7.113,56.854,40.287,8.64,1
2025-10-03,R10,19.627,0.21,2.218,57.666,26.833,6.518,1
2025-10-04,R10,22.595,0.1899,1.729,56.172,37.985,7.57,1
2025-10-05,R10,20.104,0.2897,5.277,57.899,56.932,7.909,1
2025-10-06,R10,20.602,0.3163,43.695,63.911,100,4.42,0
2025-10-07,R10,19.886,0.2656,9.648,55.898,36.562,7.058,1
2025-10-08,R10,19.26,0.295,20.752,63.346,45.713,6.695,0
2025-10-09,R10,20.627,0.2179,5.127,52.815,26.168,9.143,1
2025-10-10,R10,21.677,0.2602,0.364,52.436,46.18,7.201,1
2025-10-11,R10,22.81,0.2988,9.637,59.415,48.882,7.756,1
2025-10-12,R10,21.887,0.2185,7.516,58.239,40.124,8.972,1
2025-10-13,R10,20.613,0.2196,6.761,59.499,80.657,3.896,0
2025-10-14,R10,21.664,0.2518,4.676,48.761,54.357,6.67,1
2025-10-15,R10,21.555,0.2051,0.682,55.527,18.701,10.128,1
2025-10-16,R10,18.827,0.3461,4.259,54.95,44.367,8.248,1
2025-10-17,R10,21.575,0.326,20.665,62.873,52.806,5.764,0
2025-10-18,R10,23.329,0.2319,8.489,59.513,44.136,7.862,1
2025-10-19,R10,19.437,0.2843,0.844,57.526,5,7.811,1
2025-10-20,R10,25.889,0.3243,11.219,55.156,74.689,7.055,1
2025-10-21,R10,21.62,0.327,6.575,54.354,41.383,6.513,1
2025-10-22,R10,20.498,0.3065,1.111,53.305,35.401,7.66,1
2025-10-23,R10,23.511,0.2587,11.573,57.318,41.54,8.747,1
2025-10-24,R10,22.518,0.3788,2.139,55.485,24.652,8.389,1
2025-10-25,R10,23.153,0.1889,3.45,57.521,52.552,7.539,1
2025-10-26,R10,24.24,0.2424,3.091,54.099,78.069,6.777,1
2025-10-27,R10,19.227,0.2204,15.68,56.549,39.988,7.528,1
2025-10-28,R10,20.752,0.1379,10.533,57.092,59.752,5.759,0
2025-10-29,R10,24.387,0.336,8.42,53.704,72.027,6.384,1
2025-10-30,R10,25.168,0.1572,5.391,55.721,58.258,6.365,1
2025-10-31,R10,22.142,0.1924,2.862,50.372,56.896,7.252,1
2025-11-01,R10,23.423,0.2683,8.782,57.585,40.631,8.122,1
2025-11-02,R10,22.773,0.2813,2.621,58.429,58.912,7.448,1
2025-11-03,R10,23.695,0.3254,7.342,56.251,40.865,7.625,1
2025-11-04,R10,25.318,0.2915,0.956,53.493,27.262,9.801,1
2025-11-05,R10,18.828,0.3035,7.27,59.228,44.695,6.608,1
2025-11-06,R10,20.626,0.3764,7.66,51.96,53.231,6.281,1
2025-11-07,R10,20.447,0.3713,29.516,70.135,69.863,7.401,0
2025-11-08,R10,25.381,0.2239,9.648,58.156,33.469,8.333,1
2025-11-09,R10,24.814,0.1963,2.395,55.91,43.843,9.979,1
2025-11-10,R10,26.096,0.1839,3.348,55.846,51.392,9.016,1
2025-11-11,R10,24.03,0.2809,4.925,50.191,56.915,7.916,1
2025-11-12,R10,24.995,0.2576,7.01,54.139,35.145,9.492,1
2025-11-13,R10,20.771,0.3495,9.214,58.775,56.001,6.774,0
2025-11-14,R10,24.537,0.2427,8.071,56.446,46.66,6.982,1
2025-11-15,R10,26.443,0.2309,7.428,55.422,21.489,9.277,1
2025-11-16,R10,23.933,0.206,30.736,71.42,88.403,5.407,0
2025-11-17,R10,21.749,0.2799,11.3,56.909,67.408,5.47,0
2025-11-18,R10,24.27,0.1015,12.595,62.508,46.408,9.955,1
2025-11-19,R10,24.1,0.2554,0.92,51.262,17.129,9.567,1
2025-11-20,R10,25.817,0.2458,5.321,54.856,60.708,8.014,1
2025-11-21,R10,26.994,0.122,21.382,59.307,85.456,5.549,0
2025-11-22,R10,23.995,0.0995,9.327,62.761,56.825,6.189,1
2025-11-23,R10,24.228,0.2746,6.839,56.471,44.661,7.82,1
2025-11-24,R10,23.852,0.1767,7.544,51.418,25.34,9.629,1
2025-11-25,R10,21.381,0.2973,13.23,58.079,71.276,6.531,0
2025-11-26,R10,23.923,0.1011,5.81,60.74,28.357,8.728,1
2025-11-27,R10,24.572,0.2552,18.734,63.303,48.561,8.562,1
2025-11-28,R10,22.726,0.1989,0.313,55.765,5,9.269,1
2025-11-29,R10,23.461,0.2198,14.367,60.956,48.815,6.351,0
2025-11-30,R10,24.273,0.2191,7.871,58.263,41.071,8.076,1
2025-12-01,R10,21.931,0.1659,12.569,57.201,69.426,6.08,0
2025-12-02,R10,27.327,0.2191,9.282,55.572,70.2,7.522,1
2025-12-03,R10,23.32,0.2429,5.585,54.316,35.052,9.62,1
2025-12-04,R10,23.896,0.2919,9.813,56.673,40.81,7.481,1
2025-12-05,R10,25.59,0.1511,6.717,56.24,61.12,5.706,1
2025-12-06,R10,22.961,0.1609,7.495,55.577,90.367,4.446,1
2025-12-07,R10,23.551,0.2782,24.905,62.916,77.794,6.375,0
2025-12-08,R10,21.182,0.2667,17.885,62.372,62.097,7.559,0
2025-12-09,R10,23.439,0.2693,13.255,57.927,51.92,7.447,1
2025-12-10,R10,24.612,0.4412,9.071,61.61,47.476,7.984,1
2025-12-11,R10,24.325,0.2456,3.46,54.889,32.456,9.428,1
2025-12-12,R10,21.978,0.2214,2.032,57.777,13.025,8.885,1
2025-12-13,R10,23.986,0.2363,1.048,63.691,67.908,7.48,1
2025-12-14,R10,24.484,0.2565,10.665,55.737,39.857,8.334,1
2025-12-15,R10,23.16,0.2522,2.03,53.917,25.443,9.186,1
2025-12-16,R10,26.029,0.2996,3.619,52.448,48.331,7.1,1
2025-12-17,R10,26.843,0.2795,8.319,55.077,35.699,9.756,1
2025-12-18,R10,25.765,0.2374,4.221,51.764,55.214,8.253,1
2025-12-19,R10,25.545,0.1862,14.716,60.445,69.486,7.601,1
2025-12-20,R10,25.87,0.2161,3.29,58.77,40.594,10.203,1
2025-12-21,R10,24.625,0.2939,7.927,53.014,37.797,7.193,1
2025-12-22,R10,27.275,0.2605,3.458,56.743,42.812,8.433,1
2025-12-23,R10,24.6,0.2754,2.923,54.386,33.608,10.084,1
2025-12-24,R10,24.43,0.2335,24.818,58.029,55.554,7.826,1
2025-12-25,R10,28.364,0.1987,2.406,47.71,41.046,9.565,1
2025-12-26,R10,27.847,0.1601,0.291,47.132,27.509,7.321,1
2025-12-27,R10,27.13,0.11,12.315,53.174,40.888,8.606,1
2025-12-28,R10,28.855,0.162,9.035,50.329,34.101,11.062,1
2025-12-29,R10,25.624,0.136,24.486,61.431,54.194,9.077,1
2025-12-30,R10,25.412,0.3672,8.883,52.315,59.866,7.576,1
2025-12-31,R10,27.498,0.1702,3.678,50.483,37.058,8.811,1
2025-01-01,R11,29.007,0.3659,4.829,35.17,48.394,8.778,1
2025-01-02,R11,27.44,0.4203,12.409,39.403,45.831,9.644,1
2025-01-03,R11,28.583,0.4836,7.494,33.682,33.034,9.875,1
2025-01-04,R11,32.177,0.4625,4.892,30.847,40.322,9.796,1
2025-01-05,R11,29.314,0.489,0.789,28.393,5,10.492,1
2025-01-06,R11,31.825,0.399,6.578,29.837,25.897,11.183,1
2025-01-07,R11,26.477,0.5261,17.206,39.88,24.395,10.393,1
2025-01-08,R11,29.114,0.4889,4.966,30.959,45.635,8.217,1
2025-01-09,R11,28.803,0.6044,9.024,30.575,55.207,9.35,1
2025-01-10,R11,31.304,0.3953,24.203,39.851,87.154,6.966,1
2025-01-11,R11,31.755,0.4286,5.905,27.415,41.635,10.474,1
2025-01-12,R11,29.171,0.4383,1.101,33.825,72.982,6.717,1
2025-01-13,R11,29.805,0.5329,4.376,32.283,40.694,8.973,1
2025-01-14,R11,28.969,0.513,6.616,33.179,51.869,10.159,1
2025-01-15,R11,29.698,0.568,17.978,36.638,46.338,9.805,1
2025-01-16,R11,28.232,0.4726,4.49,35.51,58.419,8.891,1
2025-01-17,R11,30.665,0.4889,9.349,32.158,38.017,11.645,1
2025-01-18,R11,26.384,0.6245,6.79,31.916,48.067,7.842,1
2025-01-19,R11,32.36,0.3599,4.512,29.497,31.614,10.334,1
2025-01-20,R11,33.857,0.5238,7.425,31.472,64.221,9.04,1
2025-01-21,R11,31.949,0.4884,7.421,33.146,66.632,10.205,1
2025-01-22,R11,29.094,0.4365,8.94,32.759,37.061,8.988,1
2025-01-23,R11,30.082,0.4754,15.62,38.789,49.656,9.056,1
2025-01-24,R11,27.951,0.5002,2.012,33.586,48.066,7.565,1
2025-01-25,R11,33.946,0.4435,12.039,33.187,54.631,9.087,1
2025-01-26,R11,31.834,0.4678,7.714,31.7,46.045,8.855,1
2025-01-27,R11,30.653,0.5779,2.046,30.805,61.263,9.436,1
2025-01-28,R11,31.436,0.57,2.758,34.823,42.402,8.024,1
2025-01-29,R11,33.675,0.4837,0.843,26.156,67.014,8.658,1
2025-01-30,R11,31.57,0.5071,4.579,29.207,72.153,8.318,1
2025-01-31,R11,29.992,0.404,5.376,32.158,69.37,7.621,1
2025-02-01,R11,32.494,0.5524,16.131,29.889,37.581,10.522,1
2025-02-02,R11,27.381,0.4365,13.34,38.129,48.944,9.011,1
2025-02-03,R11,29.904,0.4935,16.07,33.842,87.44,7.2,1
2025-02-04,R11,29.203,0.5974,6.823,32.068,55.581,8.627,1
2025-02-05,R11,30.992,0.4055,3.437,27.69,33.642,9.554,1
2025-02-06,R11,27.378,0.4747,9.389,35.918,81.901,6.94,1
2025-02-07,R11,31.011,0.5704,10.074,31.412,81.852,8.026,1
2025-02-08,R11,33.538,0.4799,28.819,35.832,68.596,8.056,1
2025-02-09,R11,31.75,0.5259,9.565,33.064,59.352,9.594,1
2025-02-10,R11,31.741,0.4613,0.555,32.741,71.881,9.191,1
2025-02-11,R11,30.126,0.4414,19.437,42.667,60.685,8.213,1
2025-02-12,R11,31.067,0.4942,17.45,33.051,54.186,10.208,1
2025-02-13,R11,31.272,0.354,1.323,36.558,37.902,9.824,1
2025-02-14,R11,27.956,0.4788,7.431,33.754,35.02,10.137,1
2025-02-15,R11,32.349,0.3997,6.391,34.473,20.66,11.636,1
2025-02-16,R11,31.581,0.3855,0.733,31.844,16.389,13.082,1
2025-02-17,R11,31.444,0.4807,8.493,37.638,76.359,8.523,1
2025-02-18,R11,32.33,0.3874,8.002,32.374,55.186,8.877,1
2025-02-19,R11,32.092,0.3848,1.196,27.868,53.719,8.712,1
2025-02-20,R11,31.968,0.5532,3.173,33.92,19.193,12.183,1
2025-02-21,R11,31.906,0.5295,17.389,31.799,79.598,7.96,1
2025-02-22,R11,33.51,0.4583,17.775,27.509,74.202,8.651,1
2025-02-23,R11,33.118,0.4495,25.905,32.204,88.175,7.994,1
2025-02-24,R11,32.646,0.5102,5.098,28.241,35.125,10.365,1
2025-02-25,R11,33.184,0.3754,19.637,37.972,55.804,9.787,1
2025-02-26,R11,32.223,0.515,10.961,36.201,54.334,8.87,1
2025-02-27,R11,33.835,0.431,8.201,31.087,57.385,10.335,1
2025-02-28,R11,33.569,0.4853,6.701,30.497,24.813,11.54,1
2025-03-01,R11,31.439,0.5462,0.511,30.508,13.11,11.622,1
2025-03-02,R11,31.868,0.423,5.297,30.255,59.757,9.68,1
2025-03-03,R11,33.182,0.4479,6.054,32.381,26.21,10.968,1
2025-03-04,R11,30.276,0.5861,33.843,41.715,76.421,7.617,1
2025-03-05,R11,31.014,0.3263,8.833,27.214,57.902,8.72,1
2025-03-06,R11,33.675,0.4927,0.976,31.39,7.553,11.423,1
2025-03-07,R11,34.895,0.3918,22.864,39.071,80.42,8.121,1
2025-03-08,R11,32.114,0.4049,5.986,31.808,44.033,11.137,1
2025-03-09,R11,30.549,0.4052,2.614,32.736,56.572,9.194,1
2025-03-10,R11,32.357,0.3984,6.618,28.605,49.861,9.702,1
2025-03-11,R11,34.585,0.2958,15.429,33.323,36.031,11.158,1
2025-03-12,R11,33.029,0.302,6.807,29.381,55.227,8.721,1
2025-03-13,R11,30.76,0.4395,7.179,32.141,76.455,7.554,1
2025-03-14,R11,30.808,0.5111,8.78,35.111,58.53,10.21,1
2025-03-15,R11,34.286,0.3899,50.306,39.358,64.665,9.134,1
2025-03-16,R11,32.175,0.4395,3.558,29.113,65.926,9.479,1
2025-03-17,R11,32.38,0.3924,1.344,30.702,48.789,9.972,1
2025-03-18,R11,33.037,0.4558,2.562,28.55,32.157,12.742,1
2025-03-19,R11,34.364,0.4299,27.443,36.808,61.895,8.616,1
2025-03-20,R11,31.112,0.5498,6.926,32.761,36.627,10.014,1
2025-03-21,R11,32.88,0.5005,2.834,28.16,45.173,9.584,1
2025-03-22,R11,30.031,0.4689,6.538,32.019,41.294,10.32,1
2025-03-23,R11,33.376,0.4794,9.924,29.876,74.104,8.967,1
2025-03-24,R11,30.206,0.5255,5.755,30.03,54.902,9.741,1
2025-03-25,R11,33.646,0.4101,2.976,32.2,37.891,11.957,1
2025-03-26,R11,33.946,0.4329,5.06,28.232,40.228,11.659,1
2025-03-27,R11,35.092,0.4287,1.427,27.372,44.611,8.657,1
2025-03-28,R11,31.448,0.3761,1.682,34.381,35.395,8.724,1
2025-03-29,R11,34.196,0.4216,5.167,29.773,64.355,8.651,1
2025-03-30,R11,34.834,0.523,4.61,22.536,33.514,10.994,1
2025-03-31,R11,33.133,0.4761,18.943,39.402,80.584,8.103,1
2025-04-01,R11,31.617,0.4416,5.451,35.929,91.322,8.199,1
2025-04-02,R11,33.634,0.462,4.797,29.059,79.649,8.927,1
2025-04-03,R11,33.083,0.3807,18.35,27.614,45.35,9.553,1
2025-04-04,R11,32.873,0.5288,2.817,32.393,30.996,10.417,1
2025-04-05,R11,33.099,0.5173,12.19,31.418,30.046,11.688,1
2025-04-06,R11,31.483,0.4962,4.246,29.149,41.32,10.081,1
2025-04-07,R11,37.597,0.3696,0.216,24.829,59.012,11.168,1
2025-04-08,R11,34.839,0.4183,21.681,35.085,83.475,8.502,1
2025-04-09,R11,33.1,0.405,4.567,31.965,37.453,10.404,1
2025-04-10,R11,30.414,0.4443,30.547,43.673,100,6.291,1
2025-04-11,R11,33.531,0.3954,15.273,35.057,41.312,10.488,1
2025-04-12,R11,31.84,0.5619,9.917,36.026,53.313,9.062,1
2025-04-13,R11,32.061,0.483,2.269,28.806,23.918,9.416,1
2025-04-14,R11,34.29,0.3123,9.797,27.85,58.866,10.38,1
2025-04-15,R11,34.932,0.5601,0.713,29.118,17.881,12.766,1
2025-04-16,R11,33.613,0.3761,4.454,36.142,44.448,9.466,1
2025-04-17,R11,32.685,0.407,2.907,27.422,42.975,10.619,1
2025-04-18,R11,34.363,0.5046,4.606,31.395,41.436,11.348,1
2025-04-19,R11,36.06,0.4534,20.649,33.176,51.856,11.38,1
2025-04-20,R11,33.276,0.4688,2.695,28.555,77.025,8.833,1
2025-04-21,R11,33.144,0.4925,7.068,28.56,52.41,9.338,1
2025-04-22,R11,34.644,0.465,1.756,24.031,24.038,10.906,1
2025-04-23,R11,35.5,0.5254,13.321,32.082,38.349,10.242,1
2025-04-24,R11,35.112,0.4229,21.688,35.306,50.208,10.898,1
2025-04-25,R11,35.116,0.5195,2.301,26.801,47.574,10.5,1
2025-04-26,R11,32.487,0.391,6.293,24.36,64.139,9.657,1
2025-04-27,R11,33.516,0.4366,6.874,31.82,35.155,10.327,1
2025-04-28,R11,33.629,0.4409,16.081,38.036,58.065,8.669,1
2025-04-29,R11,33.609,0.4663,2.345,29.543,23.238,11.285,1
2025-04-30,R11,33.797,0.3366,6.593,27.25,31.777,10.296,1
2025-05-01,R11,35.177,0.4012,2.126,27.771,29.146,10.602,1
2025-05-02,R11,31.35,0.4665,13.386,30.561,62.388,9.357,1
2025-05-03,R11,34.168,0.4114,2.358,26.995,48.193,10.513,1
2025-05-04,R11,31.273,0.4046,1.118,35.376,27.432,11.598,1
2025-05-05,R11,34.375,0.4731,34.021,37.297,57.306,9.855,1
2025-05-06,R11,36.196,0.368,9.756,36.0,80.121,7.666,1
2025-05-07,R11,35.284,0.4716,4.412,35.133,64.207,9.597,1
2025-05-08,R11,34.817,0.3995,1.102,30.105,44.423,9.925,1
2025-05-09,R11,34.171,0.5305,2.042,31.722,26.914,12.089,1
2025-05-10,R11,29.483,0.4543,11.444,38.254,35.457,10.596,1
2025-05-11,R11,34.519,0.3563,20.579,35.157,59.156,9.062,1
2025-05-12,R11,34.397,0.5184,0.845,26.016,5.628,11.048,1
2025-05-13,R11,33.043,0.4285,3.181,27.485,53.731,9.936,1
2025-05-14,R11,31.957,0.5295,6.362,29.939,36.827,10.798,1
2025-05-15,R11,30.743,0.3384,9.168,28.496,22.338,11.037,1
2025-05-16,R11,31.071,0.4457,14.559,39.095,60.783,9.438,1
2025-05-17,R11,33.22,0.4504,14.631,28.469,47.691,9.263,1
2025-05-18,R11,36.663,0.3968,13.552,32.414,49.939,11.587,1
2025-05-19,R11,32.626,0.4644,12.435,34.789,63.508,8.336,1
2025-05-20,R11,33.569,0.4972,14.252,32.244,71.97,9.52,1
2025-05-21,R11,31.342,0.4253,17.117,37.707,70.897,9.037,1
2025-05-22,R11,30.134,0.4731,7.48,33.101,64.725,6.964,1
2025-05-23,R11,28.876,0.623,19.579,34.026,97.321,6.534,1
2025-05-24,R11,30.32,0.3946,9.397,33.392,37.751,9.365,1
2025-05-25,R11,31.947,0.3833,2.902,32.36,65.624,9.641,1
2025-05-26,R11,32.564,0.4915,16.702,36.285,58.518,9.845,1
2025-05-27,R11,28.348,0.474,10.175,37.384,45.282,9.17,1
2025-05-28,R11,31.851,0.5121,2.288,33.928,51.124,9.912,1
2025-05-29,R11,31.746,0.4591,17.015,31.711,54.328,8.819,1
2025-05-30,R11,30.181,0.5925,8.502,31.561,43.463,9.273,1
2025-05-31,R11,31.581,0.4229,4.916,33.475,49.625,10.547,1
2025-06-01,R11,31.703,0.4269,19.805,34.621,55.826,9.478,1
2025-06-02,R11,29.78,0.4827,11.81,29.209,76.796,9.203,1
2025-06-03,R11,34.512,0.4447,2.902,33.035,43.662,9.53,1
2025-06-04,R11,29.16,0.5105,6.836,35.599,43.256,9.264,1
2025-06-05,R11,29.953,0.5108,6.677,32.175,77.068,7.85,1
2025-06-06,R11,28.368,0.6017,8.894,34.528,41.558,8.628,1
2025-06-07,R11,31.001,0.5437,1.112,28.413,39.445,11.277,1
2025-06-08,R11,31.374,0.4766,16.702,31.661,77.85,6.73,1
2025-06-09,R11,30.486,0.5043,16.727,33.468,48.029,7.853,1
2025-06-10,R11,31.167,0.4071,4.217,30.882,27.006,9.693,1
2025-06-11,R11,29.076,0.4835,10.68,34.386,23.301,10.382,1
2025-06-12,R11,28.26,0.4447,20.041,42.593,61.324,8.794,1
2025-06-13,R11,32.357,0.3756,3.804,27.213,67.797,8.84,1
2025-06-14,R11,31.906,0.4448,11.492,36.614,73.036,8.702,1
2025-06-15,R11,33.972,0.5258,13.071,32.55,74.105,8.137,1
2025-06-16,R11,33.661,0.4336,1.819,25.128,50.998,8.973,1
2025-06-17,R11,31.308,0.4778,10.487,34.454,71.643,6.489,1
2025-06-18,R11,31.029,0.4175,5.332,33.568,68.254,8.626,1
2025-06-19,R11,31.888,0.5077,13.55,33.055,49.381,9.457,1
2025-06-20,R11,32.41,0.3979,7.91,30.071,47.477,10.309,1
2025-06-21,R11,27.612,0.5139,15.479,34.861,45.838,8.289,1
2025-06-22,R11,30.536,0.482,5.19,35.525,60.412,8.829,1
2025-06-23,R11,30.259,0.4832,8.172,26.961,46.885,9.916,1
2025-06-24,R11,27.827,0.4973,9.61,36.226,54.814,7.704,1
2025-06-25,R11,31.941,0.512,12.914,36.126,53.722,11.642,1
2025-06-26,R11,29.228,0.4718,10.624,28.793,60.275,7.335,1
2025-06-27,R11,28.747,0.4041,14.518,34.344,26.622,8.922,1
2025-06-28,R11,30.819,0.5104,28.281,35.853,82.751,7.98,1
2025-06-29,R11,31.286,0.478,15.488,33.683,61.403,8.511,1
2025-06-30,R11,28.564,0.4882,11.739,35.081,38.14,8.927,1
2025-07-01,R11,25.985,0.5492,3.18,32.414,18.851,8.681,1
2025-07-02,R11,27.651,0.4309,6.928,31.386,54.132,7.578,1
2025-07-03,R11,28.988,0.5768,9.528,33.056,63.937,9.053,1
2025-07-04,R11,29.839,0.4553,8.128,33.614,31.051,8.339,1
2025-07-05,R11,27.964,0.4928,8.224,30.618,44.592,9.042,1
2025-07-06,R11,26.746,0.5423,4.594,30.628,70.328,8.22,1
2025-07-07,R11,28.272,0.4412,16.036,36.23,58.84,7.359,1
2025-07-08,R11,25.777,0.4663,11.961,35.331,41.282,9.219,1
2025-07-09,R11,28.405,0.4276,6.101,34.283,56.694,9.384,1
2025-07-10,R11,27.606,0.5546,9.647,29.169,59.383,7.132,1
2025-07-11,R11,28.253,0.4814,3.105,29.663,72.232,8.465,1
2025-07-12,R11,27.6,0.4938,13.995,41.042,71.45,8.134,1
2025-07-13,R11,28.103,0.3745,13.341,31.324,55.925,8.21,1
2025-07-14,R11,30.671,0.3328,9.572,38.932,64.593,8.42,1
2025-07-15,R11,26.493,0.6057,2.409,30.968,55.981,8.335,1
2025-07-16,R11,23.425,0.5775,15.146,38.931,86.357,4.849,1
2025-07-17,R11,27.892,0.5436,29.235,35.897,56.759,8.533,1
2025-07-18,R11,29.432,0.5152,8.201,33.717,57.233,9.231,1
2025-07-19,R11,31.924,0.523,11.947,35.533,77.624,8.04,1
2025-07-20,R11,25.605,0.5734,13.942,38.124,45.693,9.085,1
2025-07-21,R11,26.092,0.5701,15.565,34.273,88.898,6.198,1
2025-07-22,R11,26.974,0.5145,8.952,32.839,83.085,6.28,1
2025-07-23,R11,27.074,0.5088,9.115,35.362,38.384,8.955,1
2025-07-24,R11,29.169,0.4384,3.498,28.26,29.185,8.846,1
2025-07-25,R11,26.519,0.4239,9.197,38.784,59.721,8.644,1
2025-07-26,R11,27.508,0.432,5.345,37.371,34.913,8.4,1
2025-07-27,R11,23.199,0.5902,4.42,37.375,56.067,6.389,1
2025-07-28,R11,24.737,0.4506,4.74,36.557,52.473,9.402,1
2025-07-29,R11,30.017,0.4866,26.416,35.166,42.35,10.319,1
2025-07-30,R11,27.904,0.5515,21.58,35.499,51.563,8.309,1
2025-07-31,R11,29.664,0.4615,6.68,35.821,69.925,8.166,1
2025-08-01,R11,25.243,0.4912,10.059,33.973,28.934,9.351,1
2025-08-02,R11,28.869,0.4408,3.56,25.924,53.361,8.857,1
2025-08-03,R11,26.76,0.5761,0.984,35.709,63.563,7.898,1
2025-08-04,R11,23.92,0.6079,33.023,47.076,71.689,7.202,1
2025-08-05,R11,27.566,0.591,1.372,33.857,40.556,10.384,1
2025-08-06,R11,28.118,0.5126,5.369,25.055,55.393,7.704,1
2025-08-07,R11,28.659,0.4666,16.456,33.795,52.733,9.1,1
2025-08-08,R11,25.13,0.4382,9.198,32.374,29.961,9.273,1
2025-08-09,R11,25.667,0.5335,5.922,32.967,61.284,7.644,1
2025-08-10,R11,23.628,0.464,4.373,37.045,35.447,8.216,1
2025-08-11,R11,24.717,0.486,10.324,36.989,59.925,7.115,1
2025-08-12,R11,26.5,0.3988,12.655,35.851,73.713,6.677,1
2025-08-13,R11,24.066,0.5113,2.714,33.659,54.962,6.633,1
2025-08-14,R11,28.638,0.4878,6.93,35.419,51.921,9.5,1
2025-08-15,R11,26.077,0.5469,15.209,40.04,39.407,7.596,1
2025-08-16,R11,25.877,0.5328,12.902,39.698,67.086,6.334,1
2025-08-17,R11,26.158,0.394,22.332,42.205,30.439,9.772,1
2025-08-18,R11,26.431,0.5765,2.988,33.414,49.784,7.979,1
2025-08-19,R11,25.005,0.4908,10.186,34.36,21.319,8.757,1
2025-08-20,R11,27.196,0.4538,9.144,31.366,70.574,7.026,1
2025-08-21,R11,22.098,0.5976,12.405,38.967,76.195,5.664,1
2025-08-22,R11,27.237,0.4695,22.111,42.202,51.371,7.93,1
2025-08-23,R11,24.097,0.5243,8.556,33.984,53.895,8.393,1
2025-08-24,R11,23.306,0.5017,7.719,35.241,88.309,6.11,1
2025-08-25,R11,27.491,0.5327,2.672,36.316,44.579,10.174,1
2025-08-26,R11,25.666,0.549,4.605,35.771,38.56,8.829,1
2025-08-27,R11,26.47,0.5136,9.565,35.896,61.712,8.633,1
2025-08-28,R11,25.981,0.3571,0.705,32.459,11.3,9.061,1
2025-08-29,R11,24.5,0.4709,5.374,33.407,52.123,8.095,1
2025-08-30,R11,28.197,0.4434,20.143,36.949,60.476,8.951,1
2025-08-31,R11,26.538,0.5803,23.842,41.1,37.523,9.076,1
2025-09-01,R11,24.842,0.5846,25.795,41.219,54.989,8.662,1
2025-09-02,R11,24.164,0.5618,3.641,25.977,29.615,8.452,1
2025-09-03,R11,23.253,0.5065,8.274,36.323,40.245,9.042,1
2025-09-04,R11,27.475,0.3967,0.517,32.294,80.612,6.577,1
2025-09-05,R11,21.131,0.5129,9.908,33.268,59.568,7.077,1
2025-09-06,R11,25.733,0.3907,0.777,37.682,15.547,7.085,1
2025-09-07,R11,28.34,0.4112,1.168,30.7,60.995,7.798,1
2025-09-08,R11,25.285,0.4629,9.206,35.344,75.93,8.404,1
2025-09-09,R11,27.259,0.5285,7.464,34.324,54.317,8.688,1
2025-09-10,R11,25.223,0.4438,8.929,36.245,73.666,7.29,1
2025-09-11,R11,27.698,0.4845,2.005,31.222,64.293,8.641,1
2025-09-12,R11,23.884,0.4675,14.909,38.747,69.529,7.177,1
2025-09-13,R11,26.728,0.6064,5.934,34.968,87.902,6.983,1
2025-09-14,R11,22.507,0.5384,19.414,42.973,53.486,6.813,0
2025-09-15,R11,26.758,0.5687,4.707,35.24,64.72,8.395,1
2025-09-16,R11,24.993,0.6158,11.397,38.574,46.579,8.329,1
2025-09-17,R11,27.067,0.6093,11.713,34.694,73.328,6.456,1
2025-09-18,R11,23.7,0.5522,3.513,34.831,39.806,8.154,1
2025-09-19,R11,22.439,0.5792,5.419,35.871,54.887,7.479,1
2025-09-20,R11,24.24,0.459,3.072,33.551,78.792,6.15,1
2025-09-21,R11,22.939,0.5202,25.34,44.766,100,5.538,0
2025-09-22,R11,26.603,0.4659,22.142,41.589,54.872,7.772,1
2025-09-23,R11,22.995,0.5847,17.447,36.12,51.011,7.629,1
2025-09-24,R11,24.551,0.5518,15.685,38.617,78.79,7.67,1
2025-09-25,R11,26.123,0.5574,4.107,33.463,41.536,8.176,1
2025-09-26,R11,24.665,0.4121,10.761,28.917,41.499,9.308,1
2025-09-27,R11,23.712,0.5206,12.024,36.961,34.236,8.796,1
2025-09-28,R11,22.641,0.5607,8.135,41.989,37.283,7.522,1
2025-09-29,R11,25.188,0.4928,23.631,45.133,62.132,7.122,0
2025-09-30,R11,20.531,0.638,9.717,39.736,55.447,7.713,1
2025-10-01,R11,28.662,0.4955,7.406,36.731,74.246,7.904,1
2025-10-02,R11,26.504,0.5802,13.635,39.322,66.452,9.199,1
2025-10-03,R11,24.257,0.6956,19.956,39.928,67.526,6.646,1
2025-10-04,R11,25.544,0.5289,6.21,34.007,63.798,8.045,1
2025-10-05,R11,24.331,0.5999,6.93,36.839,61.178,8.737,1
2025-10-06,R11,24.068,0.5386,8.244,37.37,26.28,6.439,1
2025-10-07,R11,27.717,0.5453,2.081,35.087,37.971,9.176,1
2025-10-08,R11,26.809,0.4873,2.048,31.068,59.912,8.901,1
2025-10-09,R11,23.357,0.5826,6.51,39.563,78.392,4.916,1
2025-10-10,R11,20.486,0.6021,13.962,39.096,74.744,6.797,1
2025-10-11,R11,24.898,0.5534,10.343,37.231,19.903,8.854,1
2025-10-12,R11,23.869,0.6003,2.123,39.154,43.671,7.571,1
2025-10-13,R11,23.592,0.5436,3.74,40.056,55.978,7.173,1
2025-10-14,R11,27.973,0.4898,14.658,37.479,55.881,8.118,1
2025-10-15,R11,25.719,0.5169,29.562,37.754,60.484,7.279,1
2025-10-16,R11,26.387,0.5307,29.09,41.87,86.93,5.939,1
2025-10-17,R11,26.42,0.4241,2.736,31.134,50.361,9.161,1
2025-10-18,R11,26.445,0.5311,4.005,35.94,77.675,5.955,1
2025-10-19,R11,24.164,0.5789,12.879,40.149,58.107,7.832,1
2025-10-20,R11,27.12,0.5029,11.146,37.0,81.323,8.064,1
2025-10-21,R11,25.707,0.4541,3.794,33.448,60.284,7.946,1
2025-10-22,R11,24.417,0.5335,6.605,32.742,37.99,7.787,1
2025-10-23,R11,27.591,0.4686,5.55,30.7,65.44,8.536,1
2025-10-24,R11,29.159,0.3982,4.079,28.599,40.124,10.518,1
2025-10-25,R11,26.677,0.4714,6.355,33.027,54.095,7.595,1
2025-10-26,R11,25.076,0.4848,7.44,33.007,41.317,8.822,1
2025-10-27,R11,25.413,0.4684,0.534,33.221,60.414,7.911,1
2025-10-28,R11,26.786,0.4666,7.238,38.135,38.539,9.959,1
2025-10-29,R11,23.807,0.6452,3.423,30.448,63.697,7.281,1
2025-10-30,R11,25.594,0.3846,8.42,36.686,55.029,8.116,1
2025-10-31,R11,23.047,0.572,9.139,37.961,74.258,4.527,1
2025-11-01,R11,24.882,0.5842,4.272,35.347,32.613,9.325,1
2025-11-02,R11,26.68,0.4536,8.713,38.396,70.018,8.558,1
2025-11-03,R11,24.384,0.5477,14.904,39.567,83.817,6.027,1
2025-11-04,R11,24.739,0.6448,8.544,38.024,55.64,8.221,1
2025-11-05,R11,25.237,0.512,0.882,31.495,22.955,9.011,1
2025-11-06,R11,27.577,0.5097,11.862,38.79,74.634,7.036,1
2025-11-07,R11,29.229,0.477,3.58,34.053,27.806,9.518,1
2025-11-08,R11,26.081,0.4593,7.807,43.95,34.864,9.554,1
2025-11-09,R11,24.452,0.6184,5.041,30.231,53.837,7.305,1
2025-11-10,R11,24.014,0.6498,6.047,35.564,51.286,6.779,1
2025-11-11,R11,23.917,0.6391,1.702,37.87,22.879,10.001,1
2025-11-12,R11,27.948,0.5682,1.242,34.192,8.835,9.444,1
2025-11-13,R11,24.078,0.5845,3.219,31.551,23.273,9.766,1
2025-11-14,R11,23.828,0.5769,14.36,37.528,37.069,8.231,1
2025-11-15,R11,26.373,0.508,10.679,31.971,50.745,6.821,1
2025-11-16,R11,24.106,0.5181,4.267,39.222,49.421,7.851,1
2025-11-17,R11,24.196,0.4856,2.999,35.246,60.25,7.642,1
2025-11-18,R11,25.665,0.5244,22.242,43.047,94.817,5.925,1
2025-11-19,R11,25.006,0.3359,3.009,31.697,32.751,8.44,1
2025-11-20,R11,27.148,0.4614,1.307,32.926,23.758,9.591,1
2025-11-21,R11,29.571,0.4995,4.263,30.504,42.584,9.549,1
2025-11-22,R11,27.664,0.4713,2.296,37.697,70.571,7.725,1
2025-11-23,R11,25.869,0.4224,20.537,41.696,63.118,8.875,1
2025-11-24,R11,24.752,0.6078,9.196,36.008,39.386,8.392,1
2025-11-25,R11,24.961,0.4544,8.395,35.344,60.181,6.996,1
2025-11-26,R11,26.347,0.5157,7.143,34.477,67.377,6.99,1
2025-11-27,R11,27.436,0.3521,6.943,33.195,50.059,10.035,1
2025-11-28,R11,25.711,0.3764,5.11,34.435,26.061,9.64,1
2025-11-29,R11,28.113,0.6415,5.194,34.301,54.658,9.29,1
2025-11-30,R11,26.474,0.5406,11.285,33.751,29.771,7.688,1
2025-12-01,R11,24.032,0.4658,3.331,31.413,37.707,7.766,1
2025-12-02,R11,24.949,0.4129,6.295,33.382,32.899,10.063,1
2025-12-03,R11,27.059,0.5343,9.294,36.324,54.901,8.359,1
2025-12-04,R11,23.093,0.5589,13.202,37.763,77.813,6.664,1
2025-12-05,R11,25.843,0.4466,4.284,37.528,67.325,6.765,1
2025-12-06,R11,27.741,0.4003,7.28,29.814,46.521,8.812,1
2025-12-07,R11,23.646,0.5544,15.471,34.881,52.857,5.97,1
2025-12-08,R11,30.77,0.4712,2.053,24.691,52.839,9.279,1
2025-12-09,R11,26.485,0.4331,24.532,46.15,51.165,9.422,1
2025-12-10,R11,29.74,0.4886,2.284,39.4,66.691,9.09,1
2025-12-11,R11,27.404,0.6486,20.641,42.772,70.844,7.393,0
2025-12-12,R11,29.548,0.3983,31.773,39.288,100,5.514,1
2025-12-13,R11,26.041,0.5476,7.58,35.424,44.082,8.782,1
2025-12-14,R11,28.148,0.5425,2.056,30.497,58.559,8.003,1
2025-12-15,R11,30.539,0.4049,11.694,33.481,71.364,6.844,1
2025-12-16,R11,28.814,0.393,15.484,41.332,61.273,7.882,1
2025-12-17,R11,29.262,0.4185,3.831,35.302,21.565,11.514,1
2025-12-18,R11,28.495,0.4927,31.475,46.269,56.732,8.215,1
2025-12-19,R11,27.293,0.3813,4.189,25.593,51.409,6.861,1
2025-12-20,R11,27.881,0.5001,12.711,31.508,59.762,8.834,1
2025-12-21,R11,30.078,0.4579,22.789,36.952,43.785,8.334,1
2025-12-22,R11,25.517,0.5822,5.427,38.514,48.986,7.524,1
2025-12-23,R11,27.15,0.4409,6.144,28.354,55.468,8.212,1
2025-12-24,R11,24.525,0.4823,4.414,34.538,47.871,8.384,1
2025-12-25,R11,28.002,0.4891,6.355,32.111,32.702,9.623,1
2025-12-26,R11,26.808,0.5465,4.784,34.676,29.698,9.002,1
2025-12-27,R11,31.545,0.4559,19.092,34.256,62.609,11.334,1
2025-12-28,R11,26.729,0.4728,11.503,35.425,59.021,6.644,1
2025-12-29,R11,29.083,0.5478,3.795,31.977,28.619,9.829,1
2025-12-30,R11,29.72,0.5296,6.32,26.676,53.96,9.006,1
2025-12-31,R11,28.461,0.5057,12.522,31.203,58.583,8.445,1
2025-01-01,R12,33.4,0.3321,21.485,50.355,44.822,10.45,1
2025-01-02,R12,34.318,0.2632,7.56,42.2,82.795,8.424,1
2025-01-03,R12,30.633,0.4145,2.315,42.145,62.145,9.444,1
2025-01-04,R12,37.497,0.2579,1.794,41.998,54.772,9.697,1
2025-01-05,R12,35.832,0.2984,6.905,43.863,28.044,11.719,1
2025-01-06,R12,34.478,0.3292,2.793,47.0,53.56,10.022,1
2025-01-07,R12,36.253,0.1569,9.512,42.28,85.55,8.221,1
2025-01-08,R12,33.472,0.2397,23.048,46.575,74.786,9.097,1
2025-01-09,R12,30.728,0.1808,14.369,50.704,58.259,9.15,1
2025-01-10,R12,33.881,0.3131,18.484,51.676,60.844,9.108,1
2025-01-11,R12,31.13,0.2652,14.527,50.264,67.791,9.003,1
2025-01-12,R12,33.833,0.2021,11.818,41.343,64.819,9.975,1
2025-01-13,R12,34.781,0.3498,6.384,41.612,42.738,10.096,1
2025-01-14,R12,36.712,0.3029,13.791,40.113,82.406,7.695,1
2025-01-15,R12,34.619,0.2719,28.91,53.914,96.679,8.329,1
2025-01-16,R12,35.469,0.219,11.783,45.011,52.744,10.009,1
2025-01-17,R12,33.667,0.2196,2.976,43.498,57.435,9.78,1
2025-01-18,R12,37.171,0.2363,1.394,38.977,47.713,10.216,1
2025-01-19,R12,34.337,0.2478,0.805,38.886,48.526,12.79,1
2025-01-20,R12,34.287,0.2639,10.362,39.697,57.805,9.528,1
2025-01-21,R12,36.402,0.3123,5.594,39.289,47.165,10.372,1
2025-01-22,R12,36.712,0.2504,3.699,45.39,29.498,11.832,1
2025-01-23,R12,36.123,0.2917,4.912,36.769,35.646,11.464,1
2025-01-24,R12,32.756,0.3094,9.03,44.896,53.086,9.168,1
2025-01-25,R12,36.855,0.12,15.99,48.848,36.882,11.929,1
2025-01-26,R12,36.508,0.204,5.581,35.016,66.223,9.33,1
2025-01-27,R12,37.476,0.2027,15.07,45.057,61.913,9.833,1
2025-01-28,R12,35.155,0.2797,2.073,44.099,6.655,12.243,1
2025-01-29,R12,31.635,0.3073,37.246,58.115,65.142,8.77,1
2025-01-30,R12,35.556,0.3271,6.505,43.943,47.98,10.653,1
2025-01-31,R12,33.571,0.3475,13.959,46.106,53.706,10.544,1
2025-02-01,R12,37.337,0.2066,4.041,34.693,31.859,11.942,1
2025-02-02,R12,33.744,0.311,15.917,47.605,55.584,9.999,1
2025-02-03,R12,36.688,0.3164,8.201,37.77,45.564,10.057,1
2025-02-04,R12,35.361,0.1671,26.847,46.95,67.036,9.432,1
2025-02-05,R12,38.178,0.1841,15.162,41.348,63.622,11.532,1
2025-02-06,R12,33.821,0.2556,1.784,46.871,15.787,11.162,1
2025-02-07,R12,37.486,0.1843,6.426,39.937,33.951,13.129,1
2025-02-08,R12,35.377,0.2621,9.824,42.759,61.194,9.66,1
2025-02-09,R12,34.987,0.2118,7.615,44.465,75.46,9.584,1
2025-02-10,R12,34.19,0.2745,1.184,36.666,69.479,8.974,1
2025-02-11,R12,38.215,0.2277,0.116,36.144,25.107,10.509,1
2025-02-12,R12,36.367,0.222,9.55,41.227,55.495,11.835,1
2025-02-13,R12,36.122,0.1324,19.939,45.427,61.887,9.628,1
2025-02-14,R12,36.997,0.193,3.477,39.505,55.544,10.627,1
2025-02-15,R12,35.556,0.2744,5.728,43.35,63.995,8.115,1
2025-02-16,R12,39.661,0.171,17.025,41.428,57.732,10.096,1
2025-02-17,R12,35.369,0.2692,2.864,38.313,56.376,8.983,1
2025-02-18,R12,36.41,0.275,15.933,45.561,70.193,10.181,1
2025-02-19,R12,37.612,0.22,7.541,41.864,46.547,10.483,1
2025-02-20,R12,36.674,0.2894,20.913,46.845,53.506,10.015,1
2025-02-21,R12,36.894,0.2992,13.137,42.052,60.892,8.846,1
2025-02-22,R12,34.797,0.2603,7.299,42.66,54.829,10.813,1
2025-02-23,R12,37.014,0.1958,5.03,39.877,73.077,9.464,1
2025-02-24,R12,36.635,0.3388,17.351,49.293,29.637,9.994,1
2025-02-25,R12,39.734,0.2385,1.83,40.079,42.556,13.146,1
2025-02-26,R12,37.69,0.2719,9.762,45.191,54.84,10.48,1
2025-02-27,R12,36.045,0.2708,6.958,42.936,50.045,10.875,1
2025-02-28,R12,40.11,0.2299,17.356,45.552,85.464,8.879,1
2025-03-01,R12,39.549,0.2334,16.437,46.746,66.497,10.166,1
2025-03-02,R12,36.448,0.2862,12.147,46.164,62.66,10.908,1
2025-03-03,R12,37.901,0.1574,18.735,49.417,66.878,11.174,1
2025-03-04,R12,36.701,0.2944,5.495,39.043,39.308,11.399,1
2025-03-05,R12,36.784,0.1516,9.158,45.34,46.501,10.469,1
2025-03-06,R12,37.645,0.2332,3.86,39.392,47.507,10.564,1
2025-03-07,R12,41.917,0.2011,7.994,40.943,71.929,10.879,1
2025-03-08,R12,38.543,0.1778,6.391,45.308,38.099,12.565,1
2025-03-09,R12,34.899,0.3133,14.881,41.804,59.831,7.711,1
2025-03-10,R12,36.962,0.2073,18.656,46.973,53.696,10.325,1
2025-03-11,R12,36.665,0.2704,8.749,37.644,64.513,9.758,1
2025-03-12,R12,39.729,0.2385,1.456,32.419,13.648,11.907,1
2025-03-13,R12,39.513,0.2152,4.639,48.043,29.918,11.965,1
2025-03-14,R12,38.91,0.2141,29.074,49.369,53.133,10.715,1
2025-03-15,R12,39.706,0.2185,10.456,40.352,60.412,10.649,1
2025-03-16,R12,40.613,0.1115,11.875,43.618,69.094,11.122,1
2025-03-17,R12,39.549,0.119,2.566,33.031,23.123,11.899,1
2025-03-18,R12,36.43,0.237,3.594,47.632,59.067,10.821,1
2025-03-19,R12,35.595,0.3488,2.016,37.278,55.373,11.195,1
2025-03-20,R12,41.818,0.1601,10.536,41.779,62.214,11.583,1
2025-03-21,R12,38.02,0.2861,3.104,39.406,71.337,10.175,1
2025-03-22,R12,40.972,0.2472,18.145,38.259,45.765,11.197,1
2025-03-23,R12,36.247,0.2375,11.676,43.364,33.778,10.59,1
2025-03-24,R12,38.598,0.3285,2.469,37.631,38.852,10.485,1
2025-03-25,R12,38.687,0.2649,22.842,46.528,67.714,10.399,1
2025-03-26,R12,37.069,0.2653,16.11,41.822,75.488,9.63,1
2025-03-27,R12,39.71,0.1723,0.824,41.144,5.895,13.635,1
2025-03-28,R12,39.655,0.1752,0.589,37.3,52.084,11.215,1
2025-03-29,R12,38.701,0.2633,8.778,39.466,56.534,10.178,1
2025-03-30,R12,40.561,0.2039,8.958,37.423,56.89,12.058,1
2025-03-31,R12,43.278,0.1599,9.082,37.901,69.279,11.38,1
2025-04-01,R12,36.576,0.2591,12.136,46.263,67.686,10.637,1
2025-04-02,R12,39.502,0.1956,11.545,40.431,40.314,12.24,1
2025-04-03,R12,39.202,0.2967,2.906,38.275,50.83,11.355,1
2025-04-04,R12,37.354,0.2237,3.179,38.109,49.416,10.357,1
2025-04-05,R12,38.868,0.1544,9.039,38.014,65.2,11.615,1
2025-04-06,R12,40.814,0.2656,15.625,40.922,58.822,10.937,1
2025-04-07,R12,39.547,0.2184,12.583,42.973,53.315,11.075,1
2025-04-08,R12,37.232,0.1948,7.528,41.729,30.837,12.6,1
2025-04-09,R12,38.197,0.1273,5.662,39.114,43.883,10.448,1
2025-04-10,R12,40.596,0.2413,4.136,39.864,50.944,10.04,1
2025-04-11,R12,36.612,0.2344,14.969,45.317,52.01,10.653,1
2025-04-12,R12,36.91,0.2667,8.769,41.534,80.982,9.953,1
2025-04-13,R12,38.092,0.1037,6.97,41.277,55.948,9.949,1
2025-04-14,R12,37.32,0.2149,11.146,44.857,49.387,11.89,1
2025-04-15,R12,39.722,0.2936,3.46,38.138,37.037,10.701,1
2025-04-16,R12,36.553,0.1732,1.436,46.242,47.802,9.049,1
2025-04-17,R12,40.436,0.113,0.091,37.09,26.27,11.809,1
2025-04-18,R12,38.937,0.152,7.307,37.578,72.503,9.587,1
2025-04-19,R12,38.129,0.3214,13.262,41.574,56.725,10.45,1
2025-04-20,R12,38.961,0.299,2.943,33.144,38.69,10.919,1
2025-04-21,R12,39.78,0.189,3.088,46.501,54.582,10.681,1
2025-04-22,R12,40.569,0.2096,1.254,40.796,28.628,12.954,1
2025-04-23,R12,36.728,0.3281,2.304,43.395,20.564,12.005,1
2025-04-24,R12,36.31,0.2465,9.469,38.613,43.32,10.697,1
2025-04-25,R12,34.789,0.2147,16.686,46.643,45.772,10.963,1
2025-04-26,R12,38.113,0.1308,22.921,42.826,53.874,12.104,1
2025-04-27,R12,38.652,0.1841,3.638,44.45,49.313,10.283,1
2025-04-28,R12,36.935,0.2309,10.274,46.378,59.4,11.593,1
2025-04-29,R12,40.723,0.1696,1.124,39.412,29.119,11.689,1
2025-04-30,R12,38.597,0.1907,8.035,46.051,81.799,10.553,1
2025-05-01,R12,36.747,0.1871,2.99,39.869,66.958,8.275,1
2025-05-02,R12,39.554,0.2114,17.904,48.453,56.309,12.158,1
2025-05-03,R12,40.664,0.1906,5.864,37.897,62.766,11.507,1
2025-05-04,R12,39.991,0.1618,12.591,38.525,62.056,9.252,1
2025-05-05,R12,37.603,0.0964,3.641,47.171,28.587,10.35,1
2025-05-06,R12,40.795,0.2334,18.747,39.282,80.004,8.541,1
2025-05-07,R12,38.535,0.21,7.551,41.954,42.745,12.313,1
2025-05-08,R12,36.122,0.172,2.499,37.907,50.796,10.538,1
2025-05-09,R12,38.007,0.171,7.579,39.028,87.306,8.266,1
2025-05-10,R12,35.716,0.3086,12.171,40.866,57.848,11.18,1
2025-05-11,R12,36.66,0.327,1.623,40.737,40.407,13.265,1
2025-05-12,R12,36.575,0.2705,4.106,46.179,38.113,10.104,1
2025-05-13,R12,37.925,0.255,36.171,49.378,67.706,10.037,1
2025-05-14,R12,37.294,0.2991,9.16,42.908,58.919,10.499,1
2025-05-15,R12,37.693,0.2201,16.578,47.627,82.33,8.712,1
2025-05-16,R12,35.493,0.1968,4.582,39.276,73.023,8.429,1
2025-05-17,R12,36.33,0.3307,13.258,49.277,60.823,9.137,1
2025-05-18,R12,38.413,0.191,4.317,42.135,35.872,11.538,1
2025-05-19,R12,34.956,0.2311,10.917,46.294,70.876,9.699,1
2025-05-20,R12,34.778,0.3784,8.358,42.582,47.166,9.769,1
2025-05-21,R12,36.702,0.2306,3.108,38.202,10.6,12.555,1
2025-05-22,R12,36.53,0.3092,1.546,38.653,33.979,12.133,1
2025-05-23,R12,38.37,0.1797,7.096,40.883,39.24,10.717,1
2025-05-24,R12,38.595,0.2761,13.082,37.688,51.124,11.041,1
2025-05-25,R12,35.827,0.2812,8.067,41.205,65.389,10.193,1
2025-05-26,R12,37.436,0.2201,2.568,40.027,30.332,10.41,1
2025-05-27,R12,40.514,0.152,7.219,40.773,41.844,12.64,1
2025-05-28,R12,36.695,0.2978,3.593,42.59,40.411,11.406,1
2025-05-29,R12,39.962,0.2473,0.793,38.59,34.686,11.28,1
2025-05-30,R12,34.794,0.3051,10.482,36.488,76.027,7.931,1
2025-05-31,R12,37.816,0.3125,10.557,41.808,45.542,12.411,1
2025-06-01,R12,33.812,0.2579,0.088,41.672,7.731,11.688,1
2025-06-02,R12,34.915,0.2299,7.547,44.552,25.264,10.248,1
2025-06-03,R12,38.52,0.1733,9.627,39.743,42.581,9.951,1
2025-06-04,R12,33.289,0.2876,9.791,38.937,55.692,9.659,1
2025-06-05,R12,34.929,0.2427,1.393,40.896,37.599,12.683,1
2025-06-06,R12,37.545,0.3554,0.753,33.684,47.805,10.951,1
2025-06-07,R12,37.887,0.3026,6.907,38.317,55.652,10.195,1
2025-06-08,R12,34.854,0.2488,10.289,44.865,65.285,9.927,1
2025-06-09,R12,36.095,0.1825,4.196,39.351,28.798,11.851,1
2025-06-10,R12,38.831,0.2713,3.899,41.271,38.772,10.732,1
2025-06-11,R12,33.065,0.2729,1.625,40.326,10.586,11.789,1
2025-06-12,R12,34.243,0.1672,10.11,41.448,44.397,11.728,1
2025-06-13,R12,36.64,0.2547,5.256,40.783,41.701,11.666,1
2025-06-14,R12,36.454,0.21,2.944,40.144,19.658,11.92,1
2025-06-15,R12,33.789,0.2079,4.028,40.634,39.07,10.571,1
2025-06-16,R12,35.542,0.2717,6.262,44.603,49.103,9.409,1
2025-06-17,R12,34.982,0.2839,5.428,44.31,45.954,10.107,1
2025-06-18,R12,36.108,0.2393,5.676,44.398,37.805,11.608,1
2025-06-19,R12,36.364,0.2071,2.446,41.016,36.917,11.336,1
2025-06-20,R12,36.118,0.3376,12.7,43.89,49.306,11.386,1
2025-06-21,R12,33.37,0.3357,5.263,36.901,70.366,8.529,1
2025-06-22,R12,33.577,0.2232,8.996,46.005,63.587,9.467,1
2025-06-23,R12,33.791,0.1523,3.244,39.888,33.014,11.355,1
2025-06-24,R12,35.115,0.2108,5.512,39.613,37.134,10.384,1
2025-06-25,R12,35.263,0.3102,15.424,43.119,67.108,7.602,1
2025-06-26,R12,35.161,0.2734,4.266,38.1,69.996,10.237,1
2025-06-27,R12,31.153,0.2479,10.891,52.408,17.048,10.846,1
2025-06-28,R12,34.201,0.2782,13.509,47.388,42.726,10.18,1
2025-06-29,R12,36.662,0.3008,12.346,44.9,58.258,10.549,1
2025-06-30,R12,35.055,0.3212,2.952,38.812,45.875,12.519,1
2025-07-01,R12,34.513,0.3386,6.799,42.068,64.018,9.544,1
2025-07-02,R12,35.092,0.1865,7.589,40.314,38.251,11.143,1
2025-07-03,R12,32.239,0.2777,13.523,47.7,68.54,8.089,1
2025-07-04,R12,35.228,0.1736,16.925,49.198,66.178,9.904,1
2025-07-05,R12,35.925,0.2195,1.435,41.138,64.75,9.108,1
2025-07-06,R12,34.915,0.1239,1.374,40.674,29.349,10.019,1
2025-07-07,R12,32.343,0.2595,18.892,48.983,63.229,8.414,1
2025-07-08,R12,34.215,0.2722,19.289,47.595,75.961,9.58,1
2025-07-09,R12,34.021,0.236,3.344,38.444,71.673,9.53,1
2025-07-10,R12,31.644,0.2076,8.843,44.19,41.391,9.576,1
2025-07-11,R12,30.194,0.2711,3.851,41.389,59.306,8.852,1
2025-07-12,R12,34.238,0.2131,4.684,41.446,24.036,9.588,1
2025-07-13,R12,35.071,0.3426,12.86,42.852,75.403,9.08,1
2025-07-14,R12,35.903,0.1887,2.778,35.117,38.255,11.816,1
2025-07-15,R12,30.391,0.2781,3.089,49.429,53.815,9.977,1
2025-07-16,R12,32.401,0.3031,8.21,45.128,47.492,9.772,1
2025-07-17,R12,35.745,0.309,13.302,42.396,49.976,10.276,1
2025-07-18,R12,33.159,0.3627,1.059,38.206,64.096,7.098,1
2025-07-19,R12,30.883,0.3133,10.847,43.442,58.36,8.027,1
2025-07-20,R12,32.588,0.3329,23.263,44.841,77.007,7.357,1
2025-07-21,R12,30.165,0.2675,20.972,48.843,93.713,5.753,1
2025-07-22,R12,34.012,0.1901,19.58,44.111,71.277,10.211,1
2025-07-23,R12,31.074,0.5005,9.517,47.765,68.503,9.99,1
2025-07-24,R12,31.314,0.2903,14.752,51.253,59.82,7.764,1
2025-07-25,R12,30.081,0.2818,11.964,44.264,43.511,8.795,1
2025-07-26,R12,32.492,0.3069,10.502,43.877,59.401,9.697,1
2025-07-27,R12,30.146,0.3318,16.557,53.284,20.895,10.975,1
2025-07-28,R12,32.139,0.3247,2.098,44.266,82.066,9.375,1
2025-07-29,R12,29.705,0.3656,3.759,49.025,19.58,10.612,1
2025-07-30,R12,31.617,0.2693,11.383,46.924,54.41,9.633,1
2025-07-31,R12,29.562,0.2544,16.823,47.625,72.623,8.858,1
2025-08-01,R12,30.769,0.3483,6.807,48.189,25.646,10.704,1
2025-08-02,R12,31.321,0.2604,2.219,43.83,68.032,8.98,1
2025-08-03,R12,31.895,0.3485,17.38,46.32,76.26,9.208,1
2025-08-04,R12,30.455,0.2714,6.255,42.369,36.634,8.877,1
2025-08-05,R12,33.28,0.3176,4.994,44.135,56.22,10.071,1
2025-08-06,R12,31.351,0.2198,3.566,41.983,31.201,11.382,1
2025-08-07,R12,33.035,0.2829,5.904,39.018,16.197,11.255,1
2025-08-08,R12,33.116,0.3303,2.35,41.785,39.581,9.0,1
2025-08-09,R12,37.323,0.2084,13.625,41.472,81.143,9.937,1
2025-08-10,R12,31.812,0.2703,2.594,39.755,64.816,7.239,1
2025-08-11,R12,31.251,0.3549,9.061,44.214,59.305,8.679,1
2025-08-12,R12,28.891,0.2568,1.844,39.135,12.217,10.916,1
2025-08-13,R12,31.865,0.3142,6.952,41.928,42.676,10.882,1
2025-08-14,R12,30.232,0.3099,17.248,46.196,56.229,10.289,1
2025-08-15,R12,30.889,0.1871,12.803,46.765,56.838,8.829,1
2025-08-16,R12,31.167,0.2434,29.793,52.042,82.493,8.45,1
2025-08-17,R12,32.83,0.247,4.284,40.379,44.761,10.696,1
2025-08-18,R12,32.016,0.3779,3.327,37.067,29.865,10.852,1
2025-08-19,R12,29.223,0.3306,23.983,47.699,73.239,6.86,1
2025-08-20,R12,31.115,0.2867,2.085,42.644,55.671,9.128,1
2025-08-21,R12,28.746,0.3288,6.392,44.373,29.61,9.955,1
2025-08-22,R12,28.044,0.3521,19.099,49.484,68.92,8.099,1
2025-08-23,R12,32.288,0.2553,6.995,43.05,40.057,9.05,1
2025-08-24,R12,30.018,0.2832,4.145,41.037,35.625,9.841,1
2025-08-25,R12,30.574,0.2794,9.515,47.349,37.775,10.725,1
2025-08-26,R12,31.096,0.2587,32.689,53.284,75.899,7.584,1
2025-08-27,R12,28.262,0.3689,2.747,51.35,17.718,10.278,1
2025-08-28,R12,27.441,0.3091,10.377,45.661,73.929,7.581,1
2025-08-29,R12,28.484,0.3238,19.598,48.58,65.623,7.59,1
2025-08-30,R12,30.514,0.2748,13.461,50.467,52.834,7.676,1
2025-08-31,R12,30.88,0.3068,7.733,41.6,56.184,8.834,1
2025-09-01,R12,32.093,0.1862,5.27,41.944,51.072,10.301,1
2025-09-02,R12,32.491,0.3568,5.469,46.71,74.716,8.645,1
2025-09-03,R12,32.872,0.2485,9.399,48.852,53.943,9.066,1
2025-09-04,R12,28.674,0.3489,4.325,43.982,33.543,10.472,1
2025-09-05,R12,31.924,0.2628,4.163,47.738,35.197,8.342,1
2025-09-06,R12,32.432,0.2929,8.731,44.624,40.817,11.009,1
2025-09-07,R12,33.509,0.2436,3.29,44.191,45.521,10.444,1
2025-09-08,R12,31.628,0.2587,17.926,51.481,62.355,8.323,1
2025-09-09,R12,30.004,0.2415,24.256,51.353,68.963,8.117,1
2025-09-10,R12,29.498,0.3178,5.126,39.645,59.884,7.707,1
2025-09-11,R12,26.539,0.4775,33.566,52.298,72.613,5.984,0
2025-09-12,R12,26.635,0.3303,15.633,53.777,47.747,8.287,1
2025-09-13,R12,30.184,0.2763,1.019,44.147,5,10.725,1
2025-09-14,R12,30.605,0.4113,6.708,49.955,49.781,8.448,1
2025-09-15,R12,31.02,0.3637,6.712,43.995,51.962,8.177,1
2025-09-16,R12,29.505,0.3152,7.699,43.921,64.324,8.765,1
2025-09-17,R12,31.135,0.2522,10.193,41.185,47.422,8.263,1
2025-09-18,R12,26.995,0.3047,2.108,44.933,31.958,9.79,1
2025-09-19,R12,25.848,0.3184,4.791,47.8,25.651,10.261,1
2025-09-20,R12,25.182,0.341,18.529,49.424,58.772,7.594,1
2025-09-21,R12,26.439,0.3799,0.827,43.485,51.456,8.433,1
2025-09-22,R12,30.904,0.2526,10.852,42.533,59.424,9.286,1
2025-09-23,R12,31.723,0.3009,6.835,43.872,66.963,9.802,1
2025-09-24,R12,29.437,0.2793,16.445,50.835,83.401,7.216,1
2025-09-25,R12,31.356,0.1631,6.193,44.191,53.395,9.343,1
2025-09-26,R12,26.562,0.2897,3.694,44.59,35.613,8.779,1
2025-09-27,R12,31.611,0.2949,6.44,44.399,36.423,11.562,1
2025-09-28,R12,27.865,0.2173,1.776,44.012,64.352,8.477,1
2025-09-29,R12,28.769,0.3343,9.299,47.577,33.352,8.581,1
2025-09-30,R12,27.9,0.3023,4.814,46.913,58.108,7.723,1
2025-10-01,R12,30.557,0.2243,6.762,42.62,57.526,8.346,1
2025-10-02,R12,30.422,0.2163,11.02,44.872,57.387,9.144,1
2025-10-03,R12,28.361,0.3044,2.344,48.461,64.675,8.127,1
2025-10-04,R12,30.232,0.2305,19.687,44.873,52.135,8.592,1
2025-10-05,R12,26.048,0.3157,10.271,47.026,51.244,6.986,1
2025-10-06,R12,29.722,0.4176,11.939,45.057,65.427,8.777,1
2025-10-07,R12,27.811,0.3288,17.234,45.247,60.202,7.231,1
2025-10-08,R12,29.582,0.2877,10.698,49.227,69.372,7.68,1
2025-10-09,R12,30.632,0.2549,7.154,49.445,49.557,8.916,1
2025-10-10,R12,31.849,0.2454,9.846,40.371,78.354,8.27,1
2025-10-11,R12,28.517,0.3236,4.162,41.838,52.018,8.15,1
2025-10-12,R12,30.838,0.3066,6.859,44.487,50.252,8.723,1
2025-10-13,R12,31.311,0.2228,16.129,48.415,74.406,8.98,1
2025-10-14,R12,28.966,0.2927,10.732,43.064,47.586,9.321,1
2025-10-15,R12,32.444,0.2919,6.591,43.387,38.634,10.316,1
2025-10-16,R12,30.925,0.1912,3.992,45.255,83.21,7.356,1
2025-10-17,R12,28.648,0.2974,11.519,46.306,54.843,8.776,1
2025-10-18,R12,28.017,0.3138,21.837,48.321,85.52,8.034,1
2025-10-19,R12,30.526,0.3645,5.53,45.845,30.871,10.543,1
2025-10-20,R12,34.433,0.1313,12.959,49.565,64.139,8.289,1
2025-10-21,R12,29.824,0.3238,2.996,46.948,53.697,10.123,1
2025-10-22,R12,28.754,0.3834,14.599,48.047,59.477,9.028,1
2025-10-23,R12,28.978,0.2546,6.363,41.199,42.903,9.106,1
2025-10-24,R12,29.976,0.401,3.988,42.596,82.391,8.272,1
2025-10-25,R12,31.658,0.3085,9.813,44.822,89.075,8.312,1
2025-10-26,R12,31.023,0.133,11.109,43.898,44.782,8.429,1
2025-10-27,R12,29.439,0.296,21.407,49.941,58.604,8.522,1
2025-10-28,R12,30.442,0.251,10.824,46.365,57.788,9.99,1
2025-10-29,R12,31.559,0.3335,7.561,46.604,45.133,9.262,1
2025-10-30,R12,28.102,0.3236,12.513,47.111,50.376,9.984,1
2025-10-31,R12,28.829,0.2931,7.36,48.098,64.645,8.458,1
2025-11-01,R12,32.155,0.376,23.6,48.005,64.532,7.626,1
2025-11-02,R12,29.433,0.3297,9.891,49.573,45.704,9.808,1
2025-11-03,R12,31.938,0.3513,8.502,49.289,44.713,9.471,1
2025-11-04,R12,29.837,0.3619,1.965,39.4,20.919,9.48,1
2025-11-05,R12,30.267,0.3111,10.42,47.3,48.162,9.604,1
2025-11-06,R12,28.696,0.3311,19.678,47.602,83.235,8.642,1
2025-11-07,R12,29.899,0.233,15.238,46.228,80.729,8.102,1
2025-11-08,R12,30.087,0.3424,5.197,43.342,78.579,7.153,1
2025-11-09,R12,26.858,0.221,5.907,44.084,48.57,7.398,1
2025-11-10,R12,30.899,0.3321,7.765,45.8,44.207,10.783,1
2025-11-11,R12,30.439,0.4198,7.243,43.375,39.471,9.715,1
2025-11-12,R12,29.693,0.2666,0.506,44.21,67.18,7.586,1
2025-11-13,R12,29.654,0.2181,15.186,51.492,57.005,7.01,1
2025-11-14,R12,31.871,0.2307,3.268,44.735,22.409,9.635,1
2025-11-15,R12,28.814,0.271,7.97,44.08,49.86,8.792,1
2025-11-16,R12,30.667,0.388,15.058,47.258,46.847,7.615,1
2025-11-17,R12,30.098,0.257,17.341,50.436,50.0,10.472,1
2025-11-18,R12,28.916,0.2905,25.396,56.826,61.771,8.596,1
2025-11-19,R12,31.233,0.2904,0.732,42.631,70.094,8.782,1
2025-11-20,R12,29.722,0.318,31.668,56.768,81.883,8.977,1
2025-11-21,R12,33.953,0.4075,8.734,40.76,90.001,6.994,1
2025-11-22,R12,29.334,0.3438,11.259,47.31,57.764,8.026,1
2025-11-23,R12,34.032,0.2073,43.856,56.577,55.215,9.161,1
2025-11-24,R12,32.091,0.2463,1.431,35.354,38.178,11.435,1
2025-11-25,R12,33.496,0.2907,11.951,43.742,82.88,8.857,1
2025-11-26,R12,28.549,0.3383,1.83,44.687,41.351,9.288,1
2025-11-27,R12,27.675,0.3713,0.639,45.311,76.654,6.467,1
2025-11-28,R12,31.013,0.3493,5.003,42.392,73.137,8.625,1
2025-11-29,R12,29.825,0.2861,42.062,64.735,88.346,7.798,0
2025-11-30,R12,31.959,0.2438,7.633,51.848,29.89,8.605,1
2025-12-01,R12,30.031,0.3292,9.98,43.835,61.684,7.736,1
2025-12-02,R12,33.873,0.2974,2.522,44.496,73.411,8.907,1
2025-12-03,R12,29.229,0.29,10.873,51.015,64.608,8.23,1
2025-12-04,R12,33.149,0.1778,6.797,45.69,46.176,10.036,1
2025-12-05,R12,31.492,0.3054,24.891,56.976,52.412,9.321,1
2025-12-06,R12,33.65,0.3614,26.29,55.419,80.895,8.852,1
2025-12-07,R12,31.387,0.302,4.569,41.867,53.609,9.169,1
2025-12-08,R12,32.296,0.2298,26.272,51.624,75.782,8.944,1
2025-12-09,R12,33.775,0.2162,1.844,44.952,22.666,11.634,1
2025-12-10,R12,29.57,0.2733,10.3,48.932,63.354,8.752,1
2025-12-11,R12,31.271,0.359,0.639,43.714,8.827,12.508,1
2025-12-12,R12,32.277,0.36,1.289,43.468,21.354,11.62,1
2025-12-13,R12,31.771,0.3769,5.657,47.298,57.363,10.052,1
2025-12-14,R12,34.411,0.2805,2.36,48.076,37.835,11.186,1
2025-12-15,R12,32.279,0.3525,2.306,46.099,72.246,8.445,1
2025-12-16,R12,34.526,0.2654,14.544,40.736,72.874,8.667,1
2025-12-17,R12,31.881,0.2588,3.721,44.984,20.79,10.518,1
2025-12-18,R12,34.318,0.2095,12.247,44.863,72.591,9.261,1
2025-12-19,R12,30.121,0.3174,22.003,49.711,68.528,7.721,1
2025-12-20,R12,34.239,0.2835,5.096,44.84,56.024,10.532,1
2025-12-21,R12,35.69,0.4142,2.141,41.436,54.778,9.597,1
2025-12-22,R12,33.414,0.2704,7.374,43.562,57.054,9.322,1
2025-12-23,R12,34.217,0.3002,6.907,38.563,74.819,8.622,1
2025-12-24,R12,31.427,0.3387,5.65,38.188,46.181,8.91,1
2025-12-25,R12,36.015,0.2776,0.762,39.036,22.562,11.613,1
2025-12-26,R12,31.618,0.2523,21.808,43.897,61.264,8.784,1
2025-12-27,R12,36.237,0.3427,8.575,47.201,19.979,10.909,1
2025-12-28,R12,31.718,0.2716,0.841,41.397,9.69,10.354,1
2025-12-29,R12,34.829,0.2389,3.124,39.743,59.683,9.69,1
2025-12-30,R12,33.593,0.2419,2.754,39.038,33.221,11.245,1
2025-12-31,R12,33.055,0.3166,27.442,51.508,64.185,10.216,1
2025-01-01,R13,25.934,0.5876,20.618,59.882,49.377,6.719,0
2025-01-02,R13,29.083,0.6003,6.675,49.276,57.412,7.798,1
2025-01-03,R13,33.715,0.5418,2.678,47.246,25.326,10.171,1
2025-01-04,R13,29.277,0.5284,2.115,41.791,53.501,7.826,1
2025-01-05,R13,31.434,0.5157,9.664,49.417,51.955,8.101,1
2025-01-06,R13,30.42,0.5993,15.168,49.76,58.8,7.958,1
2025-01-07,R13,31.445,0.5821,7.299,44.968,70.626,7.787,1
2025-01-08,R13,32.477,0.5665,1.94,45.145,37.055,8.911,1
2025-01-09,R13,31.623,0.6716,5.853,44.23,21.905,11.381,1
2025-01-10,R13,29.279,0.6528,3.522,50.191,54.943,9.863,1
2025-01-11,R13,32.15,0.5002,10.149,51.076,46.647,11.044,1
2025-01-12,R13,33.905,0.4053,1.851,44.892,49.315,9.411,1
2025-01-13,R13,34.113,0.5777,10.983,45.078,55.485,10.462,1
2025-01-14,R13,31.612,0.6909,35.757,59.033,72.732,7.875,0
2025-01-15,R13,35.41,0.6159,4.849,43.854,48.008,11.352,1
2025-01-16,R13,33.667,0.6029,9.776,49.806,43.945,10.45,1
2025-01-17,R13,33.242,0.5981,7.607,48.74,53.459,8.414,1
2025-01-18,R13,34.025,0.517,9.703,48.079,44.317,9.666,1
2025-01-19,R13,33.179,0.6109,2.208,47.738,42.487,10.399,1
2025-01-20,R13,31.753,0.5856,5.212,49.183,59.059,8.666,1
2025-01-21,R13,33.985,0.4802,9.177,45.641,42.726,10.262,1
2025-01-22,R13,35.742,0.5115,10.205,46.331,36.336,11.16,1
2025-01-23,R13,30.792,0.486,25.628,55.032,76.089,6.61,0
2025-01-24,R13,32.392,0.69,21.701,53.237,64.254,10.3,1
2025-01-25,R13,35.954,0.4816,7.836,47.387,71.979,10.68,1
2025-01-26,R13,32.622,0.4909,8.184,49.669,54.179,9.905,1
2025-01-27,R13,30.614,0.6246,17.033,51.315,65.923,8.418,1
2025-01-28,R13,31.177,0.7074,7.522,53.495,51.208,9.973,1
2025-01-29,R13,32.7,0.5395,11.239,50.056,74.835,9.263,1
2025-01-30,R13,33.286,0.5431,1.728,44.008,56.599,10.348,1
2025-01-31,R13,38.211,0.5044,2.983,40.713,35.994,12.384,1
2025-02-01,R13,33.351,0.6317,8.65,47.678,60.559,8.639,1
2025-02-02,R13,33.286,0.6153,17.951,49.149,81.653,8.06,1
2025-02-03,R13,33.255,0.5995,21.62,49.826,30.254,11.642,1
2025-02-04,R13,32.556,0.6888,12.049,46.137,46.694,10.036,1
2025-02-05,R13,32.681,0.6384,15.551,51.321,40.285,12.452,1
2025-02-06,R13,32.612,0.5536,1.651,44.493,32.665,10.545,1
2025-02-07,R13,31.358,0.5689,1.157,46.162,13.158,11.416,1
2025-02-08,R13,31.388,0.5812,23.573,53.547,41.767,9.435,1
2025-02-09,R13,32.078,0.5617,4.106,49.674,38.788,9.214,1
2025-02-10,R13,32.69,0.6938,3.761,45.757,19.189,11.038,1
2025-02-11,R13,36.371,0.6314,5.302,44.241,25.631,12.217,1
2025-02-12,R13,32.413,0.6475,5.954,47.09,54.332,8.644,1
2025-02-13,R13,35.85,0.5821,8.847,43.461,48.881,9.399,1
2025-02-14,R13,33.196,0.5201,1.698,48.782,64.606,10.108,1
2025-02-15,R13,36.947,0.6109,3.072,44.047,29.13,11.441,1
2025-02-16,R13,35.036,0.7052,9.906,53.507,38.163,10.376,1
2025-02-17,R13,37.012,0.6606,18.47,46.307,57.426,11.137,1
2025-02-18,R13,36.353,0.5004,25.608,49.7,50.552,10.043,1
2025-02-19,R13,35.772,0.5715,30.406,54.551,73.147,9.608,1
2025-02-20,R13,34.858,0.5336,6.61,44.612,43.433,11.307,1
2025-02-21,R13,38.303,0.6148,9.919,43.996,33.099,12.511,1
2025-02-22,R13,36.511,0.5813,7.872,38.97,61.62,10.683,1
2025-02-23,R13,36.081,0.4616,1.524,38.017,28.751,12.246,1
2025-02-24,R13,34.52,0.6115,1.237,53.206,73.269,10.471,1
2025-02-25,R13,35.613,0.6618,2.593,43.202,39.94,10.396,1
2025-02-26,R13,35.385,0.6016,9.286,48.306,55.506,10.15,1
2025-02-27,R13,35.362,0.5247,1.824,45.423,11.858,11.921,1
2025-02-28,R13,34.395,0.5547,6.206,43.639,54.883,10.17,1
2025-03-01,R13,33.757,0.5467,24.504,52.562,51.355,9.618,1
2025-03-02,R13,34.14,0.4914,5.768,42.972,60.23,9.658,1
2025-03-03,R13,37.564,0.5402,2.515,46.769,59.866,10.054,1
2025-03-04,R13,34.668,0.5867,9.366,48.72,58.029,8.321,1
2025-03-05,R13,30.943,0.6637,7.736,45.92,76.161,7.872,1
2025-03-06,R13,36.697,0.6502,3.722,46.02,59.222,9.333,1
2025-03-07,R13,34.425,0.5952,20.803,50.29,61.799,10.0,1
2025-03-08,R13,32.739,0.5473,7.539,42.886,47.183,10.587,1
2025-03-09,R13,30.521,0.6207,11.761,53.211,47.508,8.778,1
2025-03-10,R13,36.614,0.5599,5.806,45.673,41.381,10.816,1
2025-03-11,R13,35.058,0.5899,18.233,51.603,64.883,8.986,1
2025-03-12,R13,37.702,0.4785,4.007,43.499,54.719,12.901,1
2025-03-13,R13,36.179,0.5501,23.216,50.194,63.143,9.04,1
2025-03-14,R13,35.148,0.4563,5.42,44.848,74.297,9.295,1
2025-03-15,R13,37.098,0.5874,6.065,42.908,59.078,10.371,1
2025-03-16,R13,34.731,0.6189,9.981,46.67,51.86,9.955,1
2025-03-17,R13,33.872,0.6567,11.137,55.729,54.057,8.388,1
2025-03-18,R13,35.652,0.4628,5.042,46.823,40.214,9.976,1
2025-03-19,R13,34.646,0.435,17.383,48.413,69.184,10.723,1
2025-03-20,R13,34.774,0.5395,6.29,44.478,52.544,10.128,1
2025-03-21,R13,32.81,0.4825,14.341,45.594,59.388,8.164,1
2025-03-22,R13,35.099,0.6161,11.899,54.57,72.628,9.379,1
2025-03-23,R13,32.86,0.5527,5.886,50.509,58.814,8.803,1
2025-03-24,R13,36.642,0.5752,7.331,46.854,76.445,10.416,1
2025-03-25,R13,34.789,0.5151,2.303,45.751,23.131,10.841,1
2025-03-26,R13,34.225,0.5352,9.629,46.426,66.833,9.769,1
2025-03-27,R13,36.844,0.5219,7.101,47.75,57.77,10.162,1
2025-03-28,R13,33.764,0.5611,10.931,54.746,49.731,9.511,1
2025-03-29,R13,37.334,0.4652,24.623,49.643,60.122,11.072,1
2025-03-30,R13,36.082,0.4813,12.338,53.957,71.919,10.503,1
2025-03-31,R13,36.465,0.5474,4.201,46.859,27.064,11.772,1
2025-04-01,R13,34.42,0.6491,2.533,44.498,36.489,10.203,1
2025-04-02,R13,34.699,0.5228,2.057,50.135,59.255,10.433,1
2025-04-03,R13,32.973,0.6725,22.178,52.827,36.78,10.351,1
2025-04-04,R13,35.181,0.6488,15.36,49.163,88.575,7.894,1
2025-04-05,R13,32.721,0.5759,10.1,48.984,47.906,9.87,1
2025-04-06,R13,35.15,0.5014,5.601,47.713,33.68,11.662,1
2025-04-07,R13,34.756,0.6046,35.632,53.595,60.473,10.055,1
2025-04-08,R13,35.081,0.5634,6.72,42.6,53.192,11.733,1
2025-04-09,R13,32.784,0.4981,28.317,56.056,59.675,9.504,1
2025-04-10,R13,36.586,0.633,10.801,48.723,57.297,10.364,1
2025-04-11,R13,33.78,0.5914,4.214,50.564,41.564,10.026,1
2025-04-12,R13,35.227,0.5331,16.223,50.527,55.382,10.155,1
2025-04-13,R13,34.995,0.4977,4.641,44.622,55.304,10.797,1
2025-04-14,R13,36.647,0.4753,3.854,41.985,30.943,11.748,1
2025-04-15,R13,35.716,0.6296,7.982,46.196,30.361,11.808,1
2025-04-16,R13,35.054,0.5176,7.602,46.195,31.04,10.878,1
2025-04-17,R13,35.968,0.4651,25.764,51.059,50.435,9.751,1
2025-04-18,R13,33.145,0.5383,4.819,48.111,43.639,9.236,1
2025-04-19,R13,34.382,0.6616,0.382,40.74,18.236,10.35,1
2025-04-20,R13,38.98,0.5236,19.946,49.687,73.542,9.623,1
2025-04-21,R13,34.896,0.6899,9.522,49.19,39.609,10.74,1
2025-04-22,R13,33.035,0.6668,5.614,44.722,81.38,8.318,1
2025-04-23,R13,35.607,0.4807,7.039,44.735,32.017,11.299,1
2025-04-24,R13,35.654,0.4931,3.903,45.927,29.406,13.049,1
2025-04-25,R13,37.948,0.5493,4.516,43.952,78.939,11.157,1
2025-04-26,R13,35.859,0.5196,5.228,49.597,30.111,10.47,1
2025-04-27,R13,35.24,0.5862,20.372,51.922,31.315,11.953,1
2025-04-28,R13,37.311,0.476,5.014,45.838,50.921,9.982,1
2025-04-29,R13,34.591,0.6085,21.809,54.903,76.659,8.787,1
2025-04-30,R13,33.912,0.586,9.176,56.509,55.918,9.306,1
2025-05-01,R13,34.293,0.6523,5.259,42.19,79.766,9.423,1
2025-05-02,R13,34.083,0.5765,5.484,44.267,54.499,9.939,1
2025-05-03,R13,32.481,0.6888,7.919,53.421,52.99,10.437,1
2025-05-04,R13,35.301,0.6271,12.27,46.782,53.185,9.519,1
2025-05-05,R13,35.398,0.6001,15.457,47.834,66.279,10.009,1
2025-05-06,R13,34.601,0.639,1.219,48.737,47.313,9.439,1
2025-05-07,R13,33.742,0.5108,4.425,42.401,50.76,9.753,1
2025-05-08,R13,33.45,0.6195,10.772,45.306,71.619,9.502,1
2025-05-09,R13,36.182,0.5461,9.729,47.16,60.685,8.927,1
2025-05-10,R13,35.49,0.4336,2.727,46.598,22.658,12.595,1
2025-05-11,R13,35.781,0.6452,4.773,48.45,57.216,9.933,1
2025-05-12,R13,34.693,0.5507,10.285,44.046,56.122,10.527,1
2025-05-13,R13,31.156,0.6508,1.552,53.797,63.685,10.101,1
2025-05-14,R13,32.71,0.5885,10.271,50.726,43.804,9.822,1
2025-05-15,R13,35.143,0.5281,3.376,43.503,19.04,12.675,1
2025-05-16,R13,35.707,0.4666,2.847,35.73,50.157,11.224,1
2025-05-17,R13,32.871,0.5691,16.938,51.09,81.784,8.88,1
2025-05-18,R13,32.828,0.5307,3.447,42.495,31.623,10.147,1
2025-05-19,R13,32.468,0.5783,19.49,50.754,47.609,9.406,1
2025-05-20,R13,32.531,0.4619,0.378,46.959,35.444,10.839,1
2025-05-21,R13,34.425,0.516,2.571,47.931,44.872,10.15,1
2025-05-22,R13,32.891,0.5603,4.35,42.759,58.495,8.765,1
2025-05-23,R13,31.594,0.5225,1.958,47.394,30.538,9.032,1
2025-05-24,R13,36.268,0.6287,6.694,42.635,46.652,11.658,1
2025-05-25,R13,33.617,0.6233,6.8,49.137,34.408,11.651,1
2025-05-26,R13,32.993,0.6313,7.788,45.949,51.244,9.093,1
2025-05-27,R13,35.029,0.5175,12.374,48.711,52.912,8.714,1
2025-05-28,R13,33.15,0.4585,3.328,49.248,30.656,10.057,1
2025-05-29,R13,33.167,0.6162,7.807,49.908,66.87,8.59,1
2025-05-30,R13,36.196,0.6445,8.178,48.628,64.365,9.327,1
2025-05-31,R13,34.475,0.5236,0.243,48.135,78.351,8.296,1
2025-06-01,R13,36.939,0.587,2.007,44.006,45.548,10.931,1
2025-06-02,R13,33.234,0.5173,5.945,51.943,49.58,9.751,1
2025-06-03,R13,30.937,0.6973,3.496,45.413,46.369,9.342,1
2025-06-04,R13,32.43,0.5107,9.614,50.493,62.392,7.75,1
2025-06-05,R13,32.886,0.5631,8.299,52.825,78.493,8.478,1
2025-06-06,R13,32.329,0.6279,6.57,50.094,26.04,10.611,1
2025-06-07,R13,34.282,0.6231,7.57,47.854,45.699,10.129,1
2025-06-08,R13,31.906,0.5059,8.256,47.38,56.559,9.241,1
2025-06-09,R13,30.115,0.6898,7.2,44.768,66.376,8.616,1
2025-06-10,R13,32.756,0.6421,20.44,52.482,70.694,8.232,1
2025-06-11,R13,33.613,0.5544,10.457,54.045,51.313,10.173,1
2025-06-12,R13,32.12,0.6621,2.451,45.515,28.95,9.704,1
2025-06-13,R13,33.635,0.5226,3.038,49.417,23.485,10.726,1
2025-06-14,R13,35.869,0.5868,9.352,46.147,63.359,9.669,1
2025-06-15,R13,34.683,0.4969,7.675,49.83,62.982,10.384,1
2025-06-16,R13,30.152,0.6551,16.904,47.983,67.449,8.573,1
2025-06-17,R13,32.219,0.6264,2.477,47.673,49.226,8.863,1
2025-06-18,R13,31.752,0.6906,6.827,45.538,85.161,8.168,1
2025-06-19,R13,30.267,0.7176,8.537,47.429,70.814,7.733,1
2025-06-20,R13,30.18,0.5992,1.444,44.953,49.112,8.37,1
2025-06-21,R13,32.73,0.594,7.565,46.251,43.132,9.408,1
2025-06-22,R13,32.575,0.6171,3.388,41.45,35.265,10.041,1
2025-06-23,R13,31.697,0.5311,21.64,55.215,74.183,7.267,1
2025-06-24,R13,29.329,0.5743,9.664,51.684,46.726,10.062,1
2025-06-25,R13,31.585,0.5935,11.361,45.484,22.404,11.011,1
2025-06-26,R13,32.305,0.5396,7.481,44.482,51.023,9.399,1
2025-06-27,R13,32.856,0.5874,2.747,43.295,33.469,10.862,1
2025-06-28,R13,30.723,0.469,8.453,49.39,38.249,8.271,1
2025-06-29,R13,30.844,0.5391,3.647,49.084,16.052,10.102,1
2025-06-30,R13,31.706,0.6415,4.417,45.637,54.736,8.377,1
2025-07-01,R13,29.508,0.574,14.714,50.085,39.824,10.943,1
2025-07-02,R13,30.863,0.4939,4.099,50.395,62.766,9.242,1
2025-07-03,R13,33.292,0.5901,13.172,50.93,47.148,10.153,1
2025-07-04,R13,30.648,0.704,0.623,46.29,68.565,7.003,1
2025-07-05,R13,30.64,0.6518,9.522,51.591,67.223,8.766,1
2025-07-06,R13,30.386,0.6038,7.461,47.213,63.185,8.679,1
2025-07-07,R13,29.317,0.5975,7.576,47.756,43.834,8.487,1
2025-07-08,R13,30.973,0.6353,5.36,47.741,72.441,9.176,1
2025-07-09,R13,30.548,0.6555,8.073,52.058,69.87,8.024,1
2025-07-10,R13,26.775,0.6328,3.075,44.669,67.524,6.811,1
2025-07-11,R13,29.051,0.6577,2.14,46.609,43.444,8.228,1
2025-07-12,R13,31.172,0.6348,19.0,54.452,64.157,8.962,1
2025-07-13,R13,26.835,0.5831,4.808,50.333,48.234,10.254,1
2025-07-14,R13,29.585,0.5885,2.641,49.757,66.697,8.209,1
2025-07-15,R13,26.596,0.6081,2.152,46.941,35.367,9.57,1
2025-07-16,R13,31.456,0.5607,3.055,43.215,19.701,12.136,1
2025-07-17,R13,31.987,0.5592,28.001,56.916,70.592,7.983,1
2025-07-18,R13,30.709,0.588,2.012,46.82,34.206,8.526,1
2025-07-19,R13,32.43,0.6018,21.472,50.466,49.439,9.207,1
2025-07-20,R13,29.993,0.4998,4.907,48.395,48.392,9.403,1
2025-07-21,R13,31.808,0.6192,5.564,50.455,66.009,8.815,1
2025-07-22,R13,29.793,0.5702,3.684,42.676,58.619,9.043,1
2025-07-23,R13,30.61,0.7081,20.889,53.581,69.377,8.318,1
2025-07-24,R13,27.599,0.6853,10.73,51.182,42.838,9.272,1
2025-07-25,R13,30.787,0.4883,6.659,45.583,64.397,9.807,1
2025-07-26,R13,28.697,0.7101,6.73,51.103,72.475,7.53,1
2025-07-27,R13,28.277,0.577,29.495,59.656,68.074,7.881,0
2025-07-28,R13,31.71,0.604,15.682,54.617,53.278,9.99,1
2025-07-29,R13,26.944,0.6009,15.462,49.906,70.083,6.753,1
2025-07-30,R13,26.421,0.6056,12.513,52.532,38.805,8.773,1
2025-07-31,R13,29.777,0.5507,11.512,50.687,66.135,8.818,1
2025-08-01,R13,29.159,0.6479,13.052,55.993,43.873,9.38,1
2025-08-02,R13,30.45,0.5388,11.506,49.098,70.667,7.905,1
2025-08-03,R13,27.052,0.6435,14.832,55.73,52.263,7.804,1
2025-08-04,R13,26.762,0.6973,15.266,59.588,56.444,8.402,0
2025-08-05,R13,29.695,0.6566,3.231,45.867,18.543,10.684,1
2025-08-06,R13,25.247,0.6493,5.711,48.023,28.71,11.031,1
2025-08-07,R13,26.48,0.5878,7.205,54.026,81.76,7.203,1
2025-08-08,R13,26.48,0.7626,28.519,56.15,79.794,7.721,0
2025-08-09,R13,31.442,0.5374,6.463,49.693,35.768,9.508,1
2025-08-10,R13,28.078,0.6138,2.384,48.267,78.489,7.396,1
2025-08-11,R13,28.444,0.6401,7.429,44.027,40.169,9.024,1
2025-08-12,R13,31.308,0.6491,4.863,47.857,59.129,9.81,1
2025-08-13,R13,29.459,0.6796,16.288,50.295,65.852,7.512,1
2025-08-14,R13,27.655,0.6279,4.034,48.797,66.375,7.505,1
2025-08-15,R13,23.245,0.6701,1.004,47.558,51.679,7.716,1
2025-08-16,R13,26.301,0.5838,14.831,52.123,53.679,8.304,1
2025-08-17,R13,29.648,0.419,6.33,47.649,38.237,9.007,1
2025-08-18,R13,29.816,0.6355,2.961,47.686,82.496,7.795,1
2025-08-19,R13,25.348,0.7273,8.125,57.665,72.125,6.231,0
2025-08-20,R13,27.623,0.6334,7.924,53.317,48.491,8.884,1
2025-08-21,R13,26.684,0.613,5.269,52.044,64.663,7.768,1
2025-08-22,R13,30.038,0.6691,30.713,56.882,36.005,10.31,1
2025-08-23,R13,26.935,0.654,14.816,50.185,63.49,7.032,1
2025-08-24,R13,28.454,0.8213,30.211,54.848,68.2,7.71,1
2025-08-25,R13,26.188,0.7341,25.367,60.481,59.485,7.574,0
2025-08-26,R13,25.403,0.7151,10.977,59.917,53.94,8.478,1
2025-08-27,R13,28.732,0.6634,25.889,55.255,50.93,9.85,1
2025-08-28,R13,24.156,0.6336,6.883,50.895,40.334,8.553,1
2025-08-29,R13,25.075,0.677,2.277,47.901,100,4.734,0
2025-08-30,R13,26.862,0.6755,7.792,51.241,63.999,7.846,1
2025-08-31,R13,28.298,0.5902,22.659,54.947,63.651,7.289,1
2025-09-01,R13,24.364,0.7067,5.705,49.579,41.201,7.897,1
2025-09-02,R13,26.234,0.6312,22.069,56.302,54.948,8.911,1
2025-09-03,R13,24.269,0.6304,9.906,51.918,39.999,8.798,1
2025-09-04,R13,28.285,0.6363,13.887,56.975,59.381,8.906,1
2025-09-05,R13,27.196,0.6151,10.027,47.348,55.673,7.357,1
2025-09-06,R13,28.0,0.6756,1.521,46.151,68.983,7.666,1
2025-09-07,R13,23.579,0.7561,41.638,66.324,72.906,7.091,0
2025-09-08,R13,27.06,0.6931,2.879,47.795,71.703,6.877,1
2025-09-09,R13,27.062,0.6133,1.323,49.1,39.782,7.811,1
2025-09-10,R13,25.195,0.5364,1.478,51.975,12.355,10.006,1
2025-09-11,R13,28.14,0.5757,0.93,46.906,14.423,10.201,1
2025-09-12,R13,27.064,0.5599,8.081,44.361,30.375,9.907,1
2025-09-13,R13,28.564,0.5815,18.125,58.222,74.34,7.669,1
2025-09-14,R13,24.552,0.528,3.923,50.974,44.662,8.064,1
2025-09-15,R13,25.927,0.7129,1.51,53.403,75.436,7.647,1
2025-09-16,R13,25.886,0.5936,5.705,51.166,32.445,8.705,1
2025-09-17,R13,28.186,0.5461,10.246,52.58,50.098,9.066,1
2025-09-18,R13,25.707,0.7892,21.445,54.543,79.725,7.693,0
2025-09-19,R13,25.22,0.6506,6.487,48.91,69.288,5.603,1
2025-09-20,R13,25.084,0.5292,29.936,63.276,85.505,4.598,0
2025-09-21,R13,26.515,0.5573,21.143,65.629,45.193,7.499,0
2025-09-22,R13,25.795,0.6134,5.284,53.593,67.533,7.804,1
2025-09-23,R13,29.363,0.7183,9.049,50.683,31.43,10.811,1
2025-09-24,R13,27.712,0.6161,9.037,54.674,48.983,7.95,1
2025-09-25,R13,25.093,0.7482,2.122,53.778,58.146,7.93,0
2025-09-26,R13,30.801,0.605,11.381,53.663,44.673,10.885,1
2025-09-27,R13,30.269,0.5635,4.192,47.595,77.407,7.399,1
2025-09-28,R13,25.307,0.7161,5.504,53.788,49.103,9.286,1
2025-09-29,R13,29.814,0.609,18.658,52.036,50.135,8.168,1
2025-09-30,R13,28.989,0.6359,2.195,45.21,44.791,7.391,1
2025-10-01,R13,24.901,0.7289,4.68,53.332,55.432,6.85,0
2025-10-02,R13,27.081,0.5402,15.867,55.534,100,6.468,0
2025-10-03,R13,24.373,0.6292,3.864,46.362,46.039,7.677,1
2025-10-04,R13,24.941,0.7252,16.448,56.325,66.13,7.627,0
2025-10-05,R13,27.955,0.6523,14.331,52.336,37.322,9.191,1
2025-10-06,R13,26.98,0.6458,2.117,50.505,68.406,6.865,1
2025-10-07,R13,27.368,0.7166,6.897,55.023,75.283,8.32,1
2025-10-08,R13,26.342,0.6223,2.618,52.856,72.52,5.768,1
2025-10-09,R13,27.982,0.5319,7.708,48.153,57.289,8.21,1
2025-10-10,R13,27.506,0.6455,12.492,57.994,47.401,8.848,1
2025-10-11,R13,29.425,0.6462,11.761,52.782,47.915,10.188,1
2025-10-12,R13,28.805,0.4592,1.125,46.029,41.204,8.733,1
2025-10-13,R13,28.249,0.6505,11.676,54.324,39.594,9.184,1
2025-10-14,R13,23.48,0.6755,8.629,54.281,67.628,5.742,1
2025-10-15,R13,27.952,0.5639,11.83,50.765,34.814,8.559,1
2025-10-16,R13,26.773,0.6398,6.822,47.106,41.673,8.82,1
2025-10-17,R13,27.059,0.5972,8.28,51.505,35.884,9.081,1
2025-10-18,R13,26.605,0.7242,3.708,52.128,40.421,8.294,1
2025-10-19,R13,29.261,0.6184,11.699,56.031,51.439,7.716,1
2025-10-20,R13,28.659,0.7228,3.061,49.906,45.347,7.95,1
2025-10-21,R13,25.468,0.708,14.062,58.509,67.453,6.518,0
2025-10-22,R13,27.264,0.6048,20.693,57.932,47.042,8.087,1
2025-10-23,R13,26.093,0.7329,11.5,50.956,70.212,7.822,1
2025-10-24,R13,25.818,0.659,1.707,49.791,10.347,9.16,1
2025-10-25,R13,27.346,0.6097,24.319,59.629,66.31,8.184,1
2025-10-26,R13,23.922,0.6442,13.666,57.125,71.714,7.092,0
2025-10-27,R13,26.752,0.5516,14.374,52.103,29.507,10.581,1
2025-10-28,R13,27.038,0.5699,13.91,53.719,80.113,8.729,1
2025-10-29,R13,23.421,0.6258,21.367,53.646,56.996,7.98,1
2025-10-30,R13,27.947,0.635,10.935,54.899,65.343,7.216,1
2025-10-31,R13,26.467,0.6752,11.298,51.888,60.634,7.304,1
2025-11-01,R13,27.829,0.6523,12.015,52.941,51.018,8.862,1
2025-11-02,R13,27.743,0.7399,3.625,52.154,54.486,8.495,1
2025-11-03,R13,29.939,0.6972,15.43,48.895,41.297,8.059,1
2025-11-04,R13,28.952,0.701,3.82,50.726,39.239,8.063,1
2025-11-05,R13,27.641,0.6954,14.122,51.063,85.552,6.579,1
2025-11-06,R13,26.914,0.7377,8.678,52.133,38.8,8.396,1
2025-11-07,R13,25.148,0.5986,9.912,53.408,29.887,9.198,1
2025-11-08,R13,25.249,0.6484,16.837,60.137,56.611,8.65,1
2025-11-09,R13,26.91,0.6165,12.716,58.173,49.406,8.824,1
2025-11-10,R13,26.633,0.7442,8.414,56.734,14.713,10.485,1
2025-11-11,R13,27.882,0.6177,9.631,49.367,53.995,7.804,1
2025-11-12,R13,25.527,0.6212,1.728,47.355,40.887,8.14,1
2025-11-13,R13,27.436,0.562,11.778,49.628,59.798,7.611,1
2025-11-14,R13,27.379,0.5516,18.038,53.419,54.105,5.69,0
2025-11-15,R13,29.326,0.5479,3.847,40.941,45.652,8.733,1
2025-11-16,R13,29.894,0.5514,25.1,54.632,76.273,7.431,1
2025-11-17,R13,27.396,0.688,8.582,54.608,67.056,7.217,1
2025-11-18,R13,29.029,0.6662,20.309,51.683,47.366,9.102,1
2025-11-19,R13,28.898,0.6465,3.059,45.589,26.898,10.987,1
2025-11-20,R13,30.914,0.6314,8.789,51.599,47.495,8.759,1
2025-11-21,R13,31.27,0.6884,1.663,45.309,57.511,8.413,1
2025-11-22,R13,31.305,0.6617,1.454,45.981,36.373,11.395,1
2025-11-23,R13,27.213,0.5894,11.066,51.653,57.181,9.023,1
2025-11-24,R13,28.729,0.5273,2.672,45.676,36.971,9.819,1
2025-11-25,R13,25.434,0.6889,8.234,54.723,64.053,7.746,1
2025-11-26,R13,28.13,0.538,1.687,49.242,18.456,8.336,1
2025-11-27,R13,26.69,0.6273,15.544,54.122,47.794,8.862,1
2025-11-28,R13,27.047,0.6458,0.652,52.668,32.073,9.27,1
2025-11-29,R13,30.217,0.6145,7.608,48.32,32.623,9.851,1
2025-11-30,R13,26.907,0.6458,11.198,55.674,71.612,7.199,1
2025-12-01,R13,28.109,0.551,2.678,46.404,32.489,10.402,1
2025-12-02,R13,30.17,0.5405,2.655,46.401,29.984,10.856,1
2025-12-03,R13,27.78,0.6982,12.026,53.372,68.924,7.296,1
2025-12-04,R13,30.499,0.5936,2.336,56.531,20.558,11.088,1
2025-12-05,R13,30.708,0.7063,5.089,49.715,18.775,9.506,1
2025-12-06,R13,28.023,0.6708,16.068,51.783,100,6.311,0
2025-12-07,R13,27.688,0.7509,0.68,53.15,39.861,9.295,1
2025-12-08,R13,27.151,0.6546,10.955,55.484,43.573,8.945,1
2025-12-09,R13,29.911,0.6576,8.965,50.937,65.103,8.09,1
2025-12-10,R13,31.29,0.5465,11.081,51.338,62.683,9.022,1
2025-12-11,R13,29.063,0.5394,4.673,46.483,48.498,8.308,1
2025-12-12,R13,32.177,0.4571,9.586,48.821,34.655,9.856,1
2025-12-13,R13,30.031,0.6716,6.656,50.643,65.716,8.241,1
2025-12-14,R13,31.705,0.5664,15.918,49.471,39.849,11.625,1
2025-12-15,R13,28.093,0.5794,10.058,50.187,49.6,8.772,1
2025-12-16,R13,31.504,0.5882,6.114,50.132,34.096,10.393,1
2025-12-17,R13,28.771,0.6082,1.89,46.916,51.268,9.014,1
2025-12-18,R13,29.975,0.6784,30.368,57.76,61.438,8.903,1
2025-12-19,R13,29.512,0.5667,12.508,51.196,81.572,7.402,1
2025-12-20,R13,30.505,0.5691,5.382,52.925,46.259,8.413,1
2025-12-21,R13,27.111,0.7495,13.367,60.562,52.5,6.967,0
2025-12-22,R13,30.825,0.5947,13.607,51.031,30.506,10.667,1
2025-12-23,R13,30.191,0.5843,14.04,52.723,68.655,9.018,1
2025-12-24,R13,32.585,0.6223,0.814,44.23,36.432,9.615,1
2025-12-25,R13,29.174,0.6882,17.771,55.023,73.568,7.415,1
2025-12-26,R13,32.161,0.6399,8.216,49.342,50.729,8.707,1
2025-12-27,R13,33.071,0.5692,13.897,47.902,61.922,9.642,1
2025-12-28,R13,30.754,0.5682,2.502,47.364,41.868,9.397,1
2025-12-29,R13,31.01,0.5997,1.416,49.301,30.135,10.044,1
2025-12-30,R13,27.553,0.5539,8.702,52.222,79.69,8.17,1
2025-12-31,R13,30.711,0.6501,15.91,47.935,73.871,8.537,1
2025-01-01,R14,19.427,0.7725,8.15,59.304,32.907,7.944,0
2025-01-02,R14,20.087,0.571,13.342,63.296,49.831,7.314,0
2025-01-03,R14,21.712,0.572,4.216,58.798,80.609,6.328,0
2025-01-04,R14,24.056,0.6122,3.816,60.214,51.883,6.468,0
2025-01-05,R14,20.428,0.6581,6.562,62.075,43.51,6.816,0
2025-01-06,R14,20.121,0.6534,22.869,67.364,50.107,7.518,0
2025-01-07,R14,18.183,0.7622,22.615,65.141,85.792,6.497,0
2025-01-08,R14,20.974,0.6815,3.334,61.091,26.163,8.359,0
2025-01-09,R14,19.301,0.8195,2.392,55.726,46.669,7.663,0
2025-01-10,R14,18.087,0.7317,9.728,60.511,65.537,5.773,0
2025-01-11,R14,24.864,0.5662,9.39,59.028,49.039,8.097,0
2025-01-12,R14,22.69,0.6942,7.899,58.723,57.262,6.242,0
2025-01-13,R14,24.462,0.6644,13.765,63.252,50.876,5.998,0
2025-01-14,R14,24.273,0.6762,2.292,54.111,27.22,8.917,1
2025-01-15,R14,19.85,0.6467,13.476,66.507,46.697,8.025,0
2025-01-16,R14,20.191,0.6534,9.255,56.049,24.907,7.455,0
2025-01-17,R14,21.033,0.5997,8.18,56.268,16.951,8.079,1
2025-01-18,R14,19.077,0.6853,5.556,60.969,43.415,6.752,0
2025-01-19,R14,22.276,0.6376,9.089,60.012,57.471,6.774,0
2025-01-20,R14,26.454,0.5914,4.335,58.361,63.981,7.061,0
2025-01-21,R14,18.187,0.7287,5.546,61.164,66.658,5.852,0
2025-01-22,R14,20.925,0.6738,17.791,64.145,73.219,5.464,0
2025-01-23,R14,20.91,0.5782,4.308,63.926,54.289,6.801,1
2025-01-24,R14,22.774,0.5567,4.603,59.122,30.827,8.94,1
2025-01-25,R14,21.893,0.6365,7.717,57.2,50.572,6.426,0
2025-01-26,R14,24.278,0.5723,2.253,57.816,58.766,8.087,1
2025-01-27,R14,20.275,0.7474,6.016,63.19,38.003,7.542,0
2025-01-28,R14,21.067,0.6379,5.007,55.589,51.18,5.623,0
2025-01-29,R14,25.635,0.536,3.258,53.521,59.073,7.926,1
2025-01-30,R14,21.292,0.6805,6.226,61.415,49.375,7.506,1
2025-01-31,R14,20.34,0.7391,11.632,70.348,56.605,6.79,0
2025-02-01,R14,23.446,0.597,2.188,57.335,49.81,8.081,0
2025-02-02,R14,21.734,0.6842,19.054,62.831,54.454,7.431,0
2025-02-03,R14,24.87,0.7003,0.963,53.375,68.983,7.314,1
2025-02-04,R14,22.267,0.6961,16.198,57.412,64.825,7.151,0
2025-02-05,R14,23.258,0.7235,20.033,67.698,70.373,8.107,0
2025-02-06,R14,20.133,0.7022,40.684,70.133,99.726,5.198,0
2025-02-07,R14,23.743,0.6684,19.225,63.256,52.392,6.705,0
2025-02-08,R14,25.091,0.6729,3.262,55.382,29.23,7.803,1
2025-02-09,R14,22.421,0.6737,3.623,60.669,31.882,8.401,1
2025-02-10,R14,23.314,0.6772,22.908,63.298,64.266,8.262,0
2025-02-11,R14,22.199,0.6878,13.564,58.597,66.266,7.072,0
2025-02-12,R14,23.263,0.7254,1.779,54.714,55.022,5.912,0
2025-02-13,R14,25.894,0.5806,2.101,56.596,40.341,8.75,1
2025-02-14,R14,22.938,0.6958,1.899,57.579,25.604,9.805,1
2025-02-15,R14,24.987,0.5577,12.387,57.372,76.884,6.711,1
2025-02-16,R14,23.471,0.5362,3.531,57.144,41.018,7.409,1
2025-02-17,R14,22.3,0.6529,4.177,56.985,38.028,7.898,1
2025-02-18,R14,23.132,0.5216,12.113,57.68,50.454,6.719,0
2025-02-19,R14,23.305,0.5808,10.921,68.413,47.634,7.939,0
2025-02-20,R14,22.661,0.6023,1.15,56.896,49.85,7.431,0
2025-02-21,R14,23.528,0.4932,4.634,61.253,34.531,8.52,1
2025-02-22,R14,24.726,0.6583,2.498,58.901,53.5,7.525,1
2025-02-23,R14,23.399,0.658,11.813,58.363,61.911,6.467,0
2025-02-24,R14,23.008,0.67,14.034,63.687,66.33,7.448,1
2025-02-25,R14,25.282,0.6541,5.4,55.438,26.904,8.763,1
2025-02-26,R14,27.689,0.7126,7.473,59.533,46.228,9.546,1
2025-02-27,R14,24.692,0.6099,4.873,57.599,37.36,7.559,0
2025-02-28,R14,22.851,0.6749,9.194,57.272,61.688,6.972,0
2025-03-01,R14,28.358,0.5844,10.454,62.891,56.146,8.086,1
2025-03-02,R14,22.091,0.653,13.926,62.294,45.172,7.147,0
2025-03-03,R14,27.424,0.6542,13.158,62.76,26.897,9.376,1
2025-03-04,R14,23.676,0.5821,6.661,58.366,49.771,7.699,0
2025-03-05,R14,25.613,0.5666,4.012,55.55,35.973,8.817,1
2025-03-06,R14,28.6,0.6665,21.989,61.158,39.862,9.052,1
2025-03-07,R14,24.103,0.5332,1.631,60.617,19.519,9.854,1
2025-03-08,R14,23.205,0.6394,11.403,64.163,44.224,8.459,1
2025-03-09,R14,24.779,0.6681,22.676,66.498,72.96,5.965,0
2025-03-10,R14,23.286,0.5188,3.419,61.141,47.914,8.88,1
2025-03-11,R14,22.032,0.6821,5.929,59.507,73.827,4.826,0
2025-03-12,R14,24.23,0.6939,8.258,62.799,60.801,7.601,0
2025-03-13,R14,26.328,0.6221,6.115,57.346,58.127,7.106,1
2025-03-14,R14,27.294,0.6252,7.144,57.903,48.4,8.523,1
2025-03-15,R14,26.047,0.6398,6.584,56.488,55.133,8.67,1
2025-03-16,R14,23.717,0.6051,13.993,61.767,45.5,7.725,0
2025-03-17,R14,26.617,0.4659,12.053,58.009,50.488,7.987,0
2025-03-18,R14,26.083,0.5937,5.394,52.51,67.295,8.225,1
2025-03-19,R14,27.126,0.5868,5.753,59.974,64.13,8.491,1
2025-03-20,R14,22.688,0.7331,2.912,50.936,12.918,9.132,1
2025-03-21,R14,24.138,0.6974,4.32,60.816,60.367,8.083,1
2025-03-22,R14,26.435,0.5747,31.28,70.107,77.553,5.615,0
2025-03-23,R14,21.146,0.6532,2.216,58.035,47.429,6.908,1
2025-03-24,R14,24.249,0.6432,7.739,55.563,64.817,6.847,1
2025-03-25,R14,22.951,0.7131,2.097,56.251,13.653,9.791,1
2025-03-26,R14,26.873,0.646,5.893,52.829,55.614,8.53,1
2025-03-27,R14,25.753,0.6689,6.356,62.869,51.935,8.339,1
2025-03-28,R14,26.329,0.5462,5.186,59.157,73.738,6.671,1
2025-03-29,R14,24.045,0.5964,3.907,57.785,59.491,6.996,1
2025-03-30,R14,24.939,0.6404,4.83,59.03,28.8,10.699,1
2025-03-31,R14,23.289,0.655,3.976,57.898,33.722,9.142,1
2025-04-01,R14,27.26,0.5774,6.132,57.303,50.587,8.108,1
2025-04-02,R14,24.887,0.5569,17.848,64.504,65.717,7.042,0
2025-04-03,R14,26.443,0.6711,10.17,58.015,59.765,7.824,0
2025-04-04,R14,24.001,0.5962,1.605,53.071,24.945,8.623,1
2025-04-05,R14,27.2,0.6465,12.403,53.764,58.735,5.96,0
2025-04-06,R14,26.958,0.5754,19.181,59.197,47.459,10.141,1
2025-04-07,R14,23.831,0.6323,1.202,55.479,41.425,8.325,1
2025-04-08,R14,21.927,0.6282,3.452,57.691,55.046,6.963,0
2025-04-09,R14,23.365,0.7676,6.409,56.906,41.429,7.545,0
2025-04-10,R14,27.206,0.6166,15.388,58.607,64.613,7.329,0
2025-04-11,R14,22.194,0.5155,3.582,55.043,38.918,8.488,1
2025-04-12,R14,21.372,0.5958,8.947,55.033,38.643,7.958,1
2025-04-13,R14,24.786,0.7274,5.163,58.864,62.828,7.576,0
2025-04-14,R14,23.162,0.5675,5.851,61.172,36.563,8.696,1
2025-04-15,R14,21.966,0.6433,20.323,62.734,55.012,6.516,0
2025-04-16,R14,26.023,0.648,3.287,58.825,36.52,7.658,1
2025-04-17,R14,26.166,0.5787,14.813,59.812,55.072,9.175,1
2025-04-18,R14,27.314,0.6057,7.33,56.407,38.582,9.424,1
2025-04-19,R14,27.854,0.5327,5.456,60.018,70.08,8.23,1
2025-04-20,R14,20.861,0.6347,3.394,54.116,60.484,6.344,0
2025-04-21,R14,28.632,0.6168,40.631,65.56,70.757,7.663,0
2025-04-22,R14,24.133,0.7178,1.404,56.309,26.244,8.724,1
2025-04-23,R14,26.792,0.5233,6.894,56.096,33.605,8.733,1
2025-04-24,R14,24.552,0.6795,1.051,63.951,12.704,9.762,1
2025-04-25,R14,24.731,0.6507,16.497,62.172,65.216,6.543,0
2025-04-26,R14,23.352,0.5659,8.997,61.612,41.415,8.227,1
2025-04-27,R14,25.295,0.6586,10.007,61.491,67.93,7.302,0
2025-04-28,R14,22.173,0.5673,24.996,66.121,82.755,6.685,0
2025-04-29,R14,25.734,0.6034,8.561,59.25,58.965,8.033,1
2025-04-30,R14,24.654,0.6064,24.097,62.116,76.112,6.477,0
2025-05-01,R14,27.226,0.7108,6.908,52.367,56.797,7.984,1
2025-05-02,R14,23.032,0.6849,16.795,59.967,71.2,5.214,0
2025-05-03,R14,22.193,0.5857,13.644,61.75,86.793,5.194,0
2025-05-04,R14,25.719,0.6469,4.676,55.1,45.191,7.902,1
2025-05-05,R14,23.061,0.6003,7.345,61.493,67.295,6.46,0
2025-05-06,R14,23.152,0.6822,37.026,73.819,50.015,7.528,0
2025-05-07,R14,25.636,0.5762,15.348,66.355,62.595,8.139,0
2025-05-08,R14,24.791,0.5154,0.39,54.877,18.126,8.738,1
2025-05-09,R14,22.616,0.6938,3.057,60.223,50.673,8.373,1
2025-05-10,R14,23.936,0.6023,8.308,63.716,83.88,6.562,0
2025-05-11,R14,23.749,0.6529,9.623,55.742,49.391,7.99,1
2025-05-12,R14,23.334,0.6404,16.792,59.321,57.222,6.783,1
2025-05-13,R14,22.791,0.5353,17.09,59.092,73.839,5.811,0
2025-05-14,R14,25.682,0.6321,1.619,52.848,68.733,8.254,1
2025-05-15,R14,24.146,0.621,4.676,56.546,56.525,7.899,1
2025-05-16,R14,26.449,0.6899,8.47,54.965,54.525,8.503,1
2025-05-17,R14,24.935,0.6256,7.956,56.264,47.689,8.589,1
2025-05-18,R14,25.833,0.6436,7.386,56.112,29.016,8.559,1
2025-05-19,R14,23.383,0.6859,4.375,56.487,66.664,5.98,0
2025-05-20,R14,22.197,0.6521,1.819,59.701,43.783,7.57,1
2025-05-21,R14,24.2,0.6012,2.846,58.449,87.237,5.843,0
2025-05-22,R14,24.977,0.4914,3.772,59.708,33.242,8.052,1
2025-05-23,R14,26.517,0.6548,5.26,61.324,70.286,6.947,0
2025-05-24,R14,23.725,0.582,4.885,59.449,60.876,7.07,0
2025-05-25,R14,21.868,0.6549,0.382,58.208,48.504,7.032,1
2025-05-26,R14,24.357,0.552,3.709,60.327,27.213,9.447,1
2025-05-27,R14,22.488,0.6207,2.627,56.75,32.653,8.245,1
2025-05-28,R14,26.381,0.5404,9.862,59.444,66.122,7.683,0
2025-05-29,R14,21.26,0.5551,3.357,59.654,34.713,8.537,1
2025-05-30,R14,24.911,0.6586,10.3,61.197,57.862,7.676,1
2025-05-31,R14,23.352,0.7498,10.382,57.095,49.347,8.178,1
2025-06-01,R14,23.008,0.6243,1.932,60.651,47.403,6.089,0
2025-06-02,R14,22.471,0.7179,8.744,62.171,48.309,7.275,0
2025-06-03,R14,24.26,0.5753,17.617,61.813,41.503,8.393,0
2025-06-04,R14,20.919,0.6757,10.461,64.563,48.208,7.931,0
2025-06-05,R14,22.22,0.7086,2.24,60.28,38.046,9.466,1
2025-06-06,R14,25.243,0.6703,6.487,56.243,69.961,7.85,1
2025-06-07,R14,23.553,0.5893,8.008,61.933,53.835,7.563,0
2025-06-08,R14,20.525,0.6166,4.938,62.153,36.12,7.377,1
2025-06-09,R14,22.344,0.5471,2.533,53.873,32.184,9.597,1
2025-06-10,R14,22.383,0.6452,5.366,61.449,44.598,8.821,0
2025-06-11,R14,21.611,0.7176,14.904,65.826,93.369,5.276,0
2025-06-12,R14,22.96,0.6019,13.754,67.95,53.332,8.778,0
2025-06-13,R14,23.608,0.6999,1.177,51.128,34.595,8.735,1
2025-06-14,R14,23.127,0.5973,6.183,56.57,51.831,7.679,1
2025-06-15,R14,21.625,0.6719,12.24,59.384,40.722,7.533,0
2025-06-16,R14,20.241,0.647,4.921,59.325,53.256,4.959,0
2025-06-17,R14,20.473,0.6712,10.653,62.952,76.268,4.998,0
2025-06-18,R14,17.614,0.5827,3.745,59.82,64.964,4.933,0
2025-06-19,R14,22.742,0.6276,3.48,55.784,57.653,8.387,1
2025-06-20,R14,19.862,0.7262,26.593,70.804,73.049,4.865,0
2025-06-21,R14,17.681,0.7362,4.878,63.305,38.401,5.901,0
2025-06-22,R14,19.444,0.6866,5.29,66.569,53.275,6.371,0
2025-06-23,R14,18.859,0.6601,3.589,58.771,27.211,6.848,0
2025-06-24,R14,21.309,0.7402,4.381,61.311,24.041,8.776,1
2025-06-25,R14,16.794,0.6759,19.471,65.734,59.326,6.425,0
2025-06-26,R14,20.506,0.7005,20.062,63.942,82.444,4.686,0
2025-06-27,R14,20.944,0.6923,21.747,62.159,57.411,6.291,0
2025-06-28,R14,21.434,0.7335,2.617,59.791,48.551,7.148,0
2025-06-29,R14,22.144,0.5936,9.735,64.756,37.758,8.137,0
2025-06-30,R14,24.141,0.6352,9.741,59.137,66.804,6.403,1
2025-07-01,R14,19.589,0.782,6.122,63.639,23.738,9.085,0
2025-07-02,R14,17.206,0.6214,2.139,63.89,24.179,7.579,0
2025-07-03,R14,21.661,0.6626,1.652,61.754,27.918,7.912,0
2025-07-04,R14,20.65,0.679,8.629,62.425,43.112,7.203,0
2025-07-05,R14,21.038,0.6715,1.191,56.354,35.774,9.125,1
2025-07-06,R14,22.196,0.6066,3.118,56.394,72.835,6.549,0
2025-07-07,R14,21.379,0.564,1.48,60.391,34.463,8.283,1
2025-07-08,R14,21.193,0.6079,4.602,61.405,71.283,6.606,0
2025-07-09,R14,23.591,0.6948,4.371,60.536,37.073,8.835,1
2025-07-10,R14,19.047,0.7449,1.377,59.745,53.428,7.791,0
2025-07-11,R14,20.544,0.6835,7.019,54.884,51.656,6.571,0
2025-07-12,R14,20.676,0.6904,1.895,59.508,42.045,6.729,0
2025-07-13,R14,19.374,0.7392,11.198,65.584,58.329,5.297,0
2025-07-14,R14,20.196,0.6561,1.04,62.072,5,8.419,1
2025-07-15,R14,19.114,0.6582,7.551,63.682,42.84,6.716,0
2025-07-16,R14,24.219,0.6679,12.753,58.623,37.793,8.762,0
2025-07-17,R14,21.924,0.7094,4.899,54.424,49.283,8.237,1
2025-07-18,R14,19.296,0.6865,3.963,58.405,55.147,6.179,0
2025-07-19,R14,19.995,0.7555,16.699,64.498,51.965,6.85,0
2025-07-20,R14,23.624,0.7442,11.248,58.631,29.88,7.625,1
2025-07-21,R14,18.045,0.6557,2.874,61.56,48.896,6.273,0
2025-07-22,R14,18.823,0.6983,4.087,68.077,43.018,6.288,0
2025-07-23,R14,19.471,0.6192,6.532,61.663,47.424,5.718,0
2025-07-24,R14,18.502,0.6989,26.287,61.509,77.253,6.038,0
2025-07-25,R14,18.41,0.7409,2.316,61.753,13.234,9.185,0
2025-07-26,R14,19.811,0.6738,4.791,60.444,33.665,7.747,0
2025-07-27,R14,19.471,0.7377,5.538,63.584,31.409,7.504,0
2025-07-28,R14,21.586,0.7007,8.372,62.708,48.863,7.157,0
2025-07-29,R14,16.119,0.7,15.085,70.128,58.609,5.498,0
2025-07-30,R14,18.055,0.6272,6.376,58.87,52.889,7.982,0
2025-07-31,R14,20.305,0.725,16.603,68.979,52.732,6.111,0
2025-08-01,R14,18.59,0.6654,2.35,58.956,53.146,7.668,1
2025-08-02,R14,16.778,0.6471,4.917,63.357,23.323,7.435,0
2025-08-03,R14,18.512,0.8468,12.674,64.672,67.417,5.121,0
2025-08-04,R14,19.113,0.7209,9.659,65.805,61.904,5.809,0
2025-08-05,R14,18.215,0.6527,18.098,67.427,72.589,4.137,0
2025-08-06,R14,17.127,0.6967,6.043,58.434,37.982,7.041,0
2025-08-07,R14,18.397,0.6486,14.748,65.504,71.366,5.962,0
2025-08-08,R14,15.264,0.6543,1.365,60.531,22.198,5.693,0
2025-08-09,R14,17.056,0.6355,25.494,74.093,77.415,4.903,0
2025-08-10,R14,18.136,0.7392,1.471,59.947,28.314,7.98,0
2025-08-11,R14,18.242,0.7018,1.745,57.177,19.002,8.891,1
2025-08-12,R14,16.895,0.6535,18.312,64.905,61.357,5.985,0
2025-08-13,R14,13.764,0.7191,7.057,66.734,36.094,5.467,0
2025-08-14,R14,20.296,0.6046,3.629,61.785,24.565,8.455,0
2025-08-15,R14,19.135,0.5861,22.87,67.01,91.502,3.998,0
2025-08-16,R14,18.498,0.7032,3.149,67.996,64.598,5.241,0
2025-08-17,R14,19.128,0.5864,3.665,57.065,48.468,6.108,0
2025-08-18,R14,17.542,0.6557,9.246,64.839,55.287,6.673,0
2025-08-19,R14,18.287,0.6288,8.813,64.014,43.996,6.188,0
2025-08-20,R14,16.049,0.6823,21.589,69.518,71.326,4.397,0
2025-08-21,R14,19.659,0.6889,3.836,61.823,51.913,6.692,1
2025-08-22,R14,21.363,0.711,8.197,59.151,45.844,7.302,0
2025-08-23,R14,17.741,0.7616,10.5,61.321,69.538,5.974,0
2025-08-24,R14,17.81,0.7136,8.333,58.549,73.715,5.15,0
2025-08-25,R14,19.238,0.5955,7.108,60.091,84.62,5.365,0
2025-08-26,R14,14.093,0.6826,5.077,60.421,65.531,4.1,0
2025-08-27,R14,15.242,0.5926,10.74,67.263,71.55,4.816,0
2025-08-28,R14,18.444,0.7138,8.539,61.3,48.69,6.426,0
2025-08-29,R14,18.602,0.731,6.893,59.895,60.654,5.082,0
2025-08-30,R14,16.664,0.6458,21.463,69.666,76.269,5.406,0
2025-08-31,R14,15.576,0.7343,6.982,64.696,68.544,4.663,0
2025-09-01,R14,17.464,0.6441,16.101,64.056,76.164,3.928,0
2025-09-02,R14,13.533,0.7825,3.085,62.868,38.733,6.092,0
2025-09-03,R14,13.532,0.7885,16.82,71.289,79.01,4.682,0
2025-09-04,R14,19.69,0.7579,0.741,60.958,43.604,8.606,0
2025-09-05,R14,17.591,0.6042,5.483,62.72,57.662,4.92,0
2025-09-06,R14,14.754,0.7388,19.53,66.3,50.271,5.798,0
2025-09-07,R14,15.22,0.7067,6.162,63.221,53.803,4.98,0
2025-09-08,R14,17.26,0.5851,41.924,70.655,65.799,6.174,0
2025-09-09,R14,15.541,0.7858,7.294,58.417,68.651,5.388,0
2025-09-10,R14,13.984,0.6252,5.259,62.362,47.708,7.731,0
2025-09-11,R14,14.923,0.7843,4.607,58.253,53.227,5.799,0
2025-09-12,R14,17.33,0.6662,12.649,66.896,41.291,6.365,0
2025-09-13,R14,16.956,0.6755,7.37,61.437,77.907,4.066,0
2025-09-14,R14,17.044,0.7375,8.975,63.284,47.89,6.549,0
2025-09-15,R14,14.61,0.774,19.393,70.343,71.597,4.632,0
2025-09-16,R14,15.652,0.6693,42.234,72.661,57.964,6.053,0
2025-09-17,R14,17.523,0.7261,8.149,64.909,44.541,6.86,0
2025-09-18,R14,14.224,0.6396,12.091,65.798,40.427,5.66,0
2025-09-19,R14,14.401,0.7462,15.867,67.648,65.482,6.718,0
2025-09-20,R14,14.909,0.6554,7.36,62.998,44.576,6.222,0
2025-09-21,R14,16.354,0.7695,9.665,64.116,29.864,6.968,0
2025-09-22,R14,15.59,0.8323,2.912,59.481,32.599,5.595,0
2025-09-23,R14,13.903,0.7566,26.485,69.839,70.368,5.296,0
2025-09-24,R14,15.753,0.7576,1.353,59.932,12.418,8.705,0
2025-09-25,R14,18.425,0.7798,15.734,64.806,62.724,4.153,0
2025-09-26,R14,15.823,0.712,21.067,71.332,48.691,7.028,0
2025-09-27,R14,16.041,0.6666,7.638,64.758,36.644,6.58,0
2025-09-28,R14,18.712,0.7397,11.43,65.918,74.415,4.411,0
2025-09-29,R14,14.71,0.7695,14.475,64.37,64.767,4.748,0
2025-09-30,R14,15.607,0.7099,40.49,71.652,73.172,4.392,0
2025-10-01,R14,13.926,0.714,3.996,61.849,20.72,5.71,0
2025-10-02,R14,17.03,0.7194,12.319,62.783,67.874,5.122,0
2025-10-03,R14,17.042,0.7105,6.708,64.748,54.294,5.643,0
2025-10-04,R14,17.339,0.6481,2.293,63.826,31.401,6.859,0
2025-10-05,R14,16.879,0.6781,13.774,62.448,67.121,4.932,0
2025-10-06,R14,16.437,0.7591,1.513,60.232,32.988,7.076,0
2025-10-07,R14,15.57,0.688,8.571,65.528,42.898,4.791,0
2025-10-08,R14,16.209,0.7141,5.687,64.395,73.594,4.636,0
2025-10-09,R14,16.924,0.7031,5.199,62.408,57.259,5.701,0
2025-10-10,R14,16.005,0.7744,1.269,62.349,48.672,7.612,0
2025-10-11,R14,15.678,0.6832,10.49,63.014,42.096,6.91,0
2025-10-12,R14,17.492,0.5692,4.586,58.148,42.264,7.535,0
2025-10-13,R14,18.796,0.6295,7.591,68.934,63.527,5.914,0
2025-10-14,R14,14.54,0.8679,1.657,62.585,38.861,6.585,0
2025-10-15,R14,16.118,0.7012,1.485,62.015,9.747,8.281,1
2025-10-16,R14,16.912,0.7104,9.564,62.773,47.633,6.092,0
2025-10-17,R14,15.704,0.7624,9.363,64.458,69.6,4.926,0
2025-10-18,R14,18.809,0.6373,2.787,60.02,55.564,5.102,0
2025-10-19,R14,16.421,0.8235,7.376,57.557,54.264,5.837,0
2025-10-20,R14,15.29,0.7514,6.158,61.946,48.351,7.495,0
2025-10-21,R14,20.743,0.6374,3.029,58.829,46.109,7.065,1
2025-10-22,R14,18.14,0.7626,3.862,64.741,62.402,6.362,0
2025-10-23,R14,15.368,0.7726,16.192,65.601,86.425,4.284,0
2025-10-24,R14,16.432,0.7324,3.478,64.065,28.551,8.614,0
2025-10-25,R14,14.798,0.7707,7.52,65.973,69.494,4.675,0
2025-10-26,R14,17.415,0.7317,13.684,65.192,87.111,3.756,0
2025-10-27,R14,18.47,0.6732,5.189,55.359,46.888,8.261,1
2025-10-28,R14,17.194,0.7369,9.458,66.028,52.415,5.508,0
2025-10-29,R14,16.957,0.8295,6.14,61.232,50.922,7.445,0
2025-10-30,R14,17.136,0.7095,1.99,56.597,24.83,7.088,0
2025-10-31,R14,17.925,0.6777,11.115,59.296,52.699,5.826,0
2025-11-01,R14,19.965,0.7285,5.625,59.062,41.412,8.247,0
2025-11-02,R14,18.286,0.6755,8.201,60.363,68.07,4.048,0
2025-11-03,R14,17.863,0.8058,2.35,59.223,57.323,7.47,1
2025-11-04,R14,19.619,0.7288,18.603,64.963,58.387,5.969,0
2025-11-05,R14,15.364,0.7356,5.563,57.952,72.8,3.817,0
2025-11-06,R14,17.12,0.6939,2.237,61.733,39.446,6.403,0
2025-11-07,R14,20.692,0.6817,7.864,62.193,44.458,7.248,0
2025-11-08,R14,12.983,0.7209,5.179,64.515,38.709,5.024,0
2025-11-09,R14,14.533,0.7804,0.578,64.139,12.273,5.723,0
2025-11-10,R14,18.637,0.7332,7.084,63.767,48.256,5.348,0
2025-11-11,R14,17.279,0.8425,16.666,65.718,81.444,4.981,0
2025-11-12,R14,15.989,0.6856,6.127,63.494,30.008,7.107,0
2025-11-13,R14,18.092,0.6486,31.138,68.629,69.124,5.153,0
2025-11-14,R14,17.927,0.6893,11.023,62.102,44.239,7.211,0
2025-11-15,R14,18.402,0.6602,19.939,69.708,42.362,6.833,0
2025-11-16,R14,15.866,0.6462,2.978,61.652,45.55,6.518,0
2025-11-17,R14,16.499,0.8138,8.027,61.72,45.53,5.914,0
2025-11-18,R14,16.393,0.7003,12.279,61.343,37.14,7.667,0
2025-11-19,R14,17.364,0.7157,1.289,60.667,61.043,5.259,0
2025-11-20,R14,18.007,0.7561,2.335,60.876,37.007,7.108,0
2025-11-21,R14,16.957,0.6966,6.914,63.407,57.971,4.973,0
2025-11-22,R14,20.114,0.7528,9.746,61.38,49.402,6.213,0
2025-11-23,R14,17.5,0.6852,5.268,61.684,57.39,6.027,0
2025-11-24,R14,15.66,0.6502,2.828,60.546,54.041,4.416,0
2025-11-25,R14,18.667,0.7185,5.478,62.55,45.996,8.264,0
2025-11-26,R14,18.225,0.7285,7.693,61.909,56.549,5.886,0
2025-11-27,R14,18.477,0.6814,6.223,56.568,38.608,7.062,1
2025-11-28,R14,18.971,0.5864,6.75,60.295,65.649,7.921,1
2025-11-29,R14,17.917,0.6351,5.287,58.534,44.096,6.872,0
2025-11-30,R14,19.237,0.6024,5.742,57.319,61.097,6.351,0
2025-12-01,R14,18.047,0.6801,8.969,62.181,63.969,6.154,0
2025-12-02,R14,17.788,0.6763,10.842,62.923,42.041,4.937,0
2025-12-03,R14,23.247,0.7538,12.533,65.821,49.661,7.978,0
2025-12-04,R14,19.808,0.7569,6.144,62.736,15.972,9.366,0
2025-12-05,R14,16.474,0.724,13.898,71.957,53.551,6.083,0
2025-12-06,R14,16.925,0.6297,4.93,66.856,32.206,7.918,0
2025-12-07,R14,15.991,0.682,29.787,69.454,55.292,6.052,0
2025-12-08,R14,19.671,0.6275,7.49,65.58,29.083,7.483,0
2025-12-09,R14,19.979,0.6737,10.035,63.511,29.459,7.903,0
2025-12-10,R14,21.308,0.6774,16.534,68.043,66.328,4.958,0
2025-12-11,R14,17.258,0.7707,22.111,67.245,75.256,4.01,0
2025-12-12,R14,21.231,0.6845,1.396,54.026,50.405,7.925,1
2025-12-13,R14,18.492,0.6649,4.064,60.135,35.871,6.884,0
2025-12-14,R14,17.946,0.7467,23.39,66.493,71.492,6.545,0
2025-12-15,R14,15.257,0.6567,15.955,68.903,60.253,4.671,0
2025-12-16,R14,20.674,0.6841,20.208,65.311,51.667,7.573,0
2025-12-17,R14,20.233,0.738,27.706,67.028,62.168,5.719,0
2025-12-18,R14,19.04,0.666,32.529,71.882,62.638,5.266,0
2025-12-19,R14,19.983,0.6359,16.19,65.026,100,4.42,0
2025-12-20,R14,21.035,0.5539,7.034,61.629,73.174,6.997,0
2025-12-21,R14,20.736,0.5899,20.544,64.13,82.618,5.212,0
2025-12-22,R14,22.483,0.6418,16.424,61.789,66.819,6.699,0
2025-12-23,R14,18.196,0.6436,4.681,57.843,30.154,7.584,0
2025-12-24,R14,22.749,0.6633,1.19,57.402,15.274,8.116,1
2025-12-25,R14,21.88,0.6503,7.475,55.734,34.641,7.787,1
2025-12-26,R14,20.786,0.5986,7.013,55.879,31.034,7.53,1
2025-12-27,R14,19.514,0.6279,13.506,62.726,44.642,5.284,0
2025-12-28,R14,20.987,0.6287,7.679,64.88,75.447,5.919,0
2025-12-29,R14,18.905,0.7009,18.107,66.66,83.571,5.006,0
2025-12-30,R14,21.148,0.7566,8.407,59.819,40.307,8.134,0
2025-12-31,R14,21.805,0.6887,7.1,64.623,56.057,7.476,0
2025-01-01,R15,27.165,0.6557,6.094,59.866,71.754,7.885,1
2025-01-02,R15,27.027,0.6087,10.571,55.739,100,5.243,0
2025-01-03,R15,29.045,0.5894,14.34,55.351,43.659,9.873,1
2025-01-04,R15,28.27,0.5799,14.79,61.931,54.111,9.464,1
2025-01-05,R15,26.674,0.7073,8.294,60.384,46.826,9.279,1
2025-01-06,R15,29.366,0.6393,1.304,53.467,68.364,7.413,1
2025-01-07,R15,30.984,0.6415,3.751,59.567,26.795,10.894,1
2025-01-08,R15,29.937,0.655,2.992,53.958,29.576,10.622,1
2025-01-09,R15,29.927,0.6748,4.689,55.451,41.077,10.1,1
2025-01-10,R15,29.939,0.5105,11.013,63.319,60.721,7.569,1
2025-01-11,R15,25.995,0.5579,7.889,58.099,33.511,7.786,1
2025-01-12,R15,25.361,0.5947,6.198,57.426,41.756,7.881,0
2025-01-13,R15,27.253,0.5886,5.396,55.967,79.645,7.205,1
2025-01-14,R15,27.443,0.7099,8.578,59.83,50.256,7.707,0
2025-01-15,R15,28.714,0.6161,7.684,62.542,45.959,8.648,1
2025-01-16,R15,28.434,0.5143,9.431,50.138,68.502,8.628,1
2025-01-17,R15,27.905,0.6029,12.646,56.271,55.488,9.527,1
2025-01-18,R15,29.792,0.6739,2.97,51.292,46.344,8.877,1
2025-01-19,R15,26.372,0.6038,1.711,59.637,30.615,8.366,1
2025-01-20,R15,29.27,0.6603,2.254,51.684,60.548,9.661,1
2025-01-21,R15,25.417,0.6722,8.513,52.5,24.001,9.512,1
2025-01-22,R15,30.911,0.6735,5.067,56.704,46.465,9.352,1
2025-01-23,R15,27.817,0.6769,6.86,60.43,55.781,8.875,1
2025-01-24,R15,28.199,0.585,6.978,55.968,48.105,9.341,1
2025-01-25,R15,26.791,0.6709,17.229,60.468,65.873,7.295,1
2025-01-26,R15,28.514,0.5896,15.764,59.15,39.769,8.929,1
2025-01-27,R15,28.462,0.6113,10.375,55.229,40.523,10.049,1
2025-01-28,R15,26.391,0.5591,7.034,57.261,44.834,8.227,1
2025-01-29,R15,30.93,0.5116,9.194,64.01,48.547,9.009,1
2025-01-30,R15,26.729,0.5751,11.156,57.375,58.062,9.531,1
2025-01-31,R15,29.696,0.6409,8.263,61.337,72.593,7.711,1
2025-02-01,R15,28.312,0.6363,3.765,54.72,13.797,10.158,1
2025-02-02,R15,29.109,0.4593,3.859,50.585,43.686,7.391,1
2025-02-03,R15,29.559,0.7032,15.545,57.501,72.725,7.483,1
2025-02-04,R15,28.542,0.6604,31.496,60.338,62.672,8.202,1
2025-02-05,R15,31.065,0.6215,15.652,53.77,50.146,9.439,1
2025-02-06,R15,32.29,0.6293,1.065,48.109,37.06,10.89,1
2025-02-07,R15,30.474,0.6341,9.357,55.944,66.35,8.541,1
2025-02-08,R15,25.993,0.7453,1.181,53.571,20.311,10.307,1
2025-02-09,R15,28.632,0.6307,6.319,55.795,69.944,7.952,1
2025-02-10,R15,29.691,0.5476,5.595,53.91,38.225,9.709,1
2025-02-11,R15,31.897,0.5481,4.789,56.622,37.337,9.521,1
2025-02-12,R15,30.991,0.54,8.584,57.014,19.874,11.421,1
2025-02-13,R15,32.302,0.4597,6.879,55.574,47.15,10.624,1
2025-02-14,R15,27.515,0.5465,13.377,60.798,80.914,8.32,1
2025-02-15,R15,30.397,0.5705,1.406,55.973,57.526,10.257,1
2025-02-16,R15,27.854,0.6984,14.937,52.629,37.406,9.165,1
2025-02-17,R15,29.747,0.5932,24.148,61.345,56.126,9.209,1
2025-02-18,R15,29.167,0.6736,6.627,49.238,45.083,9.568,1
2025-02-19,R15,28.072,0.6518,1.276,50.387,12.731,10.997,1
2025-02-20,R15,29.185,0.5932,10.277,59.152,64.176,8.208,1
2025-02-21,R15,27.225,0.6028,18.899,57.655,92.183,6.772,1
2025-02-22,R15,31.402,0.5986,7.842,52.901,29.246,10.586,1
2025-02-23,R15,28.887,0.7386,4.129,56.197,33.705,11.305,1
2025-02-24,R15,30.919,0.6704,0.866,54.059,60.747,9.111,1
2025-02-25,R15,28.71,0.5572,14.333,59.783,62.343,7.873,1
2025-02-26,R15,26.533,0.6036,10.632,52.971,57.581,8.455,1
2025-02-27,R15,28.473,0.5974,20.258,63.336,88.925,6.67,0
2025-02-28,R15,31.265,0.6015,12.092,53.914,47.292,8.347,1
2025-03-01,R15,30.544,0.6493,8.183,48.564,38.725,10.124,1
2025-03-02,R15,31.635,0.5483,4.444,51.273,34.15,10.754,1
2025-03-03,R15,31.712,0.5038,0.264,54.212,22.852,11.553,1
2025-03-04,R15,32.659,0.7087,1.213,50.275,24.537,12.074,1
2025-03-05,R15,27.361,0.5902,5.695,54.047,65.944,9.146,1
2025-03-06,R15,33.652,0.5465,11.964,55.231,37.747,10.984,1
2025-03-07,R15,32.022,0.6485,4.514,62.548,30.486,9.644,1
2025-03-08,R15,27.686,0.5314,18.268,59.726,67.061,7.527,0
2025-03-09,R15,33.133,0.5398,5.914,55.535,28.667,10.554,1
2025-03-10,R15,32.664,0.6981,17.273,59.313,57.251,8.939,1
2025-03-11,R15,34.047,0.5563,20.664,57.478,63.402,9.417,1
2025-03-12,R15,29.245,0.7577,8.91,57.862,48.737,10.364,1
2025-03-13,R15,32.174,0.5877,15.258,59.721,86.966,7.898,1
2025-03-14,R15,29.848,0.5545,16.918,59.334,83.583,6.339,1
2025-03-15,R15,30.876,0.594,1.797,51.068,16.35,12.241,1
2025-03-16,R15,30.763,0.5599,7.727,57.195,37.233,10.714,1
2025-03-17,R15,32.16,0.5994,19.383,63.067,76.14,7.736,0
2025-03-18,R15,30.642,0.5649,3.564,51.127,41.796,9.372,1
2025-03-19,R15,31.311,0.5462,5.711,59.438,69.722,10.204,1
2025-03-20,R15,36.172,0.57,2.473,44.539,46.021,9.742,1
2025-03-21,R15,33.175,0.598,14.33,57.309,77.318,10.003,1
2025-03-22,R15,31.542,0.5182,5.764,52.011,62.728,9.865,1
2025-03-23,R15,31.493,0.4412,10.821,58.739,48.939,8.52,1
2025-03-24,R15,28.539,0.6194,7.858,59.486,69.99,7.657,1
2025-03-25,R15,30.232,0.5781,23.773,60.934,87.518,6.736,0
2025-03-26,R15,31.041,0.5531,11.922,55.609,63.327,10.465,1
2025-03-27,R15,35.529,0.5431,12.909,57.585,93.053,7.188,1
2025-03-28,R15,34.217,0.6411,8.594,48.455,78.113,8.739,1
2025-03-29,R15,32.905,0.5924,10.601,51.567,52.274,10.061,1
2025-03-30,R15,31.136,0.6143,23.343,60.454,72.795,9.78,1
2025-03-31,R15,33.614,0.5478,5.329,56.538,48.51,9.677,1
2025-04-01,R15,30.039,0.6069,10.48,60.141,46.114,8.798,1
2025-04-02,R15,32.271,0.6962,15.275,60.354,63.968,8.877,1
2025-04-03,R15,26.364,0.6163,5.795,49.536,44.839,8.895,1
2025-04-04,R15,34.364,0.563,5.752,53.73,26.189,11.118,1
2025-04-05,R15,33.087,0.5413,17.336,54.026,58.424,9.7,1
2025-04-06,R15,30.054,0.6198,14.756,62.617,64.167,6.86,0
2025-04-07,R15,31.214,0.5884,19.649,57.093,60.241,8.677,1
2025-04-08,R15,34.069,0.521,12.97,52.065,70.823,8.791,1
2025-04-09,R15,32.922,0.5027,12.458,60.158,85.634,7.231,0
2025-04-10,R15,29.887,0.6546,14.926,54.808,55.711,9.531,1
2025-04-11,R15,31.852,0.6029,7.035,51.278,85.317,6.742,1
2025-04-12,R15,31.716,0.6506,2.068,51.075,84.75,7.657,1
2025-04-13,R15,29.067,0.6505,21.875,66.002,77.921,7.258,0
2025-04-14,R15,29.944,0.5598,14.074,59.196,62.797,8.39,1
2025-04-15,R15,31.748,0.6015,1.61,51.517,33.995,10.177,1
2025-04-16,R15,32.904,0.6894,14.384,60.571,43.734,10.33,1
2025-04-17,R15,30.972,0.6169,7.766,52.231,39.534,10.316,1
2025-04-18,R15,31.338,0.6228,7.84,57.41,64.753,8.511,1
2025-04-19,R15,32.996,0.4882,37.377,62.16,69.635,8.367,0
2025-04-20,R15,31.026,0.5311,4.309,50.343,52.086,9.036,1
2025-04-21,R15,32.139,0.5183,7.982,55.412,69.636,8.193,1
2025-04-22,R15,27.684,0.5296,6.311,58.244,26.709,10.241,1
2025-04-23,R15,31.905,0.5313,8.043,56.028,52.51,10.682,1
2025-04-24,R15,30.899,0.6881,9.554,57.363,81.539,8.999,1
2025-04-25,R15,31.092,0.619,3.103,55.12,10.915,11.875,1
2025-04-26,R15,29.675,0.6147,11.481,55.003,46.892,9.339,1
2025-04-27,R15,30.586,0.5512,12.73,57.902,65.866,9.737,1
2025-04-28,R15,32.606,0.5925,5.771,57.146,50.114,9.709,1
2025-04-29,R15,31.322,0.6046,8.023,52.461,79.986,7.164,1
2025-04-30,R15,30.022,0.6153,20.709,62.346,48.002,8.678,1
2025-05-01,R15,30.044,0.7437,25.649,59.67,43.883,9.296,1
2025-05-02,R15,28.169,0.5412,38.981,70.862,53.818,8.983,0
2025-05-03,R15,31.115,0.6607,6.836,54.607,69.486,8.217,1
2025-05-04,R15,30.699,0.5525,12.212,54.573,56.193,8.859,1
2025-05-05,R15,30.896,0.6217,1.689,54.789,17.582,10.452,1
2025-05-06,R15,29.903,0.4921,8.637,55.861,32.454,9.432,1
2025-05-07,R15,30.936,0.6582,0.551,54.126,42.579,8.913,1
2025-05-08,R15,30.506,0.628,1.007,55.053,14.859,11.157,1
2025-05-09,R15,28.127,0.6004,34.189,68.163,53.358,7.83,0
2025-05-10,R15,30.373,0.6286,7.021,57.701,32.965,9.689,1
2025-05-11,R15,27.948,0.615,16.804,56.741,65.279,8.063,0
2025-05-12,R15,31.315,0.8396,2.881,58.689,72.191,7.716,1
2025-05-13,R15,31.357,0.5403,3.784,57.848,88.826,7.567,1
2025-05-14,R15,31.427,0.5267,5.334,50.093,24.48,9.428,1
2025-05-15,R15,30.793,0.6155,9.104,57.643,40.019,9.596,1
2025-05-16,R15,28.154,0.5551,10.426,57.037,45.924,8.292,1
2025-05-17,R15,27.743,0.5627,7.277,59.208,34.364,10.599,1
2025-05-18,R15,28.882,0.5725,3.668,48.29,59.523,8.311,1
2025-05-19,R15,30.831,0.5376,2.368,54.411,48.964,9.941,1
2025-05-20,R15,30.725,0.6526,24.844,60.913,62.949,8.115,1
2025-05-21,R15,28.261,0.7547,11.123,55.504,50.294,8.078,1
2025-05-22,R15,27.329,0.5698,4.429,57.351,57.336,6.959,1
2025-05-23,R15,29.165,0.6236,0.557,48.637,24.275,10.654,1
2025-05-24,R15,29.815,0.6631,7.163,58.223,47.537,8.227,1
2025-05-25,R15,28.863,0.5452,8.65,62.28,27.202,9.923,1
2025-05-26,R15,31.908,0.6704,18.489,58.644,53.195,9.555,1
2025-05-27,R15,29.09,0.6265,10.618,60.008,34.594,9.797,1
2025-05-28,R15,32.511,0.6246,2.28,54.11,9.591,11.152,1
2025-05-29,R15,30.522,0.6792,6.314,61.582,43.022,9.779,1
2025-05-30,R15,31.453,0.6314,6.598,54.101,42.151,9.024,1
2025-05-31,R15,26.891,0.6065,7.445,60.238,49.797,9.158,1
2025-06-01,R15,26.163,0.6262,3.742,52.269,45.754,7.934,1
2025-06-02,R15,30.607,0.6642,9.579,57.587,34.227,11.569,1
2025-06-03,R15,30.035,0.6087,14.125,57.784,45.166,9.846,1
2025-06-04,R15,26.821,0.7111,4.133,59.86,55.49,8.368,1
2025-06-05,R15,28.16,0.6097,11.322,56.98,56.349,8.535,1
2025-06-06,R15,32.545,0.6309,0.763,52.02,43.935,9.66,1
2025-06-07,R15,29.701,0.6689,10.913,55.691,40.073,9.024,1
2025-06-08,R15,33.089,0.6766,19.915,56.388,44.428,11.501,1
2025-06-09,R15,26.605,0.6663,1.685,56.81,57.145,8.036,1
2025-06-10,R15,26.511,0.6135,3.102,58.153,48.826,8.397,1
2025-06-11,R15,26.966,0.5987,1.215,56.045,53.83,7.154,1
2025-06-12,R15,26.396,0.5735,7.995,55.148,75.216,7.043,1
2025-06-13,R15,28.229,0.612,23.404,62.235,75.763,7.078,0
2025-06-14,R15,27.309,0.6399,5.142,53.879,39.916,8.611,1
2025-06-15,R15,26.478,0.579,9.467,58.25,36.236,7.685,1
2025-06-16,R15,27.851,0.7073,6.835,55.344,53.354,9.706,1
2025-06-17,R15,25.175,0.6302,20.046,63.359,48.706,8.834,1
2025-06-18,R15,27.47,0.5925,8.194,57.707,49.369,7.372,0
2025-06-19,R15,25.718,0.6046,1.789,57.114,18.672,9.134,1
2025-06-20,R15,27.092,0.6935,12.92,54.627,53.327,7.65,1
2025-06-21,R15,29.187,0.6132,1.463,50.156,45.204,9.29,1
2025-06-22,R15,27.594,0.7102,9.477,56.758,62.011,7.192,1
2025-06-23,R15,28.92,0.5353,1.298,58.957,54.744,9.589,1
2025-06-24,R15,28.336,0.5942,11.331,55.096,34.219,9.346,1
2025-06-25,R15,27.431,0.5414,36.562,69.828,80.016,7.434,0
2025-06-26,R15,25.663,0.7449,4.433,60.488,46.19,9.325,1
2025-06-27,R15,27.857,0.6188,4.032,62.04,14.979,10.153,1
2025-06-28,R15,27.631,0.6575,34.79,63.708,88.975,5.69,0
2025-06-29,R15,27.806,0.6931,0.778,53.747,40.169,8.977,1
2025-06-30,R15,27.228,0.5942,7.317,58.583,53.394,9.209,1
2025-07-01,R15,25.636,0.7085,2.97,57.19,80.697,7.21,1
2025-07-02,R15,28.329,0.5984,32.904,67.088,54.678,7.69,0
2025-07-03,R15,29.734,0.6806,6.916,57.857,72.154,9.019,1
2025-07-04,R15,31.277,0.5633,17.479,58.348,70.886,9.438,1
2025-07-05,R15,25.181,0.5984,17.294,61.419,88.22,5.937,0
2025-07-06,R15,27.577,0.6484,7.124,58.576,22.369,11.135,1
2025-07-07,R15,27.693,0.6204,19.34,62.541,100,5.805,0
2025-07-08,R15,27.024,0.5682,12.128,58.166,67.426,6.533,1
2025-07-09,R15,29.682,0.6153,1.64,56.408,80.512,5.924,1
2025-07-10,R15,25.424,0.6225,2.354,55.012,31.474,9.071,1
2025-07-11,R15,28.793,0.6323,3.545,51.379,38.235,10.14,1
2025-07-12,R15,24.772,0.6931,4.009,62.295,34.38,8.535,1
2025-07-13,R15,25.1,0.6137,5.345,59.092,71.822,6.214,1
2025-07-14,R15,27.695,0.5529,14.576,54.885,47.334,8.624,1
2025-07-15,R15,24.407,0.7544,20.771,65.118,56.442,7.624,0
2025-07-16,R15,27.489,0.4455,7.142,51.771,46.3,8.826,1
2025-07-17,R15,24.65,0.7697,1.771,57.136,25.17,7.437,1
2025-07-18,R15,27.208,0.5221,1.383,53.832,17.751,11.118,1
2025-07-19,R15,22.662,0.7039,11.271,66.588,54.949,6.038,0
2025-07-20,R15,25.491,0.6879,4.9,55.746,54.464,8.962,1
2025-07-21,R15,23.486,0.6539,13.192,59.385,56.185,8.412,0
2025-07-22,R15,24.605,0.6579,5.286,56.56,38.958,10.073,1
2025-07-23,R15,24.674,0.6388,20.174,64.748,64.989,7.368,0
2025-07-24,R15,27.164,0.6142,6.04,59.579,22.72,10.297,1
2025-07-25,R15,27.262,0.5653,13.765,59.1,56.707,8.264,1
2025-07-26,R15,26.508,0.7305,2.758,55.094,69.758,7.647,1
2025-07-27,R15,23.366,0.6814,3.714,57.912,71.33,5.324,0
2025-07-28,R15,22.814,0.721,3.984,55.792,39.765,8.521,1
2025-07-29,R15,21.613,0.6758,1.476,58.67,33.419,7.069,1
2025-07-30,R15,24.27,0.6253,8.185,54.517,56.597,9.94,1
2025-07-31,R15,23.582,0.7545,2.844,53.567,53.791,6.939,1
2025-08-01,R15,22.973,0.7402,13.034,54.4,37.965,9.092,1
2025-08-02,R15,26.299,0.542,3.574,54.533,7.46,10.56,1
2025-08-03,R15,22.259,0.636,6.649,55.086,28.409,7.973,1
2025-08-04,R15,22.107,0.663,3.91,56.782,54.508,6.868,1
2025-08-05,R15,22.257,0.6422,7.169,59.088,68.192,8.322,0
2025-08-06,R15,25.818,0.6584,0.179,62.614,5,10.623,1
2025-08-07,R15,25.914,0.6034,12.821,55.556,70.415,6.369,1
2025-08-08,R15,24.484,0.582,3.684,58.62,32.635,7.744,1
2025-08-09,R15,22.623,0.7066,4.037,54.293,65.684,8.061,1
2025-08-10,R15,21.628,0.7413,25.722,63.734,58.509,7.104,0
2025-08-11,R15,23.807,0.6088,2.704,57.944,35.056,8.526,1
2025-08-12,R15,21.4,0.6915,15.575,61.938,62.491,6.933,0
2025-08-13,R15,26.803,0.5811,16.239,65.698,61.734,7.312,0
2025-08-14,R15,24.175,0.7391,36.233,67.687,61.279,7.333,0
2025-08-15,R15,22.576,0.6446,7.194,57.536,49.779,6.522,0
2025-08-16,R15,23.003,0.6566,3.728,63.228,62.804,6.121,0
2025-08-17,R15,23.298,0.643,5.351,58.125,46.377,8.326,1
2025-08-18,R15,23.556,0.7422,3.73,54.434,61.439,7.612,0
2025-08-19,R15,22.935,0.7104,37.656,71.457,61.659,8.386,0
2025-08-20,R15,19.932,0.6578,11.584,63.766,65.364,7.205,0
2025-08-21,R15,25.07,0.6567,7.054,58.79,48.611,8.606,1
2025-08-22,R15,23.156,0.7201,10.172,62.442,65.665,5.769,0
2025-08-23,R15,22.788,0.6381,12.526,60.257,70.903,7.132,0
2025-08-24,R15,24.292,0.6774,7.401,59.673,24.114,10.248,1
2025-08-25,R15,21.869,0.6728,7.289,57.637,69.443,6.589,0
2025-08-26,R15,23.712,0.7765,5.811,61.608,49.174,7.667,0
2025-08-27,R15,22.304,0.7338,1.142,54.698,41.876,7.546,1
2025-08-28,R15,25.128,0.7188,4.762,62.483,32.151,8.263,1
2025-08-29,R15,20.612,0.6711,10.636,59.439,63.526,4.913,0
2025-08-30,R15,23.91,0.7643,3.382,60.828,35.621,7.584,1
2025-08-31,R15,21.24,0.6548,1.711,54.262,25.884,8.445,1
2025-09-01,R15,20.371,0.6607,8.913,66.695,16.692,9.012,0
2025-09-02,R15,24.181,0.6136,12.477,62.11,84.804,5.115,0
2025-09-03,R15,20.293,0.6878,3.478,52.726,47.697,8.314,1
2025-09-04,R15,20.927,0.6314,8.844,64.726,46.084,7.45,0
2025-09-05,R15,20.787,0.742,9.299,66.825,40.591,6.603,0
2025-09-06,R15,24.125,0.7017,6.032,56.997,50.82,7.588,0
2025-09-07,R15,23.234,0.6296,7.592,61.553,70.22,5.97,0
2025-09-08,R15,23.559,0.6688,15.889,64.029,49.713,6.683,0
2025-09-09,R15,23.108,0.6089,5.91,60.412,50.048,8.421,0
2025-09-10,R15,23.846,0.6819,29.356,66.528,91.64,5.705,0
2025-09-11,R15,23.62,0.625,4.874,56.647,46.675,7.179,1
2025-09-12,R15,22.747,0.676,7.746,59.84,50.982,7.139,1
2025-09-13,R15,21.764,0.6601,5.883,61.091,44.253,6.3,0
2025-09-14,R15,22.681,0.7582,10.869,64.573,70.777,7.808,0
2025-09-15,R15,23.606,0.7033,2.562,53.705,52.067,6.733,1
2025-09-16,R15,23.684,0.7467,7.422,67.982,70.615,5.961,0
2025-09-17,R15,20.171,0.7279,3.186,61.645,15.308,9.572,1
2025-09-18,R15,22.623,0.5547,23.058,60.939,67.543,6.725,0
2025-09-19,R15,21.854,0.7186,3.413,58.505,22.927,7.468,0
2025-09-20,R15,20.564,0.6172,1.767,55.261,77.976,7.252,0
2025-09-21,R15,21.571,0.6487,1.963,55.702,65.389,6.638,1
2025-09-22,R15,23.121,0.5992,5.507,58.625,53.987,8.439,1
2025-09-23,R15,21.793,0.6306,12.281,65.092,65.814,6.125,0
2025-09-24,R15,22.096,0.6062,7.529,56.957,46.571,6.297,0
2025-09-25,R15,22.79,0.6428,39.917,73.662,56.733,9.238,0
2025-09-26,R15,23.704,0.6803,5.224,60.204,41.222,8.534,1
2025-09-27,R15,25.361,0.734,4.553,53.96,54.169,6.767,1
2025-09-28,R15,24.204,0.6898,2.896,59.181,60.143,7.714,1
2025-09-29,R15,23.588,0.5783,15.069,66.066,59.949,6.689,0
2025-09-30,R15,22.754,0.5976,3.788,55.97,23.669,9.56,1
2025-10-01,R15,24.146,0.7182,23.518,64.009,48.234,8.035,0
2025-10-02,R15,23.143,0.6827,13.044,63.188,47.383,7.517,0
2025-10-03,R15,20.215,0.6871,7.734,62.378,61.204,7.131,0
2025-10-04,R15,17.741,0.6915,39.752,73.829,67.279,6.728,0
2025-10-05,R15,23.644,0.6832,1.242,55.951,40.654,7.641,1
2025-10-06,R15,21.479,0.7006,2.642,66.296,31.825,6.912,0
2025-10-07,R15,22.575,0.7234,7.143,64.586,36.758,8.215,0
2025-10-08,R15,22.565,0.635,20.56,58.103,48.475,9.431,1
2025-10-09,R15,21.513,0.7541,7.569,64.57,28.189,7.447,0
2025-10-10,R15,22.595,0.5663,6.508,56.784,63.681,7.102,1
2025-10-11,R15,25.328,0.6845,2.679,55.8,59.087,7.636,1
2025-10-12,R15,23.407,0.635,20.739,61.53,70.058,7.319,1
2025-10-13,R15,22.928,0.5702,12.728,59.215,76.289,6.43,0
2025-10-14,R15,22.9,0.6923,12.071,65.466,43.181,8.515,0
2025-10-15,R15,21.782,0.5791,6.323,60.34,65.677,5.109,0
2025-10-16,R15,22.962,0.702,12.949,62.378,43.238,6.91,0
2025-10-17,R15,21.402,0.7397,10.874,59.821,50.281,7.242,0
2025-10-18,R15,23.005,0.6036,3.36,55.398,47.151,6.043,0
2025-10-19,R15,20.277,0.68,2.067,59.348,15.783,9.076,1
2025-10-20,R15,27.103,0.5982,2.437,56.121,27.767,8.811,1
2025-10-21,R15,19.188,0.7289,1.046,57.112,15.957,7.855,1
2025-10-22,R15,22.933,0.7349,12.548,62.673,37.256,8.952,1
2025-10-23,R15,26.013,0.6802,9.701,64.716,83.142,7.189,0
2025-10-24,R15,23.795,0.6535,12.408,58.885,64.767,5.967,0
2025-10-25,R15,24.683,0.6626,2.088,62.72,23.798,8.925,1
2025-10-26,R15,21.862,0.804,6.548,57.449,54.64,6.771,0
2025-10-27,R15,20.243,0.6932,9.823,66.632,60.867,6.44,0
2025-10-28,R15,22.47,0.6521,1.838,59.659,48.571,6.51,0
2025-10-29,R15,21.862,0.703,9.003,56.281,60.201,6.942,1
2025-10-30,R15,20.324,0.7145,2.316,59.716,23.36,9.14,0
2025-10-31,R15,22.022,0.7084,7.187,59.531,33.998,8.725,0
2025-11-01,R15,24.476,0.5924,6.591,61.584,60.3,8.103,0
2025-11-02,R15,21.939,0.7176,8.72,63.332,35.98,8.432,0
2025-11-03,R15,20.965,0.6818,11.246,58.108,62.663,5.371,0
2025-11-04,R15,24.335,0.68,6.565,64.859,56.834,6.855,0
2025-11-05,R15,24.617,0.6029,8.491,58.707,65.825,6.576,1
2025-11-06,R15,23.532,0.6198,4.436,60.934,53.636,7.946,0
2025-11-07,R15,21.134,0.7057,10.178,64.181,60.177,7.243,1
2025-11-08,R15,23.953,0.6754,7.469,55.75,26.819,9.456,1
2025-11-09,R15,25.909,0.6533,1.28,55.948,34.513,7.476,1
2025-11-10,R15,17.961,0.7588,8.855,62.616,40.904,8.238,0
2025-11-11,R15,23.781,0.7295,0.809,55.05,27.542,9.458,1
2025-11-12,R15,22.768,0.644,9.774,58.578,37.024,8.676,1
2025-11-13,R15,23.162,0.6392,7.683,63.301,32.189,7.035,0
2025-11-14,R15,22.59,0.5721,23.252,64.515,49.616,7.748,0
2025-11-15,R15,22.634,0.6284,15.111,65.366,40.71,7.74,0
2025-11-16,R15,20.944,0.7212,9.748,65.866,79.764,5.926,0
2025-11-17,R15,23.398,0.7178,5.24,55.738,32.634,8.919,1
2025-11-18,R15,22.024,0.6889,13.637,62.917,60.205,7.311,1
2025-11-19,R15,24.398,0.7971,9.256,60.751,53.651,7.939,1
2025-11-20,R15,25.354,0.7393,3.287,51.402,67.3,6.67,1
2025-11-21,R15,23.296,0.622,21.036,62.965,60.685,7.262,0
2025-11-22,R15,22.593,0.7811,4.291,66.47,53.481,7.738,0
2025-11-23,R15,25.589,0.5976,2.736,61.14,37.501,8.061,1
2025-11-24,R15,22.206,0.7508,10.917,60.161,76.107,5.266,0
2025-11-25,R15,22.29,0.6673,5.343,59.885,59.82,5.934,0
2025-11-26,R15,23.569,0.6334,24.077,68.723,56.224,7.962,0
2025-11-27,R15,20.079,0.7093,11.59,64.978,67.242,6.849,0
2025-11-28,R15,21.491,0.7543,10.407,64.518,40.349,7.058,0
2025-11-29,R15,24.101,0.6635,13.385,60.102,50.17,8.348,0
2025-11-30,R15,27.751,0.6863,3.559,52.579,73.626,6.696,1
2025-12-01,R15,24.095,0.6258,7.03,60.187,79.847,5.707,0
2025-12-02,R15,22.102,0.7472,5.349,58.416,37.325,7.576,0
2025-12-03,R15,23.359,0.7483,11.278,57.575,58.09,6.387,1
2025-12-04,R15,25.297,0.6054,3.658,57.395,42.097,8.361,1
2025-12-05,R15,24.27,0.6259,2.353,57.924,18.82,9.769,1
2025-12-06,R15,25.575,0.5538,3.427,57.87,39.512,8.067,1
2025-12-07,R15,22.431,0.7051,2.073,59.946,19.844,9.261,1
2025-12-08,R15,28.12,0.5496,4.313,52.967,50.227,7.596,1
2025-12-09,R15,26.781,0.5811,0.934,56.898,31.328,8.626,1
2025-12-10,R15,25.76,0.6675,10.797,59.681,98.728,5.505,0
2025-12-11,R15,25.89,0.6146,18.96,63.342,62.391,8.988,1
2025-12-12,R15,24.507,0.5745,1.605,60.774,31.338,9.579,1
2025-12-13,R15,22.442,0.7385,3.288,65.977,56.195,6.978,0
2025-12-14,R15,24.908,0.7321,29.496,69.061,52.452,6.801,0
2025-12-15,R15,23.081,0.6513,11.702,55.535,76.321,5.793,0
2025-12-16,R15,24.387,0.6665,12.617,61.68,65.899,7.121,0
2025-12-17,R15,25.742,0.6495,8.139,62.959,64.785,6.134,0
2025-12-18,R15,25.151,0.692,2.34,57.145,75.528,6.652,1
2025-12-19,R15,26.301,0.6521,7.918,59.059,55.718,8.507,1
2025-12-20,R15,25.576,0.6641,12.906,62.205,31.619,8.956,1
2025-12-21,R15,24.082,0.6378,31.746,73.255,43.499,8.434,0
2025-12-22,R15,25.335,0.5869,8.059,61.12,34.769,8.246,1
2025-12-23,R15,26.448,0.6649,5.681,61.758,67.237,7.141,1
2025-12-24,R15,29.657,0.5041,5.017,54.703,43.262,9.096,1
2025-12-25,R15,24.994,0.7188,7.046,56.348,27.91,8.543,1
2025-12-26,R15,26.046,0.6391,22.323,65.142,88.385,7.324,0
2025-12-27,R15,24.941,0.668,12.306,60.123,69.376,6.889,0
2025-12-28,R15,26.132,0.6653,21.109,62.907,56.409,8.007,0
2025-12-29,R15,28.374,0.5855,38.785,61.024,76.141,6.171,0
2025-12-30,R15,26.371,0.5778,5.247,59.638,60.416,6.976,0
2025-12-31,R15,26.752,0.6239,9.966,52.804,71.559,6.918,0
2025-01-01,R16,29.548,0.2785,1.463,21.878,40.832,8.339,1
2025-01-02,R16,29.85,0.3679,31.716,26.281,76.666,7.404,1
2025-01-03,R16,29.906,0.3002,3.513,26.375,63.706,8.703,1
2025-01-04,R16,28.576,0.5029,13.032,23.475,71.358,6.395,1
2025-01-05,R16,29.029,0.462,8.281,21.487,49.192,9.141,1
2025-01-06,R16,31.264,0.3838,6.491,26.179,51.961,9.671,1
2025-01-07,R16,31.371,0.3094,7.974,20.81,100,6.387,1
2025-01-08,R16,31.759,0.4947,9.388,27.759,61.138,10.011,1
2025-01-09,R16,31.562,0.5511,3.097,21.432,56.285,9.4,1
2025-01-10,R16,31.795,0.4258,2.259,20.318,20.245,11.636,1
2025-01-11,R16,29.301,0.4704,1.925,21.805,50.413,8.832,1
2025-01-12,R16,34.643,0.4049,3.062,14.74,56.959,10.191,1
2025-01-13,R16,33.215,0.2696,11.836,22.073,72.162,10.355,1
2025-01-14,R16,30.314,0.4855,10.8,21.977,49.675,7.801,1
2025-01-15,R16,29.09,0.4226,13.698,16.564,63.203,7.22,1
2025-01-16,R16,31.16,0.3743,6.476,23.062,39.925,9.802,1
2025-01-17,R16,30.364,0.484,4.71,15.489,60.67,9.414,1
2025-01-18,R16,34.017,0.4013,14.536,21.84,64.388,10.195,1
2025-01-19,R16,29.757,0.3315,2.749,19.158,15.864,11.315,1
2025-01-20,R16,31.099,0.3909,6.783,14.531,66.282,7.04,1
2025-01-21,R16,31.024,0.3957,38.708,30.612,75.236,7.047,1
2025-01-22,R16,30.587,0.3923,18.398,21.278,70.406,7.3,1
2025-01-23,R16,28.799,0.3749,15.038,25.202,67.04,6.224,1
2025-01-24,R16,31.322,0.3533,13.727,23.106,60.396,9.562,1
2025-01-25,R16,28.555,0.3948,10.28,20.964,78.786,7.783,1
2025-01-26,R16,30.07,0.3622,5.866,24.235,32.723,8.408,1
2025-01-27,R16,29.722,0.361,9.76,20.49,74.532,6.977,1
2025-01-28,R16,30.046,0.4533,14.525,26.781,52.937,8.12,1
2025-01-29,R16,26.826,0.5144,11.097,26.111,42.099,9.393,1
2025-01-30,R16,32.461,0.4532,21.362,26.34,38.562,11.478,1
2025-01-31,R16,32.733,0.5446,1.356,15.482,51.244,9.757,1
2025-02-01,R16,32.887,0.3882,10.824,20.17,65.866,10.209,1
2025-02-02,R16,32.557,0.3695,20.722,20.378,66.381,8.748,1
2025-02-03,R16,30.462,0.4741,2.815,18.077,41.95,10.06,1
2025-02-04,R16,31.81,0.402,4.747,17.223,56.487,9.409,1
2025-02-05,R16,31.47,0.4625,6.928,22.179,82.142,7.835,1
2025-02-06,R16,33.198,0.3802,2.14,14.757,53.455,10.103,1
2025-02-07,R16,32.192,0.529,5.089,22.54,58.063,9.149,1
2025-02-08,R16,34.165,0.381,5.856,20.861,59.723,9.021,1
2025-02-09,R16,31.435,0.4153,3.044,17.108,63.228,8.788,1
2025-02-10,R16,26.697,0.4605,0.824,17.269,31.771,8.842,1
2025-02-11,R16,29.134,0.3137,2.401,21.183,35.297,8.777,1
2025-02-12,R16,34.98,0.3013,2.512,20.13,12.316,12.89,1
2025-02-13,R16,33.619,0.3838,2.533,22.296,51.268,9.287,1
2025-02-14,R16,32.461,0.3731,2.059,19.725,22.232,11.267,1
2025-02-15,R16,32.137,0.3541,7.862,21.667,63.347,7.163,1
2025-02-16,R16,33.958,0.3742,2.28,18.544,32.978,11.587,1
2025-02-17,R16,32.134,0.3951,3.426,15.51,77.622,7.194,1
2025-02-18,R16,31.232,0.3153,9.722,25.165,45.632,9.005,1
2025-02-19,R16,32.479,0.3044,6.118,19.094,44.517,9.46,1
2025-02-20,R16,34.029,0.5267,1.531,16.724,49.089,10.471,1
2025-02-21,R16,33.662,0.2945,0.76,18.108,31.908,9.734,1
2025-02-22,R16,33.853,0.3733,0.943,15.623,64.494,7.525,1
2025-02-23,R16,31.257,0.4791,3.862,20.319,44.016,10.48,1
2025-02-24,R16,36.294,0.28,17.603,26.326,60.096,10.789,1
2025-02-25,R16,36.188,0.2686,16.627,20.292,93.43,8.241,1
2025-02-26,R16,29.675,0.4091,3.24,15.756,43.44,10.137,1
2025-02-27,R16,31.399,0.3292,1.284,19.318,58.4,8.532,1
2025-02-28,R16,33.424,0.4766,8.516,20.957,42.589,10.58,1
2025-03-01,R16,33.516,0.3886,10.261,23.311,52.917,11.095,1
2025-03-02,R16,32.85,0.2798,7.303,20.215,58.607,9.097,1
2025-03-03,R16,35.231,0.3804,3.765,17.366,64.23,8.515,1
2025-03-04,R16,32.826,0.3818,13.347,24.741,49.399,9.984,1
2025-03-05,R16,33.416,0.4113,0.844,18.572,31.243,10.535,1
2025-03-06,R16,34.756,0.3507,1.527,26.549,55.814,9.27,1
2025-03-07,R16,32.514,0.2921,4.766,17.573,41.804,11.772,1
2025-03-08,R16,34.208,0.3558,34.114,31.211,78.293,8.736,1
2025-03-09,R16,34.042,0.3155,9.836,21.95,43.536,9.99,1
2025-03-10,R16,35.199,0.3721,8.955,20.501,57.717,10.967,1
2025-03-11,R16,33.479,0.315,18.555,28.239,62.531,10.477,1
2025-03-12,R16,31.95,0.3926,5.232,18.19,26.533,11.192,1
2025-03-13,R16,32.34,0.3923,2.5,18.124,16.151,10.44,1
2025-03-14,R16,32.342,0.381,21.955,30.351,58.926,8.244,1
2025-03-15,R16,30.733,0.4874,30.104,28.72,53.505,9.049,1
2025-03-16,R16,34.579,0.3506,31.341,30.051,85.477,7.401,1
2025-03-17,R16,34.03,0.3022,6.936,10.938,65.459,9.302,1
2025-03-18,R16,33.282,0.3484,28.759,34.924,63.303,8.346,1
2025-03-19,R16,35.137,0.3429,14.725,21.322,43.839,10.013,1
2025-03-20,R16,29.819,0.4672,23.215,32.245,53.328,8.213,1
2025-03-21,R16,32.689,0.3227,11.91,21.243,65.485,8.578,1
2025-03-22,R16,34.074,0.2925,1.944,16.172,40.586,11.385,1
2025-03-23,R16,33.593,0.3373,9.483,20.474,37.94,9.931,1
2025-03-24,R16,34.018,0.4062,2.844,18.535,62.993,9.769,1
2025-03-25,R16,32.086,0.494,4.427,23.557,53.969,9.987,1
2025-03-26,R16,32.656,0.3291,20.431,28.471,58.311,8.704,1
2025-03-27,R16,33.223,0.5049,9.121,17.846,64.382,8.527,1
2025-03-28,R16,32.747,0.4608,16.712,25.055,52.064,9.555,1
2025-03-29,R16,33.394,0.2735,22.607,27.452,37.574,12.083,1
2025-03-30,R16,35.122,0.3379,11.994,15.657,38.816,9.813,1
2025-03-31,R16,33.327,0.3632,11.311,19.635,72.387,9.336,1
2025-04-01,R16,32.943,0.488,17.512,26.901,74.104,8.98,1
2025-04-02,R16,36.33,0.346,16.234,17.488,58.595,10.444,1
2025-04-03,R16,33.174,0.3187,13.762,20.65,67.63,9.031,1
2025-04-04,R16,33.442,0.3926,13.258,22.582,47.09,9.212,1
2025-04-05,R16,33.332,0.3958,18.803,22.552,61.801,7.107,1
2025-04-06,R16,31.792,0.4423,19.372,23.48,73.683,7.51,1
2025-04-07,R16,32.881,0.3805,9.383,20.126,20.99,10.609,1
2025-04-08,R16,32.495,0.3115,7.744,18.712,59.256,8.153,1
2025-04-09,R16,31.784,0.2831,6.797,15.791,41.14,9.862,1
2025-04-10,R16,33.823,0.3643,0.093,11.751,14.284,11.015,1
2025-04-11,R16,33.497,0.433,1.399,14.204,43.491,11.014,1
2025-04-12,R16,35.287,0.4246,6.672,18.965,64.17,8.385,1
2025-04-13,R16,35.031,0.3516,4.458,19.345,71.293,9.075,1
2025-04-14,R16,35.993,0.3239,9.535,22.485,68.756,9.432,1
2025-04-15,R16,35.493,0.3654,8.394,15.538,63.332,9.698,1
2025-04-16,R16,32.44,0.3172,14.148,26.646,53.905,8.552,1
2025-04-17,R16,31.988,0.3431,15.451,28.136,45.856,10.028,1
2025-04-18,R16,33.381,0.3415,17.544,27.122,60.155,8.652,1
2025-04-19,R16,32.302,0.3232,6.45,19.686,29.291,9.993,1
2025-04-20,R16,36.963,0.3166,2.799,17.34,43.73,10.411,1
2025-04-21,R16,32.512,0.4522,22.897,26.756,48.793,10.021,1
2025-04-22,R16,33.711,0.3435,16.686,27.307,64.43,6.267,1
2025-04-23,R16,29.778,0.4477,0.296,23.784,50.881,8.593,1
2025-04-24,R16,32.352,0.497,8.461,23.948,48.114,8.698,1
2025-04-25,R16,33.001,0.2601,3.07,18.07,40.393,11.861,1
2025-04-26,R16,33.196,0.3458,20.625,27.675,61.471,9.557,1
2025-04-27,R16,34.835,0.4004,14.795,25.797,38.634,10.883,1
2025-04-28,R16,31.401,0.4596,2.964,15.517,74.363,7.808,1
2025-04-29,R16,36.64,0.3705,21.891,28.435,62.31,10.184,1
2025-04-30,R16,34.224,0.3588,6.854,13.039,37.972,10.37,1
2025-05-01,R16,34.312,0.3469,6.382,18.235,49.013,8.412,1
2025-05-02,R16,35.204,0.288,2.68,18.187,40.396,10.467,1
2025-05-03,R16,32.165,0.4043,1.614,20.585,37.598,11.681,1
2025-05-04,R16,33.813,0.4753,5.583,17.039,64.085,8.834,1
2025-05-05,R16,33.629,0.3574,10.039,24.663,51.715,8.877,1
2025-05-06,R16,31.06,0.2819,0.268,20.367,11.914,10.963,1
2025-05-07,R16,32.911,0.4246,8.581,18.838,27.14,11.482,1
2025-05-08,R16,34.009,0.4485,3.22,17.385,63.37,9.766,1
2025-05-09,R16,33.715,0.2901,12.605,19.25,41.1,8.999,1
2025-05-10,R16,33.595,0.3561,13.44,26.295,63.954,8.33,1
2025-05-11,R16,32.653,0.3463,2.677,11.142,29.975,9.411,1
2025-05-12,R16,31.481,0.4086,16.651,23.259,38.418,10.074,1
2025-05-13,R16,31.892,0.407,0.453,15.177,8.356,13.105,1
2025-05-14,R16,35.016,0.395,7.387,19.12,43.015,9.968,1
2025-05-15,R16,31.521,0.3514,7.579,19.462,55.369,9.924,1
2025-05-16,R16,31.47,0.4557,5.643,20.854,34.354,11.04,1
2025-05-17,R16,33.1,0.5075,13.289,24.493,59.505,8.587,1
2025-05-18,R16,34.381,0.3224,3.954,16.898,43.578,10.386,1
2025-05-19,R16,33.148,0.3503,7.312,19.186,31.432,10.826,1
2025-05-20,R16,31.872,0.4051,4.597,20.431,59.798,8.648,1
2025-05-21,R16,30.414,0.4288,5.818,19.105,45.53,9.411,1
2025-05-22,R16,33.017,0.3649,1.314,17.826,47.359,9.985,1
2025-05-23,R16,32.634,0.327,14.214,19.406,58.686,9.347,1
2025-05-24,R16,31.302,0.2825,7.328,26.898,74.129,8.255,1
2025-05-25,R16,32.236,0.2633,15.611,24.425,70.869,8.764,1
2025-05-26,R16,29.861,0.427,15.659,23.546,57.15,8.905,1
2025-05-27,R16,35.065,0.2826,22.731,22.332,51.619,9.863,1
2025-05-28,R16,32.399,0.3631,7.622,23.121,73.443,8.538,1
2025-05-29,R16,33.607,0.3648,6.339,16.028,30.461,10.546,1
2025-05-30,R16,31.447,0.2551,2.35,20.458,33.275,11.317,1
2025-05-31,R16,33.161,0.3936,1.441,21.561,34.821,11.214,1
2025-06-01,R16,30.337,0.4194,8.48,22.781,48.583,8.429,1
2025-06-02,R16,30.252,0.3119,4.096,19.616,79.213,8.045,1
2025-06-03,R16,30.732,0.3459,16.753,21.291,76.422,8.495,1
2025-06-04,R16,29.37,0.3857,10.006,26.387,61.845,8.432,1
2025-06-05,R16,31.482,0.4023,19.412,19.774,38.012,9.907,1
2025-06-06,R16,31.947,0.4505,2.865,19.277,38.038,8.908,1
2025-06-07,R16,32.514,0.362,5.23,15.744,34.625,9.974,1
2025-06-08,R16,31.207,0.4971,9.791,19.105,54.491,10.539,1
2025-06-09,R16,32.505,0.3979,6.449,18.95,36.318,10.338,1
2025-06-10,R16,32.753,0.3417,43.602,29.253,66.231,8.07,1
2025-06-11,R16,28.681,0.4373,7.502,22.833,91.031,8.254,1
2025-06-12,R16,30.858,0.4293,3.998,22.065,47.719,9.784,1
2025-06-13,R16,30.767,0.5387,23.245,22.752,57.874,7.998,1
2025-06-14,R16,33.692,0.3801,11.813,21.765,73.194,8.829,1
2025-06-15,R16,30.514,0.3468,6.521,22.128,58.523,8.827,1
2025-06-16,R16,28.62,0.5177,10.059,22.134,52.68,7.519,1
2025-06-17,R16,30.379,0.3875,2.945,18.11,22.822,10.592,1
2025-06-18,R16,30.253,0.5381,10.177,19.432,64.303,9.509,1
2025-06-19,R16,28.381,0.5077,3.387,20.355,36.588,8.604,1
2025-06-20,R16,28.103,0.338,13.923,24.803,60.645,7.181,1
2025-06-21,R16,29.83,0.4591,28.772,28.787,58.419,10.077,1
2025-06-22,R16,29.759,0.4615,11.689,25.207,68.363,7.228,1
2025-06-23,R16,31.362,0.483,7.623,26.892,58.058,8.837,1
2025-06-24,R16,29.275,0.4853,22.295,31.676,65.8,7.989,1
2025-06-25,R16,28.606,0.444,5.255,24.446,51.247,7.601,1
2025-06-26,R16,30.947,0.4459,10.804,25.705,70.591,8.683,1
2025-06-27,R16,31.088,0.3482,11.111,23.95,44.064,7.971,1
2025-06-28,R16,31.699,0.3963,5.848,24.534,40.866,10.547,1
2025-06-29,R16,31.759,0.5185,14.695,23.158,42.795,9.285,1
2025-06-30,R16,29.768,0.4038,12.498,21.017,70.468,7.804,1
2025-07-01,R16,30.982,0.3917,7.958,17.617,32.251,11.041,1
2025-07-02,R16,31.302,0.4225,2.951,21.087,20.757,11.938,1
2025-07-03,R16,31.084,0.2786,7.5,20.894,55.846,7.635,1
2025-07-04,R16,29.506,0.4423,38.301,32.237,78.25,8.538,1
2025-07-05,R16,30.715,0.4193,0.394,18.49,66.907,8.07,1
2025-07-06,R16,32.209,0.4548,7.649,17.372,65.225,7.979,1
2025-07-07,R16,26.335,0.5346,4.529,28.139,37.21,7.785,1
2025-07-08,R16,26.154,0.4492,27.729,27.858,51.838,8.405,1
2025-07-09,R16,29.987,0.3395,12.039,19.835,51.23,8.17,1
2025-07-10,R16,30.678,0.4363,14.898,28.606,58.937,9.944,1
2025-07-11,R16,32.938,0.4047,10.267,23.491,76.7,8.665,1
2025-07-12,R16,30.987,0.3924,0.844,21.693,5,10.463,1
2025-07-13,R16,25.782,0.4404,8.144,25.983,41.278,8.863,1
2025-07-14,R16,24.939,0.5075,6.496,29.704,52.313,9.506,1
2025-07-15,R16,30.653,0.4627,1.185,19.699,35.758,10.501,1
2025-07-16,R16,30.892,0.3581,7.543,20.684,63.232,8.406,1
2025-07-17,R16,30.213,0.3954,2.354,19.953,30.285,8.878,1
2025-07-18,R16,30.004,0.5457,7.105,25.419,30.803,9.361,1
2025-07-19,R16,29.499,0.4237,4.668,19.373,61.801,7.985,1
2025-07-20,R16,28.758,0.4198,2.629,22.891,47.715,8.337,1
2025-07-21,R16,25.793,0.5108,16.614,31.168,53.43,9.359,1
2025-07-22,R16,30.341,0.3206,15.927,26.138,60.532,7.919,1
2025-07-23,R16,25.845,0.4468,1.097,20.626,36.686,8.999,1
2025-07-24,R16,27.873,0.4673,2.504,24.112,24.891,10.338,1
2025-07-25,R16,25.124,0.4952,16.294,23.5,52.35,8.049,1
2025-07-26,R16,24.2,0.4231,2.75,22.591,10.939,9.203,1
2025-07-27,R16,25.962,0.4591,2.931,23.632,32.776,7.943,1
2025-07-28,R16,28.941,0.4431,4.181,13.94,62.172,7.649,1
2025-07-29,R16,26.41,0.4225,4.949,23.131,32.873,9.532,1
2025-07-30,R16,29.118,0.3998,3.092,17.28,28.638,9.609,1
2025-07-31,R16,28.449,0.4362,3.951,20.144,25.131,11.052,1
2025-08-01,R16,27.762,0.4212,9.18,21.806,35.47,8.405,1
2025-08-02,R16,27.204,0.3649,24.682,33.853,84.752,8.431,1
2025-08-03,R16,29.549,0.4258,5.83,24.534,58.331,8.818,1
2025-08-04,R16,27.413,0.4914,14.083,19.926,69.467,6.866,1
2025-08-05,R16,24.088,0.5224,8.443,26.319,91.993,5.416,1
2025-08-06,R16,27.096,0.5965,9.846,23.06,83.66,7.44,1
2025-08-07,R16,28.069,0.4348,11.076,22.634,81.45,6.964,1
2025-08-08,R16,29.474,0.3908,1.613,21.673,13.918,10.038,1
2025-08-09,R16,26.104,0.4703,7.212,25.215,49.827,7.504,1
2025-08-10,R16,29.905,0.3751,2.204,23.08,67.194,7.602,1
2025-08-11,R16,25.137,0.429,2.476,16.829,40.623,8.309,1
2025-08-12,R16,25.053,0.3887,1.398,20.54,37.939,8.634,1
2025-08-13,R16,28.141,0.4118,1.889,20.104,54.198,7.521,1
2025-08-14,R16,27.754,0.4597,7.219,20.512,57.013,8.654,1
2025-08-15,R16,27.632,0.493,3.775,23.01,26.566,10.092,1
2025-08-16,R16,27.687,0.4238,11.334,23.736,64.662,8.558,1
2025-08-17,R16,22.522,0.4681,2.467,24.705,24.176,10.606,1
2025-08-18,R16,24.84,0.4449,4.508,25.002,48.231,8.432,1
2025-08-19,R16,25.756,0.4536,0.237,21.583,27.244,10.035,1
2025-08-20,R16,27.142,0.4202,10.086,25.13,52.061,8.933,1
2025-08-21,R16,26.308,0.5026,2.675,24.469,30.903,9.486,1
2025-08-22,R16,24.767,0.4355,15.077,28.575,33.842,8.607,1
2025-08-23,R16,27.278,0.5135,5.137,16.902,70.396,6.751,1
2025-08-24,R16,28.424,0.4323,2.13,18.584,42.844,10.623,1
2025-08-25,R16,23.776,0.4552,14.353,22.724,41.354,8.618,1
2025-08-26,R16,22.928,0.4991,1.865,23.145,5,9.366,1
2025-08-27,R16,26.28,0.4332,4.54,27.027,47.006,7.442,1
2025-08-28,R16,27.393,0.4703,0.918,17.691,21.102,10.325,1
2025-08-29,R16,26.518,0.3915,0.923,21.397,11.941,9.607,1
2025-08-30,R16,27.16,0.4315,3.792,20.896,66.122,8.136,1
2025-08-31,R16,26.255,0.5079,4.388,24.044,68.629,6.216,1
2025-09-01,R16,28.332,0.5174,13.493,22.756,60.732,7.968,1
2025-09-02,R16,24.52,0.52,8.572,23.691,45.072,7.822,1
2025-09-03,R16,22.131,0.408,12.414,30.605,72.753,6.376,1
2025-09-04,R16,24.126,0.4272,3.596,21.51,48.385,7.878,1
2025-09-05,R16,26.48,0.3984,4.657,24.145,68.816,6.92,1
2025-09-06,R16,23.811,0.3954,17.258,23.087,51.393,7.756,1
2025-09-07,R16,24.724,0.5326,17.327,26.758,47.101,7.706,1
2025-09-08,R16,27.795,0.4179,3.267,22.811,53.657,8.64,1
2025-09-09,R16,27.202,0.4134,4.466,19.576,57.495,8.33,1
2025-09-10,R16,27.338,0.4023,22.005,28.491,67.828,8.157,1
2025-09-11,R16,25.091,0.4068,12.605,30.755,69.611,6.528,1
2025-09-12,R16,25.545,0.4603,9.794,21.444,57.148,7.993,1
2025-09-13,R16,24.748,0.4144,5.561,25.881,28.287,10.002,1
2025-09-14,R16,25.631,0.4352,4.726,22.232,64.557,5.423,1
2025-09-15,R16,25.291,0.3614,4.236,22.141,35.844,7.108,1
2025-09-16,R16,23.866,0.4944,1.008,19.97,34.369,8.593,1
2025-09-17,R16,25.006,0.4229,5.117,29.002,68.679,6.622,1
2025-09-18,R16,24.09,0.3657,4.046,25.456,45.56,7.724,1
2025-09-19,R16,25.803,0.5125,10.274,28.802,64.861,8.44,1
2025-09-20,R16,26.383,0.4018,6.374,26.199,75.545,8.28,1
2025-09-21,R16,26.717,0.4818,15.977,26.272,47.71,7.337,1
2025-09-22,R16,23.16,0.4977,34.313,28.152,85.332,5.476,1
2025-09-23,R16,26.299,0.4706,6.8,21.162,34.672,9.527,1
2025-09-24,R16,22.765,0.4526,0.285,19.718,5,10.949,1
2025-09-25,R16,26.296,0.3264,1.978,26.429,43.247,9.081,1
2025-09-26,R16,25.86,0.5286,0.69,20.425,15.232,9.908,1
2025-09-27,R16,27.592,0.4472,4.122,21.978,14.754,10.348,1
2025-09-28,R16,24.018,0.3654,7.095,22.792,71.351,6.344,1
2025-09-29,R16,24.826,0.421,20.571,32.878,69.362,7.273,1
2025-09-30,R16,25.935,0.4306,0.863,26.603,15.177,8.349,1
2025-10-01,R16,26.118,0.4307,26.708,34.119,57.406,8.284,1
2025-10-02,R16,24.207,0.5357,9.095,19.361,69.645,6.654,1
2025-10-03,R16,26.636,0.4838,6.43,26.635,57.74,8.505,1
2025-10-04,R16,23.754,0.3358,9.469,24.073,64.205,7.074,1
2025-10-05,R16,25.018,0.3626,8.809,27.195,44.163,7.779,1
2025-10-06,R16,22.673,0.4875,12.322,24.778,68.354,7.327,1
2025-10-07,R16,25.644,0.5198,3.299,22.728,38.868,9.12,1
2025-10-08,R16,26.74,0.578,12.797,30.42,69.499,8.242,1
2025-10-09,R16,21.334,0.4442,10.456,29.528,57.626,7.712,1
2025-10-10,R16,23.681,0.5566,5.37,24.42,73.226,7.444,1
2025-10-11,R16,24.817,0.5018,39.406,37.595,58.05,7.71,1
2025-10-12,R16,25.3,0.561,14.119,32.581,53.427,8.151,1
2025-10-13,R16,24.926,0.377,7.895,25.455,37.64,9.691,1
2025-10-14,R16,23.683,0.4902,21.441,24.023,66.519,6.643,1
2025-10-15,R16,24.535,0.6029,19.962,30.146,49.018,8.244,1
2025-10-16,R16,26.192,0.4779,8.02,26.741,61.644,8.865,1
2025-10-17,R16,25.305,0.4369,6.501,22.658,30.72,10.823,1
2025-10-18,R16,29.609,0.3916,4.24,20.951,63.907,7.487,1
2025-10-19,R16,25.578,0.3991,2.488,16.003,48.059,8.22,1
2025-10-20,R16,26.554,0.4532,4.418,22.996,41.193,8.122,1
2025-10-21,R16,28.096,0.3732,9.332,19.533,52.25,8.259,1
2025-10-22,R16,24.433,0.3797,14.447,22.707,61.997,6.985,1
2025-10-23,R16,26.003,0.4663,6.032,21.195,42.015,8.01,1
2025-10-24,R16,25.969,0.5488,0.521,24.659,22.519,8.346,1
2025-10-25,R16,26.692,0.4805,9.985,26.362,26.872,9.04,1
2025-10-26,R16,27.935,0.4759,1.498,18.581,25.36,10.432,1
2025-10-27,R16,26.526,0.4777,15.542,22.225,70.283,8.85,1
2025-10-28,R16,24.187,0.4618,9.097,26.489,67.964,7.098,1
2025-10-29,R16,24.332,0.4842,5.703,24.097,74.083,8.305,1
2025-10-30,R16,25.844,0.4763,0.605,23.012,13.785,10.258,1
2025-10-31,R16,27.532,0.4571,19.285,31.131,88.85,6.491,1
2025-11-01,R16,23.135,0.4473,7.104,28.368,50.936,6.468,1
2025-11-02,R16,24.389,0.5631,8.649,24.522,57.984,7.785,1
2025-11-03,R16,27.885,0.3716,22.045,29.049,57.134,7.266,1
2025-11-04,R16,23.965,0.4379,2.585,21.803,59.47,7.233,1
2025-11-05,R16,24.447,0.4352,3.488,21.43,66.038,6.139,1
2025-11-06,R16,24.387,0.5022,4.184,24.373,80.438,7.017,1
2025-11-07,R16,29.427,0.5017,1.543,15.275,57.6,9.44,1
2025-11-08,R16,28.116,0.4334,3.488,23.572,64.189,7.731,1
2025-11-09,R16,24.348,0.5287,8.943,25.62,42.372,9.001,1
2025-11-10,R16,25.411,0.4311,16.934,28.78,74.693,8.232,1
2025-11-11,R16,24.773,0.3607,11.62,24.962,41.797,8.829,1
2025-11-12,R16,23.768,0.4989,3.395,25.841,43.856,8.886,1
2025-11-13,R16,23.512,0.4162,6.063,25.788,19.142,9.796,1
2025-11-14,R16,28.272,0.47,1.406,16.881,29.374,10.026,1
2025-11-15,R16,26.362,0.4659,52.033,42.467,67.67,7.679,1
2025-11-16,R16,22.195,0.4926,6.929,23.478,32.023,7.495,1
2025-11-17,R16,25.999,0.3979,0.705,25.614,52.065,7.894,1
2025-11-18,R16,27.512,0.3825,8.778,23.086,40.765,10.205,1
2025-11-19,R16,26.375,0.4903,5.938,24.555,72.476,6.16,1
2025-11-20,R16,25.047,0.3969,18.591,26.472,65.448,7.103,1
2025-11-21,R16,28.034,0.5103,33.326,29.711,53.779,8.381,1
2025-11-22,R16,30.135,0.3132,29.579,28.017,69.757,8.259,1
2025-11-23,R16,24.892,0.3597,6.21,19.36,62.793,8.523,1
2025-11-24,R16,26.695,0.5162,2.746,24.64,37.171,9.579,1
2025-11-25,R16,27.601,0.554,7.901,25.036,83.487,7.775,1
2025-11-26,R16,28.242,0.4798,1.877,17.809,14.215,10.262,1
2025-11-27,R16,26.899,0.3831,11.182,25.649,40.195,8.058,1
2025-11-28,R16,28.895,0.3678,13.472,22.564,70.016,8.094,1
2025-11-29,R16,27.839,0.3386,9.49,26.122,48.264,9.721,1
2025-11-30,R16,26.089,0.3039,15.105,25.221,77.202,5.927,1
2025-12-01,R16,25.574,0.4629,22.893,26.911,77.842,6.791,1
2025-12-02,R16,25.933,0.5414,4.105,24.341,40.055,8.734,1
2025-12-03,R16,26.092,0.4862,4.088,23.107,17.939,10.015,1
2025-12-04,R16,25.235,0.4251,4.992,22.033,44.386,8.01,1
2025-12-05,R16,28.228,0.3668,5.635,21.62,59.543,9.168,1
2025-12-06,R16,25.698,0.388,3.521,21.711,51.146,7.19,1
2025-12-07,R16,26.882,0.3834,13.813,33.91,66.826,7.194,1
2025-12-08,R16,27.396,0.3827,20.876,29.504,88.084,4.623,1
2025-12-09,R16,26.015,0.4596,5.136,18.116,53.883,9.072,1
2025-12-10,R16,27.712,0.3913,1.755,19.245,49.644,8.693,1
2025-12-11,R16,25.361,0.4784,16.719,31.806,39.68,9.141,1
2025-12-12,R16,25.385,0.4433,12.802,26.722,47.722,9.263,1
2025-12-13,R16,28.733,0.4339,4.634,16.579,36.52,8.392,1
2025-12-14,R16,24.854,0.3895,13.245,23.608,65.072,7.239,1
2025-12-15,R16,25.585,0.499,17.824,32.131,57.7,6.926,1
2025-12-16,R16,27.066,0.4225,26.029,34.707,76.184,7.654,1
2025-12-17,R16,29.532,0.3222,9.889,22.363,40.215,9.548,1
2025-12-18,R16,27.513,0.4371,13.123,21.885,56.944,7.693,1
2025-12-19,R16,31.45,0.5258,24.489,26.737,85.582,7.92,1
2025-12-20,R16,27.624,0.3249,8.347,21.913,57.223,8.056,1
2025-12-21,R16,27.951,0.4042,12.387,26.68,27.523,9.491,1
2025-12-22,R16,28.864,0.3475,0.378,21.587,17.708,10.196,1
2025-12-23,R16,29.027,0.5525,13.967,24.536,53.115,11.486,1
2025-12-24,R16,28.917,0.3473,5.701,26.362,89.444,6.747,1
2025-12-25,R16,29.814,0.5176,3.816,27.155,55.35,9.605,1
2025-12-26,R16,28.43,0.3937,6.472,19.86,54.031,8.375,1
2025-12-27,R16,27.597,0.3458,16.12,27.343,86.274,6.85,1
2025-12-28,R16,29.254,0.4806,9.284,22.002,53.764,8.561,1
2025-12-29,R16,30.649,0.2835,6.957,21.337,54.579,10.728,1
2025-12-30,R16,29.966,0.3265,18.906,26.292,54.528,9.422,1
2025-12-31,R16,31.771,0.3736,12.125,25.931,33.962,9.799,1
2025-01-01,R17,33.203,0.6299,1.869,44.719,51.981,9.775,1
2025-01-02,R17,34.442,0.6049,6.147,41.642,54.2,8.47,1
2025-01-03,R17,35.933,0.664,7.066,49.425,35.487,12.175,1
2025-01-04,R17,31.646,0.7304,3.079,43.427,53.385,9.334,1
2025-01-05,R17,32.755,0.7103,12.379,50.983,64.189,9.078,1
2025-01-06,R17,31.454,0.7837,5.376,42.608,44.435,10.121,1
2025-01-07,R17,34.972,0.6408,3.486,41.764,53.819,9.478,1
2025-01-08,R17,35.961,0.6426,10.363,46.182,51.135,12.45,1
2025-01-09,R17,33.873,0.559,2.206,46.002,29.571,10.138,1
2025-01-10,R17,37.072,0.703,2.433,39.6,28.613,11.529,1
2025-01-11,R17,33.477,0.5704,10.654,47.966,35.743,9.673,1
2025-01-12,R17,33.752,0.554,0.737,45.896,26.058,10.739,1
2025-01-13,R17,34.533,0.6482,4.598,41.119,60.838,10.36,1
2025-01-14,R17,34.892,0.6145,2.864,40.872,18.84,12.038,1
2025-01-15,R17,32.736,0.6998,7.532,46.313,43.849,10.686,1
2025-01-16,R17,31.901,0.632,0.177,38.344,5,12.537,1
2025-01-17,R17,34.302,0.6287,7.629,46.079,36.806,10.851,1
2025-01-18,R17,34.238,0.6714,5.066,39.22,45.42,10.902,1
2025-01-19,R17,33.706,0.62,10.491,43.468,78.508,8.773,1
2025-01-20,R17,35.157,0.6895,4.479,50.286,55.901,11.255,1
2025-01-21,R17,33.262,0.7341,10.814,46.571,64.199,8.402,1
2025-01-22,R17,35.222,0.6471,2.477,37.956,75.64,8.509,1
2025-01-23,R17,35.166,0.5397,9.123,46.978,41.495,9.66,1
2025-01-24,R17,35.643,0.6143,7.114,43.218,69.515,9.727,1
2025-01-25,R17,34.45,0.7177,4.161,42.544,36.684,11.157,1
2025-01-26,R17,38.114,0.5576,6.553,37.536,38.174,10.835,1
2025-01-27,R17,33.742,0.6725,3.326,43.031,33.015,10.356,1
2025-01-28,R17,38.803,0.5768,8.112,45.042,36.291,12.045,1
2025-01-29,R17,36.561,0.7256,4.679,41.514,51.613,10.003,1
2025-01-30,R17,34.759,0.6293,21.145,48.074,55.263,9.382,1
2025-01-31,R17,36.357,0.5707,7.243,42.972,53.501,11.602,1
2025-02-01,R17,35.048,0.8328,4.008,43.957,55.206,9.861,1
2025-02-02,R17,36.353,0.588,12.453,41.257,45.095,11.623,1
2025-02-03,R17,37.239,0.5824,0.956,38.429,52.174,11.472,1
2025-02-04,R17,34.145,0.7513,11.337,42.696,51.892,10.046,1
2025-02-05,R17,36.728,0.6216,1.249,38.984,26.917,11.831,1
2025-02-06,R17,36.824,0.6444,14.351,47.773,35.446,10.375,1
2025-02-07,R17,36.199,0.6779,5.964,45.066,27.715,11.348,1
2025-02-08,R17,39.712,0.599,15.545,42.366,73.963,11.056,1
2025-02-09,R17,35.738,0.5754,3.683,43.372,77.152,8.925,1
2025-02-10,R17,37.334,0.5809,6.7,41.669,97.831,8.53,1
2025-02-11,R17,34.936,0.6791,2.099,45.94,35.283,11.282,1
2025-02-12,R17,37.157,0.5671,7.05,40.116,48.568,10.731,1
2025-02-13,R17,36.413,0.708,14.606,47.559,51.463,8.45,1
2025-02-14,R17,35.647,0.5597,15.476,42.481,36.963,11.824,1
2025-02-15,R17,37.165,0.5598,8.475,46.888,52.452,11.041,1
2025-02-16,R17,37.56,0.571,25.018,54.146,52.887,10.087,1
2025-02-17,R17,36.078,0.6503,6.276,41.173,38.351,11.785,1
2025-02-18,R17,38.565,0.682,3.022,45.055,50.294,10.98,1
2025-02-19,R17,37.144,0.5874,11.292,41.395,54.267,10.739,1
2025-02-20,R17,35.137,0.6518,35.023,52.536,64.156,7.939,1
2025-02-21,R17,38.079,0.5688,0.288,46.301,18.047,12.814,1
2025-02-22,R17,36.199,0.759,11.868,39.486,73.288,9.987,1
2025-02-23,R17,35.558,0.584,7.998,46.766,70.498,9.935,1
2025-02-24,R17,35.379,0.5909,7.266,40.219,69.865,9.353,1
2025-02-25,R17,38.727,0.5173,8.339,39.879,59.488,9.712,1
2025-02-26,R17,35.896,0.6218,2.986,38.063,23.441,11.788,1
2025-02-27,R17,35.952,0.6012,6.418,43.856,82.912,7.823,1
2025-02-28,R17,37.168,0.5878,3.884,47.292,58.436,9.745,1
2025-03-01,R17,39.607,0.5373,9.205,38.443,43.578,12.621,1
2025-03-02,R17,39.767,0.525,18.163,49.036,47.177,12.157,1
2025-03-03,R17,36.332,0.4993,19.811,46.8,69.464,8.952,1
2025-03-04,R17,37.221,0.7132,1.378,43.199,15.177,12.509,1
2025-03-05,R17,38.839,0.6101,12.472,38.635,52.007,10.726,1
2025-03-06,R17,34.833,0.6916,11.221,41.046,44.421,9.386,1
2025-03-07,R17,38.515,0.6263,12.802,40.508,63.155,11.332,1
2025-03-08,R17,39.347,0.6297,5.975,44.055,73.65,11.245,1
2025-03-09,R17,37.659,0.7051,4.649,42.658,62.65,10.82,1
2025-03-10,R17,39.059,0.6347,40.823,51.862,68.121,9.443,1
2025-03-11,R17,33.263,0.6674,12.655,45.365,34.535,10.884,1
2025-03-12,R17,39.618,0.467,0.84,37.169,46.535,12.477,1
2025-03-13,R17,35.228,0.7208,21.529,48.897,48.519,8.648,1
2025-03-14,R17,37.293,0.5654,9.396,47.08,46.574,9.639,1
2025-03-15,R17,38.08,0.6364,6.402,38.36,63.242,9.977,1
2025-03-16,R17,39.01,0.5314,12.47,41.874,83.497,8.769,1
2025-03-17,R17,37.383,0.6133,4.686,42.729,17.411,11.09,1
2025-03-18,R17,38.46,0.739,26.855,49.556,68.09,9.206,1
2025-03-19,R17,36.402,0.6241,13.819,42.56,52.757,9.526,1
2025-03-20,R17,37.262,0.5826,11.098,44.464,58.737,10.661,1
2025-03-21,R17,36.224,0.5803,10.359,52.8,94.633,9.231,1
2025-03-22,R17,36.335,0.7118,8.331,44.21,48.221,12.452,1
2025-03-23,R17,37.316,0.7199,11.599,41.308,37.494,10.137,1
2025-03-24,R17,37.301,0.5244,6.404,43.417,26.933,11.788,1
2025-03-25,R17,36.827,0.6589,20.51,45.812,78.592,9.165,1
2025-03-26,R17,36.418,0.625,9.714,43.27,76.033,8.434,1
2025-03-27,R17,39.38,0.7178,11.878,39.42,85.777,8.796,1
2025-03-28,R17,39.621,0.7304,2.931,41.82,60.89,10.724,1
2025-03-29,R17,36.391,0.6222,1.74,45.449,23.353,11.581,1
2025-03-30,R17,37.993,0.5993,10.954,47.587,59.611,11.332,1
2025-03-31,R17,37.879,0.5286,7.99,47.963,37.577,12.417,1
2025-04-01,R17,37.755,0.774,2.307,47.102,54.284,11.052,1
2025-04-02,R17,40.061,0.5536,1.023,41.258,59.193,10.929,1
2025-04-03,R17,38.796,0.603,5.154,42.088,58.17,9.759,1
2025-04-04,R17,38.221,0.5698,8.306,41.015,64.001,11.61,1
2025-04-05,R17,38.127,0.5826,6.882,45.019,33.57,11.772,1
2025-04-06,R17,37.789,0.6203,4.081,41.081,52.411,9.914,1
2025-04-07,R17,37.164,0.5795,5.688,40.775,50.446,11.416,1
2025-04-08,R17,35.429,0.6786,10.468,47.594,34.787,10.255,1
2025-04-09,R17,35.282,0.5629,3.775,40.856,24.859,11.072,1
2025-04-10,R17,34.642,0.64,3.513,44.339,74.909,8.105,1
2025-04-11,R17,36.446,0.5739,9.182,43.04,54.779,9.908,1
2025-04-12,R17,37.963,0.549,11.612,45.679,100,9.663,1
2025-04-13,R17,36.563,0.6092,3.414,41.746,31.794,11.899,1
2025-04-14,R17,37.718,0.5918,21.096,42.157,69.94,10.146,1
2025-04-15,R17,35.19,0.6384,6.684,45.814,36.755,12.636,1
2025-04-16,R17,36.593,0.6029,6.068,46.628,61.904,11.223,1
2025-04-17,R17,36.974,0.5641,14.069,45.344,76.958,9.091,1
2025-04-18,R17,39.491,0.6212,2.951,37.946,79.037,9.571,1
2025-04-19,R17,36.564,0.6502,1.915,39.122,41.861,11.624,1
2025-04-20,R17,35.665,0.6465,4.602,41.679,45.627,10.821,1
2025-04-21,R17,35.25,0.7061,9.725,44.911,52.808,10.667,1
2025-04-22,R17,36.202,0.6385,24.457,49.722,66.805,9.157,1
2025-04-23,R17,36.644,0.701,11.552,51.528,44.171,10.539,1
2025-04-24,R17,36.555,0.5832,10.171,41.281,58.227,11.432,1
2025-04-25,R17,37.158,0.6575,5.13,40.718,73.189,7.518,1
2025-04-26,R17,40.219,0.5507,4.443,44.809,35.559,13.42,1
2025-04-27,R17,35.734,0.6701,6.423,44.507,45.143,9.85,1
2025-04-28,R17,38.531,0.6405,15.509,47.283,66.949,9.634,1
2025-04-29,R17,33.848,0.7467,2.09,39.771,35.104,10.413,1
2025-04-30,R17,34.086,0.6614,1.32,40.014,38.402,9.984,1
2025-05-01,R17,35.757,0.6934,1.738,37.147,24.551,11.565,1
2025-05-02,R17,37.717,0.6634,12.225,48.01,57.606,11.5,1
2025-05-03,R17,36.979,0.6076,1.239,37.865,66.841,8.788,1
2025-05-04,R17,36.65,0.5099,3.293,42.828,55.606,9.991,1
2025-05-05,R17,34.245,0.6992,2.677,42.328,26.854,9.904,1
2025-05-06,R17,39.47,0.5595,8.011,41.607,45.267,11.045,1
2025-05-07,R17,36.813,0.6809,9.503,43.328,58.657,9.92,1
2025-05-08,R17,37.106,0.6326,10.246,39.419,72.839,9.525,1
2025-05-09,R17,37.058,0.6337,7.539,47.282,62.643,8.842,1
2025-05-10,R17,35.477,0.7163,3.221,44.331,66.977,9.844,1
2025-05-11,R17,37.384,0.5598,6.786,42.079,51.719,9.484,1
2025-05-12,R17,35.786,0.6839,8.683,42.842,69.645,10.581,1
2025-05-13,R17,34.19,0.7233,4.853,40.131,36.023,10.756,1
2025-05-14,R17,36.919,0.6728,11.832,45.28,42.945,10.782,1
2025-05-15,R17,34.846,0.5944,4.179,37.601,40.176,11.118,1
2025-05-16,R17,35.144,0.5908,9.709,42.378,67.554,10.357,1
2025-05-17,R17,31.848,0.6353,5.592,46.914,18.835,11.583,1
2025-05-18,R17,34.326,0.7832,13.977,45.901,39.713,10.664,1
2025-05-19,R17,36.204,0.5907,3.587,42.55,49.572,11.923,1
2025-05-20,R17,37.034,0.5532,35.791,55.795,78.101,8.993,1
2025-05-21,R17,37.659,0.6151,2.341,40.16,50.435,11.466,1
2025-05-22,R17,35.514,0.8017,6.446,45.463,76.988,9.812,1
2025-05-23,R17,36.294,0.7373,17.081,48.259,58.769,10.114,1
2025-05-24,R17,37.265,0.6252,29.707,52.255,60.659,9.638,1
2025-05-25,R17,37.19,0.5309,12.911,42.243,63.955,9.417,1
2025-05-26,R17,37.764,0.5828,5.684,40.899,59.296,9.588,1
2025-05-27,R17,33.434,0.7366,8.474,48.132,53.052,10.034,1
2025-05-28,R17,35.156,0.6708,16.276,48.662,50.216,10.898,1
2025-05-29,R17,35.166,0.6432,10.049,40.512,68.369,9.924,1
2025-05-30,R17,36.053,0.668,5.415,44.0,13.043,13.059,1
2025-05-31,R17,38.891,0.612,9.525,44.836,53.901,10.895,1
2025-06-01,R17,36.77,0.7403,2.784,40.903,26.247,11.356,1
2025-06-02,R17,32.701,0.6531,12.983,48.658,41.636,10.734,1
2025-06-03,R17,38.869,0.7346,7.773,40.75,70.07,10.155,1
2025-06-04,R17,35.703,0.7264,10.766,46.936,43.966,11.095,1
2025-06-05,R17,36.569,0.7995,5.705,41.226,42.093,10.158,1
2025-06-06,R17,35.304,0.5545,15.961,41.966,58.91,11.625,1
2025-06-07,R17,35.473,0.6306,3.746,45.736,52.454,9.142,1
2025-06-08,R17,33.001,0.6528,9.387,44.093,72.57,7.558,1
2025-06-09,R17,32.133,0.6053,0.552,44.412,5,12.039,1
2025-06-10,R17,34.969,0.6842,1.627,43.682,30.474,11.765,1
2025-06-11,R17,32.52,0.5956,5.233,48.541,65.124,8.002,1
2025-06-12,R17,34.4,0.6496,5.363,43.77,36.88,9.954,1
2025-06-13,R17,34.528,0.5782,10.4,44.948,52.233,9.826,1
2025-06-14,R17,34.458,0.6641,8.705,42.757,69.254,9.947,1
2025-06-15,R17,33.691,0.7,9.624,48.232,29.786,10.399,1
2025-06-16,R17,32.65,0.709,8.154,44.305,36.871,10.862,1
2025-06-17,R17,33.55,0.6924,0.996,47.06,30.19,10.168,1
2025-06-18,R17,34.35,0.6577,3.038,34.708,66.276,8.772,1
2025-06-19,R17,34.36,0.6646,5.744,45.474,65.411,9.315,1
2025-06-20,R17,31.993,0.8031,18.234,48.275,74.479,8.837,1
2025-06-21,R17,34.499,0.5638,4.62,43.511,40.136,9.238,1
2025-06-22,R17,31.498,0.6698,6.532,43.166,33.602,11.176,1
2025-06-23,R17,33.669,0.6735,5.391,47.032,39.725,10.564,1
2025-06-24,R17,33.913,0.7104,5.668,46.439,43.31,11.615,1
2025-06-25,R17,34.337,0.6837,15.709,47.244,64.954,9.715,1
2025-06-26,R17,32.904,0.66,4.215,44.841,66.328,8.762,1
2025-06-27,R17,33.041,0.6818,28.458,49.558,82.268,8.206,1
2025-06-28,R17,32.299,0.743,18.534,54.552,89.576,7.34,1
2025-06-29,R17,30.072,0.6974,13.028,43.63,55.466,8.712,1
2025-06-30,R17,33.024,0.536,10.632,47.292,63.829,9.626,1
2025-07-01,R17,33.381,0.6374,4.47,48.08,66.519,9.858,1
2025-07-02,R17,33.987,0.5971,9.392,46.965,44.246,9.638,1
2025-07-03,R17,31.186,0.6208,6.949,47.599,38.751,8.107,1
2025-07-04,R17,28.744,0.6598,8.793,42.998,43.866,8.13,1
2025-07-05,R17,33.22,0.7148,10.471,43.868,51.589,9.778,1
2025-07-06,R17,30.283,0.6508,6.853,44.153,43.828,9.549,1
2025-07-07,R17,31.111,0.6655,1.603,42.954,29.844,9.064,1
2025-07-08,R17,32.847,0.5954,11.382,49.683,50.837,10.192,1
2025-07-09,R17,30.14,0.6868,9.031,45.696,84.768,8.026,1
2025-07-10,R17,31.413,0.6744,12.402,47.747,64.35,8.243,1
2025-07-11,R17,33.305,0.6752,9.407,39.764,41.834,10.211,1
2025-07-12,R17,32.324,0.6981,3.849,41.905,63.582,7.745,1
2025-07-13,R17,33.605,0.6813,7.625,45.613,56.179,9.912,1
2025-07-14,R17,33.048,0.6998,7.07,43.356,46.817,9.45,1
2025-07-15,R17,27.194,0.7217,18.397,53.277,67.01,7.734,1
2025-07-16,R17,34.932,0.623,0.623,41.375,36.102,12.157,1
2025-07-17,R17,29.619,0.6954,4.406,44.285,27.301,9.371,1
2025-07-18,R17,31.201,0.5489,4.738,43.328,41.445,10.004,1
2025-07-19,R17,30.782,0.6827,1.412,46.533,64.521,8.547,1
2025-07-20,R17,31.203,0.6778,14.679,48.48,44.379,9.213,1
2025-07-21,R17,30.338,0.7516,12.064,50.506,51.641,8.895,1
2025-07-22,R17,31.83,0.6603,11.296,42.739,74.786,6.671,1
2025-07-23,R17,30.066,0.7691,10.796,48.232,52.94,8.717,1
2025-07-24,R17,30.288,0.6316,5.338,54.045,55.539,9.638,1
2025-07-25,R17,30.76,0.6767,3.688,42.628,19.54,9.315,1
2025-07-26,R17,33.811,0.753,1.134,44.352,30.919,10.712,1
2025-07-27,R17,29.589,0.6743,8.771,44.43,77.105,8.668,1
2025-07-28,R17,29.36,0.7199,4.733,44.239,66.724,9.627,1
2025-07-29,R17,31.724,0.556,3.36,43.501,53.035,7.262,1
2025-07-30,R17,30.809,0.7195,4.656,48.725,63.588,7.308,1
2025-07-31,R17,30.293,0.6454,12.591,48.916,38.565,9.395,1
2025-08-01,R17,29.153,0.7289,4.946,45.616,30.505,9.627,1
2025-08-02,R17,30.298,0.7284,7.084,43.663,14.709,10.259,1
2025-08-03,R17,33.024,0.7122,53.622,65.638,56.677,8.334,0
2025-08-04,R17,30.029,0.7534,6.024,48.471,33.448,9.694,1
2025-08-05,R17,29.987,0.7426,1.656,40.702,53.484,8.387,1
2025-08-06,R17,30.286,0.7075,10.547,43.535,51.277,8.653,1
2025-08-07,R17,32.053,0.583,7.442,43.659,41.152,9.953,1
2025-08-08,R17,28.272,0.6717,3.6,49.535,21.944,9.417,1
2025-08-09,R17,33.868,0.6589,1.916,45.636,9.556,12.057,1
2025-08-10,R17,27.854,0.7282,7.476,47.506,43.965,8.677,1
2025-08-11,R17,29.948,0.7068,7.956,51.246,42.685,9.583,1
2025-08-12,R17,33.303,0.6001,9.456,48.737,76.744,9.835,1
2025-08-13,R17,31.143,0.6376,8.497,47.438,51.08,9.579,1
2025-08-14,R17,31.238,0.6837,1.448,42.546,61.582,8.323,1
2025-08-15,R17,27.867,0.8016,8.225,55.011,50.033,8.351,1
2025-08-16,R17,26.361,0.7596,9.906,52.446,37.529,9.702,1
2025-08-17,R17,28.988,0.6123,2.972,47.01,55.689,7.405,1
2025-08-18,R17,31.913,0.7456,6.283,51.164,55.738,8.763,1
2025-08-19,R17,30.723,0.6805,27.321,51.269,65.273,7.054,1
2025-08-20,R17,31.569,0.7544,4.504,42.087,53.012,9.261,1
2025-08-21,R17,28.15,0.6964,23.652,55.588,84.105,7.479,0
2025-08-22,R17,30.151,0.7319,8.48,46.073,83.499,6.891,1
2025-08-23,R17,27.095,0.762,1.596,52.002,22.24,9.643,1
2025-08-24,R17,33.309,0.5771,5.488,42.903,36.47,11.64,1
2025-08-25,R17,32.162,0.6556,2.555,49.144,45.244,10.03,1
2025-08-26,R17,30.172,0.7145,15.11,53.706,42.268,8.487,1
2025-08-27,R17,29.437,0.7535,13.224,46.784,55.912,8.981,1
2025-08-28,R17,28.909,0.7507,2.131,50.577,43.134,9.759,1
2025-08-29,R17,28.445,0.7095,11.746,52.758,49.698,9.324,1
2025-08-30,R17,31.439,0.7077,13.208,52.697,47.065,9.74,1
2025-08-31,R17,29.214,0.8318,5.133,50.643,55.733,8.113,1
2025-09-01,R17,24.66,0.8952,4.602,48.412,40.039,8.738,1
2025-09-02,R17,26.323,0.7119,4.768,42.295,46.761,8.224,1
2025-09-03,R17,27.103,0.7771,8.252,53.487,54.022,9.674,1
2025-09-04,R17,29.137,0.7528,17.024,48.105,64.79,7.73,1
2025-09-05,R17,28.324,0.6999,11.129,49.932,81.253,7.231,1
2025-09-06,R17,27.786,0.6697,12.125,45.85,45.351,7.815,1
2025-09-07,R17,31.472,0.631,14.934,48.089,55.83,8.464,1
2025-09-08,R17,29.357,0.7716,7.039,52.97,42.821,9.689,1
2025-09-09,R17,28.077,0.6921,6.516,44.965,77.558,6.961,1
2025-09-10,R17,29.986,0.6759,11.88,48.02,59.749,7.016,1
2025-09-11,R17,28.821,0.6228,12.424,52.093,60.637,8.729,1
2025-09-12,R17,30.783,0.7116,1.092,46.14,60.937,8.438,1
2025-09-13,R17,27.615,0.6252,2.899,43.722,37.22,8.94,1
2025-09-14,R17,29.404,0.755,5.608,42.499,36.019,9.055,1
2025-09-15,R17,24.637,0.797,4.914,50.537,63.43,6.367,0
2025-09-16,R17,27.539,0.8459,1.261,45.443,44.124,7.986,1
2025-09-17,R17,27.438,0.718,17.464,57.503,62.288,8.658,1
2025-09-18,R17,25.762,0.6685,0.615,49.107,53.176,7.47,1
2025-09-19,R17,29.695,0.6179,13.482,49.861,79.532,8.012,1
2025-09-20,R17,26.464,0.6586,10.887,48.676,31.531,9.596,1
2025-09-21,R17,28.953,0.6664,9.977,49.156,59.081,7.946,1
2025-09-22,R17,31.011,0.671,8.27,48.944,54.942,9.754,1
2025-09-23,R17,25.842,0.7864,4.246,48.254,18.892,9.503,1
2025-09-24,R17,28.504,0.6626,33.81,54.338,68.037,9.362,1
2025-09-25,R17,26.522,0.6022,15.907,53.582,60.606,8.073,1
2025-09-26,R17,28.206,0.6879,6.61,47.321,80.408,7.965,1
2025-09-27,R17,28.522,0.7073,21.854,57.153,60.523,7.277,1
2025-09-28,R17,27.987,0.5911,6.095,48.827,54.242,7.954,1
2025-09-29,R17,28.551,0.5458,11.776,50.856,47.386,9.706,1
2025-09-30,R17,28.703,0.7074,8.07,49.504,74.181,7.082,1
2025-10-01,R17,28.581,0.6351,0.159,47.765,11.023,11.251,1
2025-10-02,R17,27.307,0.5928,14.921,60.443,83.404,7.939,1
2025-10-03,R17,29.823,0.6611,4.53,40.112,57.15,8.867,1
2025-10-04,R17,25.431,0.8314,16.528,51.455,43.92,8.396,1
2025-10-05,R17,28.682,0.6411,13.274,45.288,78.73,7.082,1
2025-10-06,R17,27.115,0.5824,2.614,46.873,39.281,9.088,1
2025-10-07,R17,26.498,0.6723,9.88,49.689,57.208,7.48,1
2025-10-08,R17,30.217,0.6851,11.803,52.06,61.523,8.1,1
2025-10-09,R17,26.973,0.7166,19.623,51.627,78.644,6.026,0
2025-10-10,R17,25.946,0.7125,8.257,54.629,45.154,9.005,1
2025-10-11,R17,26.146,0.6478,7.259,45.603,43.469,7.709,1
2025-10-12,R17,28.975,0.8152,3.435,56.281,28.967,10.107,1
2025-10-13,R17,25.999,0.7694,3.825,50.405,48.188,8.105,1
2025-10-14,R17,30.691,0.6634,27.244,55.132,71.075,8.236,1
2025-10-15,R17,27.384,0.6824,3.396,44.522,45.158,8.087,1
2025-10-16,R17,29.109,0.6596,8.055,44.525,57.19,8.354,1
2025-10-17,R17,29.608,0.6187,4.459,50.736,11.076,10.392,1
2025-10-18,R17,31.322,0.7835,3.558,49.98,50.022,9.06,1
2025-10-19,R17,30.737,0.6544,7.12,47.643,63.216,9.209,1
2025-10-20,R17,26.799,0.6614,6.382,44.983,56.921,7.794,1
2025-10-21,R17,31.39,0.733,14.607,46.435,59.353,8.347,1
2025-10-22,R17,29.096,0.7456,9.027,43.805,43.547,8.684,1
2025-10-23,R17,30.327,0.7095,6.72,50.213,58.684,7.977,1
2025-10-24,R17,30.428,0.6729,9.199,48.075,22.467,10.202,1
2025-10-25,R17,28.18,0.7743,4.173,42.03,65.042,6.392,1
2025-10-26,R17,27.011,0.695,12.266,53.385,35.9,9.553,1
2025-10-27,R17,27.72,0.7209,12.715,47.29,45.313,7.785,1
2025-10-28,R17,31.41,0.7132,7.423,44.78,53.643,10.93,1
2025-10-29,R17,28.51,0.8924,16.067,52.722,66.403,7.97,1
2025-10-30,R17,28.028,0.6731,2.766,43.886,35.304,8.861,1
2025-10-31,R17,31.502,0.6089,6.751,47.295,37.039,10.866,1
2025-11-01,R17,30.664,0.6531,4.115,45.799,75.427,8.252,1
2025-11-02,R17,28.392,0.6511,11.903,47.535,61.193,7.852,1
2025-11-03,R17,32.014,0.6697,30.039,54.201,75.717,6.896,1
2025-11-04,R17,28.863,0.6097,5.181,47.237,57.889,7.844,1
2025-11-05,R17,28.162,0.6554,6.931,46.476,84.821,6.863,1
2025-11-06,R17,33.135,0.6663,17.789,47.612,91.061,8.966,1
2025-11-07,R17,28.495,0.6295,14.137,48.305,36.943,9.236,1
2025-11-08,R17,30.451,0.7317,25.437,52.784,82.157,7.832,1
2025-11-09,R17,28.865,0.6372,19.633,51.597,61.392,6.812,1
2025-11-10,R17,30.241,0.6297,15.279,48.926,43.005,11.239,1
2025-11-11,R17,29.741,0.702,8.958,53.394,50.316,8.652,1
2025-11-12,R17,28.827,0.7504,8.154,46.214,49.732,9.351,1
2025-11-13,R17,28.98,0.842,1.585,38.845,39.316,9.007,1
2025-11-14,R17,30.913,0.7644,10.664,43.566,51.769,8.416,1
2025-11-15,R17,28.201,0.7855,14.998,54.758,58.248,9.113,1
2025-11-16,R17,27.678,0.7129,13.057,46.503,74.564,6.926,1
2025-11-17,R17,29.863,0.6,8.896,47.042,43.127,10.566,1
2025-11-18,R17,29.77,0.7748,1.446,45.205,59.229,9.222,1
2025-11-19,R17,32.653,0.6226,6.267,45.914,51.68,10.485,1
2025-11-20,R17,33.342,0.6524,9.984,46.844,68.779,9.806,1
2025-11-21,R17,28.14,0.6271,4.292,48.167,73.706,7.347,1
2025-11-22,R17,30.218,0.661,4.299,48.65,43.265,9.054,1
2025-11-23,R17,31.071,0.7141,13.575,51.863,61.14,8.418,1
2025-11-24,R17,34.159,0.5484,7.652,42.668,56.473,10.775,1
2025-11-25,R17,34.895,0.6796,0.908,37.168,34.464,10.324,1
2025-11-26,R17,31.631,0.6275,13.685,44.552,43.488,9.869,1
2025-11-27,R17,28.718,0.7561,10.213,49.319,50.32,9.469,1
2025-11-28,R17,31.477,0.6456,0.718,42.355,38.724,10.496,1
2025-11-29,R17,29.886,0.7692,6.119,45.747,61.752,8.07,1
2025-11-30,R17,32.693,0.5684,6.518,41.235,60.849,8.71,1
2025-12-01,R17,32.24,0.5942,0.963,47.803,23.728,10.556,1
2025-12-02,R17,30.735,0.6175,4.382,44.968,40.096,8.701,1
2025-12-03,R17,33.292,0.651,1.197,44.993,27.286,11.588,1
2025-12-04,R17,31.996,0.6204,3.606,41.727,17.416,11.021,1
2025-12-05,R17,30.597,0.7032,6.965,41.596,56.364,9.526,1
2025-12-06,R17,30.245,0.6676,20.888,52.479,48.826,9.018,1
2025-12-07,R17,27.38,0.6354,17.46,49.287,57.627,9.863,1
2025-12-08,R17,33.274,0.7461,16.561,48.071,62.093,9.223,1
2025-12-09,R17,28.239,0.73,3.743,48.98,52.92,7.713,1
2025-12-10,R17,30.286,0.6506,8.728,48.021,42.505,9.936,1
2025-12-11,R17,31.348,0.5368,6.895,50.934,59.301,9.879,1
2025-12-12,R17,30.328,0.7655,9.73,52.116,55.821,10.026,1
2025-12-13,R17,33.308,0.5907,7.577,44.721,63.31,8.261,1
2025-12-14,R17,29.532,0.6051,3.666,47.171,26.376,10.038,1
2025-12-15,R17,31.968,0.7511,20.539,44.423,52.031,10.07,1
2025-12-16,R17,31.95,0.5785,14.137,46.76,39.893,10.329,1
2025-12-17,R17,29.662,0.6773,12.048,51.987,30.113,10.542,1
2025-12-18,R17,29.108,0.6549,8.849,50.024,49.056,10.485,1
2025-12-19,R17,30.28,0.6177,9.461,44.476,53.184,9.531,1
2025-12-20,R17,32.426,0.6712,1.346,44.958,24.985,11.707,1
2025-12-21,R17,30.949,0.7717,18.318,53.052,47.995,9.285,1
2025-12-22,R17,35.168,0.7206,10.94,40.832,69.234,9.877,1
2025-12-23,R17,32.55,0.7066,9.456,49.882,53.694,8.509,1
2025-12-24,R17,33.502,0.6409,33.68,59.403,61.74,11.224,1
2025-12-25,R17,32.204,0.6396,7.435,40.518,24.655,10.601,1
2025-12-26,R17,31.442,0.75,15.561,51.919,64.286,9.567,1
2025-12-27,R17,32.522,0.7137,20.566,52.258,66.232,8.627,1
2025-12-28,R17,35.709,0.6362,8.497,44.035,61.77,8.394,1
2025-12-29,R17,31.919,0.6455,6.613,44.35,15.89,12.462,1
2025-12-30,R17,32.751,0.6448,6.616,51.339,30.348,9.66,1
2025-12-31,R17,32.296,0.7218,6.225,45.438,31.251,10.057,1
2025-01-01,R18,25.496,0.6553,0.135,33.625,5,7.652,1
2025-01-02,R18,23.57,0.6882,3.057,37.852,24.653,9.692,1
2025-01-03,R18,25.472,0.5787,7.628,39.335,54.684,8.444,1
2025-01-04,R18,26.175,0.4471,25.457,35.367,72.379,8.867,1
2025-01-05,R18,25.796,0.508,8.956,31.963,76.353,5.849,1
2025-01-06,R18,28.093,0.5092,1.617,31.5,68.913,7.757,1
2025-01-07,R18,26.793,0.4816,16.636,36.262,67.658,6.36,1
2025-01-08,R18,26.958,0.4913,7.255,36.268,53.815,8.162,1
2025-01-09,R18,27.302,0.5675,6.12,29.882,77.612,7.474,1
2025-01-10,R18,25.926,0.4848,9.418,31.345,69.344,6.732,1
2025-01-11,R18,28.399,0.4206,25.661,43.442,49.985,7.651,1
2025-01-12,R18,25.359,0.4948,2.323,33.689,15.841,9.551,1
2025-01-13,R18,29.803,0.4499,5.292,30.508,9.032,11.255,1
2025-01-14,R18,28.349,0.4987,3.899,33.139,70.257,6.557,1
2025-01-15,R18,28.117,0.4796,0.67,29.18,46.659,8.32,1
2025-01-16,R18,26.519,0.5827,24.419,39.248,60.502,8.147,1
2025-01-17,R18,30.291,0.489,1.396,32.136,45.579,9.275,1
2025-01-18,R18,25.194,0.633,11.286,38.291,63.295,6.985,1
2025-01-19,R18,29.513,0.4259,3.622,35.745,30.467,9.914,1
2025-01-20,R18,30.943,0.4907,3.953,32.953,60.32,9.463,1
2025-01-21,R18,28.909,0.4815,3.949,32.088,38.661,8.963,1
2025-01-22,R18,27.399,0.5146,3.993,35.278,43.058,8.822,1
2025-01-23,R18,31.866,0.4391,6.198,27.744,64.137,9.487,1
2025-01-24,R18,27.062,0.5493,7.375,36.473,40.434,8.101,1
2025-01-25,R18,27.726,0.4899,41.358,43.851,77.028,6.896,1
2025-01-26,R18,27.279,0.5564,8.779,36.496,54.162,8.566,1
2025-01-27,R18,28.417,0.4636,34.41,38.848,51.423,9.729,1
2025-01-28,R18,31.102,0.4405,11.788,35.603,43.668,9.375,1
2025-01-29,R18,28.865,0.4868,14.523,36.693,72.264,8.449,1
2025-01-30,R18,30.632,0.4564,27.079,34.485,71.83,7.822,1
2025-01-31,R18,29.696,0.4732,8.207,39.809,51.914,9.431,1
2025-02-01,R18,28.334,0.4686,11.139,33.069,39.129,10.414,1
2025-02-02,R18,28.835,0.5236,11.571,33.442,36.78,10.058,1
2025-02-03,R18,30.285,0.4549,5.621,31.693,32.042,10.031,1
2025-02-04,R18,30.631,0.523,8.885,39.307,27.762,11.201,1
2025-02-05,R18,29.69,0.5735,4.914,33.101,59.024,7.892,1
2025-02-06,R18,31.327,0.5205,27.517,39.091,85.046,8.669,1
2025-02-07,R18,30.535,0.552,20.318,43.099,48.38,9.237,1
2025-02-08,R18,28.631,0.4751,7.347,31.282,40.773,8.696,1
2025-02-09,R18,28.516,0.4973,5.381,33.85,63.019,7.3,1
2025-02-10,R18,26.704,0.431,12.19,38.99,35.613,8.062,1
2025-02-11,R18,28.041,0.4962,5.289,32.201,43.029,8.372,1
2025-02-12,R18,29.781,0.5256,11.676,32.907,64.72,8.041,1
2025-02-13,R18,31.191,0.3565,1.397,31.364,69.558,8.521,1
2025-02-14,R18,28.131,0.5702,17.445,37.327,57.023,8.43,1
2025-02-15,R18,29.828,0.5893,3.951,32.427,50.895,8.175,1
2025-02-16,R18,24.092,0.5467,6.778,38.05,71.797,7.684,1
2025-02-17,R18,29.473,0.5271,12.155,33.227,91.299,6.137,1
2025-02-18,R18,28.409,0.5382,10.86,32.77,41.997,8.967,1
2025-02-19,R18,29.986,0.5161,48.547,48.558,62.058,8.288,1
2025-02-20,R18,33.136,0.3833,16.93,36.6,56.906,9.625,1
2025-02-21,R18,28.13,0.4694,11.429,32.922,46.701,8.348,1
2025-02-22,R18,29.549,0.5335,13.126,32.313,48.063,8.703,1
2025-02-23,R18,29.424,0.5026,15.837,32.854,55.627,9.243,1
2025-02-24,R18,29.379,0.414,2.233,29.172,19.289,11.232,1
2025-02-25,R18,30.156,0.4001,5.708,32.34,77.922,6.774,1
2025-02-26,R18,29.495,0.5621,3.619,28.256,39.528,9.715,1
2025-02-27,R18,30.085,0.48,8.938,34.007,77.2,5.167,1
2025-02-28,R18,30.297,0.5096,8.235,35.704,74.037,7.871,1
2025-03-01,R18,30.851,0.5577,11.541,38.001,46.393,9.311,1
2025-03-02,R18,34.491,0.4686,4.862,23.674,71.641,8.6,1
2025-03-03,R18,30.342,0.5038,21.303,38.263,65.56,8.812,1
2025-03-04,R18,31.156,0.55,2.417,26.115,29.259,9.582,1
2025-03-05,R18,29.739,0.4746,17.156,35.368,24.037,10.209,1
2025-03-06,R18,26.475,0.589,25.415,41.067,74.029,6.989,1
2025-03-07,R18,31.395,0.4959,5.471,31.81,50.937,9.926,1
2025-03-08,R18,31.136,0.5801,6.662,35.162,64.602,9.569,1
2025-03-09,R18,30.285,0.544,6.479,32.932,53.111,9.613,1
2025-03-10,R18,27.387,0.4901,6.367,35.704,57.415,8.251,1
2025-03-11,R18,29.437,0.5445,2.934,32.939,50.872,9.962,1
2025-03-12,R18,29.095,0.4684,13.149,36.455,59.172,7.497,1
2025-03-13,R18,32.942,0.4187,8.183,30.951,85.401,6.713,1
2025-03-14,R18,33.123,0.4287,18.537,35.301,37.217,10.081,1
2025-03-15,R18,32.086,0.3071,10.537,34.29,50.229,9.026,1
2025-03-16,R18,30.235,0.5348,13.031,32.496,46.627,8.913,1
2025-03-17,R18,31.658,0.4863,0.933,29.205,28.638,11.829,1
2025-03-18,R18,30.568,0.5,1.278,32.308,7.979,9.765,1
2025-03-19,R18,29.14,0.4251,20.201,33.93,75.339,7.364,1
2025-03-20,R18,33.049,0.448,20.951,34.066,75.62,6.488,1
2025-03-21,R18,31.235,0.3553,2.62,32.602,34.683,10.829,1
2025-03-22,R18,29.933,0.4999,9.771,36.445,68.707,8.487,1
2025-03-23,R18,30.565,0.5065,10.013,36.71,50.257,8.024,1
2025-03-24,R18,29.186,0.5308,5.691,33.297,72.798,7.721,1
2025-03-25,R18,27.96,0.4245,15.086,39.83,63.21,8.309,1
2025-03-26,R18,30.88,0.4235,3.076,32.491,29.402,10.567,1
2025-03-27,R18,32.079,0.4806,7.626,35.488,24.569,9.316,1
2025-03-28,R18,28.63,0.5673,20.073,36.696,74.327,6.793,1
2025-03-29,R18,32.079,0.4882,4.152,31.869,41.021,11.491,1
2025-03-30,R18,30.356,0.4309,7.051,35.856,23.682,9.991,1
2025-03-31,R18,30.412,0.3799,9.948,35.56,75.392,8.557,1
2025-04-01,R18,30.402,0.4176,18.271,40.659,53.245,8.552,1
2025-04-02,R18,32.113,0.442,4.589,31.776,55.088,9.731,1
2025-04-03,R18,31.071,0.5598,7.868,36.613,51.7,9.504,1
2025-04-04,R18,31.456,0.4342,14.306,32.894,49.059,10.121,1
2025-04-05,R18,32.478,0.3553,12.177,33.959,59.597,7.874,1
2025-04-06,R18,29.575,0.3877,5.863,36.607,14.468,10.541,1
2025-04-07,R18,30.517,0.5371,11.884,35.247,38.274,10.486,1
2025-04-08,R18,33.001,0.5053,4.462,30.311,57.559,9.593,1
2025-04-09,R18,32.239,0.5698,8.23,27.206,58.699,9.555,1
2025-04-10,R18,29.101,0.5416,4.813,30.181,17.175,11.292,1
2025-04-11,R18,29.891,0.5025,13.491,37.627,60.817,7.413,1
2025-04-12,R18,29.085,0.5846,0.501,32.453,5,11.568,1
2025-04-13,R18,31.408,0.4742,1.84,26.344,49.601,9.24,1
2025-04-14,R18,30.264,0.5953,4.493,29.965,50.565,9.569,1
2025-04-15,R18,29.293,0.5055,15.15,39.197,67.79,9.893,1
2025-04-16,R18,31.366,0.4514,1.185,32.568,63.424,7.705,1
2025-04-17,R18,31.391,0.5395,3.293,34.753,58.92,8.694,1
2025-04-18,R18,30.439,0.4908,1.206,25.262,58.967,8.133,1
2025-04-19,R18,28.711,0.4791,11.719,33.106,76.469,6.315,1
2025-04-20,R18,30.059,0.5802,6.057,35.253,60.231,9.763,1
2025-04-21,R18,28.671,0.4297,12.906,35.411,74.27,8.073,1
2025-04-22,R18,28.73,0.4621,5.94,33.3,58.64,8.207,1
2025-04-23,R18,33.798,0.3937,9.071,34.751,65.999,8.787,1
2025-04-24,R18,31.479,0.5382,5.388,30.784,28.495,10.27,1
2025-04-25,R18,30.98,0.4466,2.062,34.25,26.048,8.617,1
2025-04-26,R18,29.11,0.3266,23.077,39.996,69.344,7.092,1
2025-04-27,R18,31.059,0.4507,2.616,32.572,51.503,9.987,1
2025-04-28,R18,32.611,0.5227,1.842,26.043,39.969,9.731,1
2025-04-29,R18,32.501,0.4341,4.726,27.462,50.736,8.99,1
2025-04-30,R18,28.34,0.3729,22.262,35.089,65.857,7.222,1
2025-05-01,R18,35.568,0.5125,22.61,34.583,73.08,9.212,1
2025-05-02,R18,30.324,0.4903,0.838,34.168,56.725,8.092,1
2025-05-03,R18,34.133,0.5292,4.685,20.003,44.864,9.985,1
2025-05-04,R18,29.904,0.5599,6.648,35.629,56.16,8.001,1
2025-05-05,R18,30.92,0.4513,10.485,35.787,43.275,10.146,1
2025-05-06,R18,29.917,0.4535,26.252,43.267,53.882,10.207,1
2025-05-07,R18,31.792,0.4927,13.875,41.579,26.064,12.72,1
2025-05-08,R18,30.302,0.5433,8.069,32.102,54.866,9.141,1
2025-05-09,R18,31.504,0.3808,11.889,34.435,58.536,9.951,1
2025-05-10,R18,30.417,0.4607,22.666,38.657,55.339,9.014,1
2025-05-11,R18,31.017,0.4847,1.352,31.228,88.725,7.273,1
2025-05-12,R18,32.404,0.4157,3.253,28.239,62.499,8.74,1
2025-05-13,R18,30.269,0.5156,7.029,33.062,52.938,8.605,1
2025-05-14,R18,27.327,0.5081,11.274,40.228,48.944,8.553,1
2025-05-15,R18,29.703,0.4798,8.975,30.952,52.173,6.313,1
2025-05-16,R18,30.291,0.4319,22.811,36.458,73.293,7.682,1
2025-05-17,R18,27.09,0.5059,13.944,36.723,45.596,9.1,1
2025-05-18,R18,31.321,0.5162,2.231,31.466,18.875,10.43,1
2025-05-19,R18,32.398,0.4607,7.416,29.106,66.291,8.554,1
2025-05-20,R18,29.286,0.4846,7.319,33.154,49.33,8.754,1
2025-05-21,R18,28.532,0.4387,2.012,29.992,16.195,11.028,1
2025-05-22,R18,28.225,0.4625,4.443,32.845,45.323,10.369,1
2025-05-23,R18,28.126,0.4247,3.725,35.377,27.181,8.686,1
2025-05-24,R18,31.804,0.4739,5.026,27.194,18.958,10.757,1
2025-05-25,R18,26.476,0.4091,4.619,30.285,99.972,6.214,1
2025-05-26,R18,30.65,0.5032,1.577,31.304,48.55,7.77,1
2025-05-27,R18,32.104,0.4066,3.844,33.509,48.699,9.638,1
2025-05-28,R18,29.778,0.5123,5.784,34.218,59.921,8.429,1
2025-05-29,R18,30.738,0.5996,6.081,30.282,52.373,8.358,1
2025-05-30,R18,25.872,0.4988,18.678,37.871,39.706,8.862,1
2025-05-31,R18,30.998,0.4651,8.802,33.717,34.73,9.123,1
2025-06-01,R18,27.584,0.516,19.911,38.273,69.862,7.118,1
2025-06-02,R18,29.209,0.5779,3.936,27.713,25.053,10.221,1
2025-06-03,R18,29.097,0.5188,5.058,30.452,37.761,9.532,1
2025-06-04,R18,26.722,0.5961,14.531,35.278,47.197,8.372,1
2025-06-05,R18,30.621,0.5582,4.134,28.196,46.853,10.402,1
2025-06-06,R18,25.977,0.5067,14.662,38.314,71.104,6.936,1
2025-06-07,R18,30.903,0.4456,26.448,38.267,69.526,10.134,1
2025-06-08,R18,28.932,0.4118,16.248,35.025,69.189,7.621,1
2025-06-09,R18,26.241,0.5459,22.244,43.617,53.363,8.325,1
2025-06-10,R18,27.029,0.5302,3.124,34.626,42.039,8.393,1
2025-06-11,R18,26.027,0.4345,27.766,40.978,67.231,7.19,1
2025-06-12,R18,29.78,0.4296,5.791,36.829,43.238,10.534,1
2025-06-13,R18,29.921,0.4316,3.504,37.797,57.68,8.145,1
2025-06-14,R18,28.459,0.4987,5.275,32.3,62.064,8.139,1
2025-06-15,R18,27.3,0.4371,5.039,33.532,49.45,8.17,1
2025-06-16,R18,31.05,0.4436,14.151,33.777,68.909,8.206,1
2025-06-17,R18,29.336,0.5865,1.472,28.808,55.811,9.446,1
2025-06-18,R18,28.495,0.457,7.191,27.985,44.052,9.225,1
2025-06-19,R18,26.083,0.5751,10.411,34.786,51.857,7.809,1
2025-06-20,R18,25.372,0.5271,17.711,33.343,94.98,5.865,1
2025-06-21,R18,24.79,0.481,13.186,37.006,43.488,7.785,1
2025-06-22,R18,26.054,0.5313,6.064,33.879,56.379,7.43,1
2025-06-23,R18,27.436,0.4615,5.087,35.003,46.071,9.257,1
2025-06-24,R18,28.896,0.5011,17.102,35.771,64.549,8.888,1
2025-06-25,R18,26.856,0.5736,0.383,32.214,45.292,8.822,1
2025-06-26,R18,28.746,0.5405,13.292,32.642,54.658,7.392,1
2025-06-27,R18,28.291,0.579,8.782,37.648,57.758,8.665,1
2025-06-28,R18,26.085,0.5393,32.128,42.066,76.576,7.671,1
2025-06-29,R18,29.301,0.4193,3.683,34.144,35.615,9.921,1
2025-06-30,R18,26.601,0.5307,32.401,43.963,64.422,8.906,1
2025-07-01,R18,22.329,0.531,2.324,33.029,44.345,7.517,1
2025-07-02,R18,27.36,0.4014,18.404,36.159,98.659,5.662,1
2025-07-03,R18,26.952,0.6256,6.297,34.361,50.169,8.017,1
2025-07-04,R18,25.649,0.5914,6.152,29.216,39.733,8.331,1
2025-07-05,R18,29.164,0.5364,11.39,36.781,34.674,10.436,1
2025-07-06,R18,26.642,0.4241,8.429,34.099,60.712,7.977,1
2025-07-07,R18,24.604,0.5654,25.089,41.771,60.883,8.437,1
2025-07-08,R18,24.397,0.4612,6.951,34.786,81.846,6.963,1
2025-07-09,R18,26.591,0.4917,0.915,32.048,42.808,8.266,1
2025-07-10,R18,25.958,0.5239,7.353,36.249,88.076,6.933,1
2025-07-11,R18,25.939,0.4715,7.345,39.656,43.105,9.843,1
2025-07-12,R18,26.691,0.6287,6.321,34.935,37.602,8.841,1
2025-07-13,R18,27.366,0.4766,36.897,40.741,77.513,5.637,0
2025-07-14,R18,25.166,0.558,19.61,42.139,52.424,7.828,1
2025-07-15,R18,24.524,0.59,11.303,38.296,26.637,8.389,1
2025-07-16,R18,25.54,0.619,21.782,41.95,60.503,8.483,1
2025-07-17,R18,24.157,0.5743,31.241,48.088,64.413,7.583,1
2025-07-18,R18,25.432,0.5632,14.962,40.442,37.852,9.615,1
2025-07-19,R18,25.133,0.5058,14.275,35.467,84.857,5.104,1
2025-07-20,R18,23.335,0.5497,4.631,34.339,34.02,8.507,1
2025-07-21,R18,25.94,0.5872,16.44,35.561,80.183,7.142,1
2025-07-22,R18,23.604,0.532,5.76,35.775,68.708,8.348,1
2025-07-23,R18,25.285,0.509,8.67,34.516,70.499,8.193,1
2025-07-24,R18,24.053,0.5729,3.085,37.996,30.594,8.804,1
2025-07-25,R18,26.285,0.4972,3.803,31.416,58.108,9.555,1
2025-07-26,R18,27.089,0.5476,12.156,36.391,72.157,5.593,1
2025-07-27,R18,26.829,0.5007,11.48,39.311,53.137,9.431,1
2025-07-28,R18,26.303,0.5653,5.567,35.854,77.822,7.325,1
2025-07-29,R18,24.35,0.4577,10.001,32.861,41.905,8.342,1
2025-07-30,R18,26.615,0.5882,4.408,31.741,72.366,6.563,1
2025-07-31,R18,26.288,0.5466,8.149,36.026,53.915,7.694,1
2025-08-01,R18,22.962,0.5663,6.295,40.258,41.798,7.614,1
2025-08-02,R18,25.018,0.5034,3.012,34.952,45.217,7.664,1
2025-08-03,R18,27.033,0.4967,8.285,35.732,45.279,8.117,1
2025-08-04,R18,22.76,0.7113,7.695,35.986,84.571,6.489,1
2025-08-05,R18,24.313,0.4932,10.526,38.432,57.138,8.526,1
2025-08-06,R18,19.415,0.6945,13.133,41.959,65.535,4.946,0
2025-08-07,R18,21.827,0.5687,1.693,34.476,28.725,8.32,1
2025-08-08,R18,27.58,0.4022,6.413,39.049,53.33,9.662,1
2025-08-09,R18,22.282,0.5773,16.894,42.643,73.385,6.389,0
2025-08-10,R18,19.699,0.6496,6.282,37.216,51.329,7.814,1
2025-08-11,R18,23.653,0.6644,0.542,31.517,36.723,8.312,1
2025-08-12,R18,25.288,0.5262,1.225,39.772,24.443,8.684,1
2025-08-13,R18,23.186,0.5505,12.315,42.471,38.704,8.305,1
2025-08-14,R18,26.867,0.6,6.373,30.947,47.994,6.528,1
2025-08-15,R18,25.081,0.5572,9.404,34.059,72.169,8.36,1
2025-08-16,R18,25.135,0.5773,19.685,41.725,67.044,6.577,1
2025-08-17,R18,19.637,0.4957,4.466,39.854,48.621,6.443,1
2025-08-18,R18,22.435,0.4989,14.542,39.952,70.016,6.566,1
2025-08-19,R18,23.633,0.5339,12.392,42.607,46.541,8.974,1
2025-08-20,R18,24.454,0.5631,9.219,37.345,82.293,6.638,1
2025-08-21,R18,21.887,0.4358,2.932,35.847,54.473,8.838,1
2025-08-22,R18,23.495,0.6495,1.512,37.805,60.038,7.265,1
2025-08-23,R18,24.217,0.4752,6.047,37.271,37.461,7.293,1
2025-08-24,R18,23.167,0.5718,6.715,38.619,62.269,7.66,1
2025-08-25,R18,22.981,0.6187,5.26,36.095,57.309,5.871,1
2025-08-26,R18,22.67,0.4759,5.06,38.314,57.224,5.88,1
2025-08-27,R18,23.758,0.4365,3.189,35.279,40.984,9.702,1
2025-08-28,R18,23.42,0.5928,3.806,36.694,26.011,8.671,1
2025-08-29,R18,24.299,0.4575,10.696,37.753,51.427,6.636,1
2025-08-30,R18,22.802,0.4261,2.514,35.985,42.534,7.629,1
2025-08-31,R18,22.083,0.5439,8.43,37.019,46.711,7.542,1
2025-09-01,R18,21.065,0.705,3.055,34.599,39.849,7.123,1
2025-09-02,R18,18.468,0.5503,3.632,33.348,47.443,6.953,1
2025-09-03,R18,24.34,0.644,2.588,39.268,79.252,6.083,1
2025-09-04,R18,24.924,0.5631,26.756,43.422,53.679,6.729,1
2025-09-05,R18,22.64,0.5417,2.389,35.866,5,9.816,1
2025-09-06,R18,20.856,0.5048,2.092,37.09,29.7,7.114,1
2025-09-07,R18,20.664,0.5898,10.25,44.194,54.519,6.096,1
2025-09-08,R18,23.314,0.568,1.604,30.444,54.115,7.747,1
2025-09-09,R18,21.437,0.4532,6.414,30.673,61.148,7.564,1
2025-09-10,R18,23.452,0.5259,9.233,38.98,37.649,8.477,1
2025-09-11,R18,23.458,0.5828,20.631,37.158,47.411,8.063,1
2025-09-12,R18,25.264,0.4703,6.975,31.708,23.57,8.88,1
2025-09-13,R18,23.336,0.5294,6.179,39.911,38.051,8.632,1
2025-09-14,R18,20.342,0.5224,5.858,36.03,61.064,6.848,1
2025-09-15,R18,23.575,0.5729,10.057,37.091,39.301,7.358,1
2025-09-16,R18,22.136,0.5544,1.209,35.712,5,9.84,1
2025-09-17,R18,20.962,0.5542,2.218,37.886,47.805,6.519,1
2025-09-18,R18,23.477,0.4833,0.683,28.63,53.975,9.102,1
2025-09-19,R18,22.682,0.6275,3.105,35.854,39.619,7.819,1
2025-09-20,R18,21.155,0.6104,5.615,31.967,45.651,8.098,1
2025-09-21,R18,21.709,0.4517,15.483,35.784,67.294,6.114,1
2025-09-22,R18,24.557,0.536,7.427,32.52,36.781,8.733,1
2025-09-23,R18,22.896,0.6246,1.701,29.758,11.353,8.643,1
2025-09-24,R18,24.664,0.3691,21.65,41.036,67.548,6.375,1
2025-09-25,R18,20.328,0.7751,6.609,31.874,24.123,7.886,1
2025-09-26,R18,24.125,0.4914,6.785,29.535,28.504,8.729,1
2025-09-27,R18,22.181,0.4626,5.229,35.426,52.355,7.312,1
2025-09-28,R18,20.948,0.534,6.434,38.35,40.849,7.411,1
2025-09-29,R18,22.559,0.5044,19.506,39.603,49.258,7.77,1
2025-09-30,R18,21.796,0.577,14.274,40.408,36.692,8.306,1
2025-10-01,R18,21.127,0.6527,2.029,38.779,49.433,7.334,1
2025-10-02,R18,20.004,0.633,8.074,38.478,51.083,7.15,1
2025-10-03,R18,24.0,0.4753,6.443,35.487,50.748,6.66,1
2025-10-04,R18,22.441,0.5258,3.267,35.956,63.782,6.098,1
2025-10-05,R18,23.061,0.6687,1.722,36.658,36.015,7.654,1
2025-10-06,R18,20.837,0.5983,5.396,35.807,41.305,8.954,1
2025-10-07,R18,26.095,0.5408,9.839,39.183,35.742,9.427,1
2025-10-08,R18,23.375,0.5073,25.307,43.111,64.835,8.464,1
2025-10-09,R18,20.255,0.4897,14.439,44.647,52.2,8.139,1
2025-10-10,R18,21.365,0.5483,10.992,40.086,73.52,5.982,1
2025-10-11,R18,23.367,0.6508,13.771,43.378,35.125,7.95,1
2025-10-12,R18,20.917,0.5499,7.427,37.27,31.521,7.879,1
2025-10-13,R18,20.362,0.6677,10.061,39.017,70.547,6.418,1
2025-10-14,R18,23.779,0.5701,1.438,32.088,38.953,9.028,1
2025-10-15,R18,23.811,0.6415,11.158,31.963,50.069,8.063,1
2025-10-16,R18,22.122,0.4681,17.932,37.999,45.922,8.585,1
2025-10-17,R18,23.973,0.507,0.743,31.616,37.036,9.501,1
2025-10-18,R18,24.798,0.5419,7.562,33.277,53.313,8.486,1
2025-10-19,R18,20.809,0.489,14.763,37.893,55.717,8.376,1
2025-10-20,R18,20.387,0.7353,1.392,39.681,32.976,7.548,1
2025-10-21,R18,24.648,0.4759,7.212,32.299,61.323,6.583,1
2025-10-22,R18,20.416,0.5929,3.075,34.106,22.607,7.572,1
2025-10-23,R18,20.806,0.6281,3.102,33.629,46.464,7.583,1
2025-10-24,R18,21.434,0.5823,2.405,35.648,35.967,8.704,1
2025-10-25,R18,20.395,0.6504,4.045,36.762,31.189,7.325,1
2025-10-26,R18,22.368,0.5365,1.725,31.528,41.878,7.715,1
2025-10-27,R18,21.064,0.5228,0.711,38.198,26.704,7.951,1
2025-10-28,R18,21.851,0.4517,2.154,34.9,35.47,6.368,1
2025-10-29,R18,25.98,0.5343,9.596,38.562,59.141,6.801,1
2025-10-30,R18,24.268,0.5827,10.41,32.452,28.336,9.687,1
2025-10-31,R18,21.15,0.5855,29.828,44.334,65.02,6.76,0
2025-11-01,R18,24.736,0.4948,7.82,38.208,37.085,8.703,1
2025-11-02,R18,21.727,0.5553,16.505,37.807,61.911,6.192,1
2025-11-03,R18,23.083,0.5156,3.333,36.732,42.824,7.763,1
2025-11-04,R18,23.669,0.6137,5.602,33.486,42.37,8.87,1
2025-11-05,R18,21.729,0.5748,8.024,35.998,31.666,9.309,1
2025-11-06,R18,25.038,0.4766,4.494,30.966,57.005,8.783,1
2025-11-07,R18,22.006,0.5537,18.197,39.59,45.538,7.488,1
2025-11-08,R18,23.486,0.5206,12.987,42.4,80.637,7.0,1
2025-11-09,R18,21.366,0.5713,6.723,38.727,60.524,7.06,1
2025-11-10,R18,21.535,0.5934,25.872,44.348,69.417,5.605,0
2025-11-11,R18,22.139,0.5375,12.787,43.597,41.518,7.965,1
2025-11-12,R18,22.127,0.5007,5.458,38.07,90.304,5.195,1
2025-11-13,R18,25.241,0.5774,23.096,34.01,79.24,6.68,1
2025-11-14,R18,20.613,0.5525,11.807,39.201,77.236,7.476,1
2025-11-15,R18,23.98,0.5421,11.278,37.09,65.628,6.743,1
2025-11-16,R18,21.635,0.4947,3.13,32.84,45.433,7.442,1
2025-11-17,R18,20.697,0.4901,5.892,32.999,71.46,5.467,1
2025-11-18,R18,24.077,0.5273,13.651,44.635,56.751,7.626,1
2025-11-19,R18,23.087,0.5143,3.369,33.246,70.874,6.819,1
2025-11-20,R18,21.681,0.5729,9.068,38.7,49.092,8.335,1
2025-11-21,R18,28.221,0.4328,3.719,36.298,23.703,11.548,1
2025-11-22,R18,24.598,0.4404,13.614,36.822,63.855,7.586,1
2025-11-23,R18,24.402,0.6596,12.089,39.196,69.037,7.966,1
2025-11-24,R18,26.137,0.5023,8.779,33.126,66.898,6.678,1
2025-11-25,R18,23.82,0.4365,8.349,37.987,44.363,8.299,1
2025-11-26,R18,24.754,0.4397,14.235,39.086,46.637,9.013,1
2025-11-27,R18,24.758,0.5137,3.892,33.711,42.812,7.876,1
2025-11-28,R18,22.697,0.6373,3.032,33.864,79.715,5.567,1
2025-11-29,R18,29.081,0.557,11.083,30.884,69.359,8.676,1
2025-11-30,R18,25.614,0.6021,3.276,41.794,31.825,8.529,1
2025-12-01,R18,23.905,0.5735,37.214,47.283,72.192,6.732,1
2025-12-02,R18,24.983,0.4152,5.13,39.521,48.519,8.872,1
2025-12-03,R18,24.544,0.5469,12.747,37.521,44.684,9.793,1
2025-12-04,R18,25.29,0.6509,4.986,35.57,43.85,8.603,1
2025-12-05,R18,25.134,0.5861,4.984,33.802,44.746,7.942,1
2025-12-06,R18,27.477,0.5955,2.633,28.593,54.757,9.673,1
2025-12-07,R18,26.861,0.5404,13.134,37.319,68.632,6.652,1
2025-12-08,R18,25.029,0.4874,2.545,26.982,40.74,8.087,1
2025-12-09,R18,25.943,0.3664,18.662,34.149,78.848,7.052,1
2025-12-10,R18,23.336,0.5811,3.292,38.126,24.349,9.933,1
2025-12-11,R18,22.857,0.5757,13.972,37.954,58.046,7.572,1
2025-12-12,R18,26.037,0.5778,5.62,33.74,34.779,9.353,1
2025-12-13,R18,22.136,0.5112,2.586,31.565,26.615,8.81,1
2025-12-14,R18,22.759,0.5704,22.158,39.702,75.177,8.083,1
2025-12-15,R18,23.981,0.6528,10.81,37.193,41.566,9.131,1
2025-12-16,R18,23.8,0.4603,4.426,39.866,39.155,8.072,1
2025-12-17,R18,24.915,0.573,3.354,37.514,65.57,6.699,1
2025-12-18,R18,24.344,0.6403,18.59,39.372,70.167,6.574,1
2025-12-19,R18,26.151,0.6651,6.057,31.402,34.942,8.703,1
2025-12-20,R18,21.733,0.5643,6.952,34.558,33.379,7.292,1
2025-12-21,R18,25.549,0.5872,1.18,31.689,88.521,6.569,1
2025-12-22,R18,27.749,0.5305,20.001,39.805,66.102,7.545,1
2025-12-23,R18,27.18,0.5083,0.805,31.888,65.975,8.506,1
2025-12-24,R18,24.301,0.6308,3.074,30.511,49.825,8.598,1
2025-12-25,R18,25.627,0.6152,29.113,42.885,51.569,7.231,1
2025-12-26,R18,28.205,0.4612,3.296,31.82,25.931,10.61,1
2025-12-27,R18,27.534,0.501,5.245,33.296,83.578,7.838,1
2025-12-28,R18,25.106,0.5405,5.304,39.373,91.204,5.724,1
2025-12-29,R18,28.711,0.5808,1.853,33.002,35.273,9.27,1
2025-12-30,R18,24.704,0.5951,19.749,37.841,89.063,5.726,1
2025-12-31,R18,25.523,0.524,13.96,39.254,53.325,8.955,1
2025-01-01,R19,20.343,0.2879,3.011,53.474,76.189,6.433,1
2025-01-02,R19,16.957,0.3863,10.392,60.241,57.365,5.903,0
2025-01-03,R19,20.258,0.3659,7.189,60.173,42.444,6.505,1
2025-01-04,R19,21.478,0.4226,6.898,56.413,76.946,4.849,0
2025-01-05,R19,21.476,0.2808,10.57,58.241,57.892,6.804,1
2025-01-06,R19,23.182,0.3068,14.232,54.121,70.666,8.222,1
2025-01-07,R19,18.756,0.3432,19.624,61.94,68.686,5.219,0
2025-01-08,R19,19.347,0.4005,1.803,55.198,12.422,8.12,1
2025-01-09,R19,21.039,0.36,22.433,63.998,89.873,5.804,0
2025-01-10,R19,20.717,0.4839,9.139,65.4,81.935,6.373,0
2025-01-11,R19,20.871,0.298,6.376,59.387,44.352,8.93,1
2025-01-12,R19,20.236,0.3333,18.832,66.153,85.628,5.551,0
2025-01-13,R19,25.507,0.2839,17.621,61.823,52.738,7.297,1
2025-01-14,R19,24.482,0.2024,3.075,52.92,39.886,8.267,1
2025-01-15,R19,20.27,0.3547,13.545,59.845,45.733,7.612,1
2025-01-16,R19,22.648,0.3694,2.299,57.739,29.307,8.496,1
2025-01-17,R19,20.855,0.4231,8.178,62.055,46.631,6.854,1
2025-01-18,R19,18.906,0.3601,13.983,63.587,51.813,6.159,0
2025-01-19,R19,20.922,0.2749,29.476,68.593,85.886,5.16,0
2025-01-20,R19,24.119,0.2095,2.695,57.514,67.418,7.462,1
2025-01-21,R19,20.872,0.4707,10.815,58.926,73.987,6.866,0
2025-01-22,R19,21.331,0.3837,5.237,52.803,38.942,6.079,1
2025-01-23,R19,23.2,0.2295,11.794,53.804,38.407,8.146,1
2025-01-24,R19,20.825,0.3874,12.471,55.928,51.895,6.782,1
2025-01-25,R19,21.386,0.3886,24.013,63.548,66.695,7.091,0
2025-01-26,R19,22.834,0.3838,15.326,58.866,72.42,7.954,1
2025-01-27,R19,21.677,0.4565,25.107,65.817,62.122,6.105,0
2025-01-28,R19,23.993,0.2918,8.047,55.451,57.519,8.259,1
2025-01-29,R19,19.168,0.4162,8.011,58.552,79.457,6.165,0
2025-01-30,R19,24.455,0.2214,0.981,56.274,64.237,6.357,1
2025-01-31,R19,20.031,0.2742,0.42,60.646,27.056,7.443,0
2025-02-01,R19,21.732,0.4434,4.423,57.927,42.733,8.8,1
2025-02-02,R19,22.728,0.3115,5.753,54.006,55.791,5.998,1
2025-02-03,R19,21.947,0.4339,10.876,59.908,33.091,6.644,0
2025-02-04,R19,22.236,0.3027,1.31,55.847,23.721,8.733,1
2025-02-05,R19,20.799,0.2824,6.565,60.63,61.746,5.777,0
2025-02-06,R19,24.602,0.3746,12.553,59.699,59.557,9.346,1
2025-02-07,R19,23.256,0.3735,11.923,58.032,47.59,6.626,1
2025-02-08,R19,22.929,0.3892,16.194,61.403,73.712,5.995,0
2025-02-09,R19,22.497,0.2936,14.19,63.962,33.419,7.846,0
2025-02-10,R19,24.043,0.3027,3.677,58.555,19.791,8.243,1
2025-02-11,R19,22.586,0.309,14.255,61.284,50.972,7.903,1
2025-02-12,R19,24.151,0.1775,1.868,49.73,52.248,6.885,1
2025-02-13,R19,21.399,0.3655,13.82,59.903,41.493,7.437,1
2025-02-14,R19,21.985,0.2868,21.114,62.19,79.048,7.057,0
2025-02-15,R19,21.692,0.3205,12.189,62.889,50.008,6.893,0
2025-02-16,R19,23.399,0.3052,2.486,55.656,47.744,7.781,1
2025-02-17,R19,22.707,0.2164,18.164,58.44,73.219,6.647,0
2025-02-18,R19,25.383,0.2372,14.575,55.25,62.487,7.234,1
2025-02-19,R19,26.834,0.2156,20.485,59.26,59.755,7.484,1
2025-02-20,R19,24.729,0.398,7.039,55.026,44.845,8.194,1
2025-02-21,R19,24.798,0.2683,2.649,48.974,42.062,8.205,1
2025-02-22,R19,25.116,0.3618,33.467,62.79,59.657,6.61,0
2025-02-23,R19,23.874,0.3247,9.47,51.094,54.915,8.445,1
2025-02-24,R19,23.873,0.32,11.701,55.779,58.992,6.88,1
2025-02-25,R19,26.493,0.3202,5.642,53.558,36.64,9.944,1
2025-02-26,R19,24.085,0.3689,2.136,57.775,33.444,8.874,1
2025-02-27,R19,23.309,0.3076,11.962,62.003,60.091,7.254,1
2025-02-28,R19,21.39,0.25,26.03,63.432,79.619,4.898,0
2025-03-01,R19,23.984,0.3242,31.966,64.424,83.614,7.51,0
2025-03-02,R19,24.824,0.3059,11.528,54.84,51.808,8.873,1
2025-03-03,R19,26.321,0.3242,6.355,58.968,61.827,8.251,1
2025-03-04,R19,23.673,0.1985,15.227,57.716,75.013,6.516,1
2025-03-05,R19,23.774,0.2487,1.286,58.327,72.205,7.54,1
2025-03-06,R19,24.053,0.3501,8.908,56.318,86.532,6.249,1
2025-03-07,R19,24.052,0.3068,10.743,61.306,32.058,10.032,1
2025-03-08,R19,27.542,0.2663,17.159,59.779,64.655,8.256,1
2025-03-09,R19,29.126,0.2501,14.543,52.681,50.377,8.972,1
2025-03-10,R19,26.146,0.3147,6.105,51.272,36.457,10.516,1
2025-03-11,R19,25.909,0.3223,6.967,46.657,38.004,9.222,1
2025-03-12,R19,23.656,0.2612,7.007,59.436,41.537,6.742,1
2025-03-13,R19,23.211,0.395,12.017,55.494,38.336,8.039,1
2025-03-14,R19,26.891,0.2741,15.575,51.907,64.3,8.341,1
2025-03-15,R19,22.831,0.2988,1.405,53.588,28.814,6.856,1
2025-03-16,R19,25.554,0.1791,6.343,56.29,39.067,9.306,1
2025-03-17,R19,22.718,0.3406,0.435,51.022,5,10.258,1
2025-03-18,R19,26.182,0.255,4.62,59.175,75.497,7.487,1
2025-03-19,R19,28.101,0.2972,6.272,50.766,50.407,10.103,1
2025-03-20,R19,22.549,0.3839,0.34,52.423,5,10.664,1
2025-03-21,R19,23.793,0.2298,20.122,58.501,65.773,7.179,1
2025-03-22,R19,25.416,0.3204,12.679,59.46,54.796,8.957,1
2025-03-23,R19,26.293,0.2258,4.856,54.814,83.162,7.646,1
2025-03-24,R19,26.958,0.2632,2.866,51.256,53.085,9.981,1
2025-03-25,R19,26.779,0.1624,2.171,56.727,56.455,8.103,1
2025-03-26,R19,29.337,0.1939,9.688,53.321,26.25,10.216,1
2025-03-27,R19,19.819,0.3948,3.813,54.747,46.217,7.466,1
2025-03-28,R19,23.602,0.3608,13.739,64.182,52.513,5.703,0
2025-03-29,R19,24.517,0.2851,3.72,58.389,57.018,8.491,1
2025-03-30,R19,24.839,0.3273,10.225,57.144,39.716,9.541,1
2025-03-31,R19,21.974,0.3261,2.38,57.195,54.0,7.385,1
2025-04-01,R19,24.157,0.2,10.765,59.184,38.403,9.394,1
2025-04-02,R19,25.041,0.3808,5.013,48.956,23.097,9.119,1
2025-04-03,R19,23.167,0.4066,1.15,53.218,25.809,8.857,1
2025-04-04,R19,23.843,0.268,7.806,55.567,79.353,6.71,1
2025-04-05,R19,26.008,0.3071,3.09,56.49,25.18,9.026,1
2025-04-06,R19,28.049,0.2135,1.076,43.761,12.895,9.61,1
2025-04-07,R19,25.279,0.4738,9.805,56.439,56.484,8.205,1
2025-04-08,R19,25.68,0.3194,8.231,52.059,59.997,8.057,1
2025-04-09,R19,25.329,0.2923,3.701,57.459,67.325,7.458,1
2025-04-10,R19,24.834,0.3243,20.682,57.408,65.109,6.027,0
2025-04-11,R19,25.85,0.3954,15.761,59.558,60.451,9.834,1
2025-04-12,R19,24.779,0.2406,18.53,58.089,50.065,7.245,0
2025-04-13,R19,22.15,0.3588,27.037,59.269,37.12,8.792,0
2025-04-14,R19,23.941,0.3507,26.783,61.698,70.749,7.176,0
2025-04-15,R19,25.828,0.2898,7.351,59.189,38.417,8.268,1
2025-04-16,R19,26.228,0.255,2.531,51.577,72.25,5.994,1
2025-04-17,R19,24.491,0.2928,3.266,58.358,17.24,9.83,1
2025-04-18,R19,22.374,0.2834,5.944,61.304,66.832,7.712,1
2025-04-19,R19,25.564,0.359,19.05,66.976,38.432,9.45,1
2025-04-20,R19,20.614,0.2608,9.925,58.154,70.268,7.329,1
2025-04-21,R19,23.245,0.3639,20.031,63.012,80.747,5.182,0
2025-04-22,R19,24.226,0.2929,14.857,62.608,53.255,7.252,1
2025-04-23,R19,21.223,0.3968,5.944,60.775,36.866,7.116,0
2025-04-24,R19,25.705,0.2786,1.927,51.443,52.291,7.319,1
2025-04-25,R19,24.171,0.3209,4.28,52.696,27.567,9.829,1
2025-04-26,R19,26.752,0.351,24.124,63.579,67.313,6.699,0
2025-04-27,R19,24.751,0.2561,7.792,56.669,53.706,8.947,1
2025-04-28,R19,24.551,0.323,3.957,60.905,27.209,9.125,1
2025-04-29,R19,22.736,0.3718,19.731,60.177,92.381,5.08,0
2025-04-30,R19,27.104,0.2422,1.651,50.597,29.338,10.26,1
2025-05-01,R19,24.5,0.3908,15.536,57.277,48.33,8.074,1
2025-05-02,R19,24.615,0.3768,22.383,64.723,64.481,6.452,0
2025-05-03,R19,23.168,0.392,2.076,59.431,62.776,7.31,1
2025-05-04,R19,25.286,0.2378,0.927,55.593,11.084,9.999,1
2025-05-05,R19,23.345,0.2365,7.576,57.234,78.293,5.147,0
2025-05-06,R19,26.317,0.2534,2.318,52.406,17.896,9.9,1
2025-05-07,R19,23.455,0.2948,13.321,63.896,84.551,5.568,0
2025-05-08,R19,22.104,0.3333,1.389,58.975,40.733,7.103,1
2025-05-09,R19,22.695,0.2307,2.372,56.834,42.592,6.853,1
2025-05-10,R19,25.125,0.1939,4.045,53.851,36.17,10.171,1
2025-05-11,R19,24.001,0.3487,1.466,52.052,60.28,8.224,1
2025-05-12,R19,26.349,0.2667,7.096,56.691,51.506,7.609,1
2025-05-13,R19,24.404,0.2595,2.453,55.234,46.563,8.364,1
2025-05-14,R19,20.759,0.4538,3.735,56.875,71.258,5.987,0
2025-05-15,R19,22.063,0.2566,2.858,52.52,66.379,5.763,0
2025-05-16,R19,23.92,0.3002,12.703,55.194,54.797,7.394,1
2025-05-17,R19,26.195,0.3128,12.952,55.411,80.872,5.465,0
2025-05-18,R19,27.928,0.2391,4.777,59.481,24.149,9.202,1
2025-05-19,R19,21.6,0.2154,1.851,54.239,25.548,9.165,1
2025-05-20,R19,25.387,0.3077,3.206,57.641,47.222,8.103,1
2025-05-21,R19,22.719,0.3116,3.04,56.198,25.529,8.452,1
2025-05-22,R19,23.824,0.2005,33.611,65.414,68.232,6.588,0
2025-05-23,R19,22.421,0.3961,1.541,57.03,45.971,7.516,1
2025-05-24,R19,22.421,0.2561,2.074,57.364,56.226,6.451,1
2025-05-25,R19,21.954,0.4743,11.709,58.189,33.152,8.217,1
2025-05-26,R19,23.369,0.3277,7.4,57.101,55.859,7.649,1
2025-05-27,R19,23.526,0.3615,6.547,53.966,84.323,5.593,0
2025-05-28,R19,19.898,0.3196,1.557,54.316,21.126,7.447,1
2025-05-29,R19,22.891,0.3471,21.129,56.467,70.03,5.959,0
2025-05-30,R19,21.954,0.3546,19.158,59.3,81.526,4.996,0
2025-05-31,R19,24.567,0.3614,14.417,61.574,42.569,6.159,1
2025-06-01,R19,22.082,0.3859,43.902,67.291,83.636,5.763,0
2025-06-02,R19,23.364,0.2963,10.453,61.104,58.063,7.729,1
2025-06-03,R19,22.329,0.3861,6.029,59.128,40.266,8.39,1
2025-06-04,R19,22.915,0.4193,13.64,56.938,53.626,6.941,1
2025-06-05,R19,21.032,0.4785,9.059,59.958,66.85,5.455,0
2025-06-06,R19,26.043,0.2644,3.247,56.022,27.901,8.15,1
2025-06-07,R19,24.738,0.4215,10.401,62.565,53.795,7.532,1
2025-06-08,R19,24.598,0.3417,13.537,55.093,53.153,8.544,1
2025-06-09,R19,24.479,0.2648,15.636,65.782,92.527,5.44,0
2025-06-10,R19,23.855,0.3625,2.965,53.526,35.15,8.744,1
2025-06-11,R19,20.47,0.3187,1.422,57.041,63.836,6.386,1
2025-06-12,R19,22.544,0.2851,3.045,53.751,13.964,9.307,1
2025-06-13,R19,18.605,0.4718,6.106,58.391,57.916,6.416,0
2025-06-14,R19,22.73,0.3363,3.442,52.661,53.118,5.75,0
2025-06-15,R19,20.26,0.4532,11.102,55.859,85.4,5.091,0
2025-06-16,R19,21.981,0.3909,0.482,54.661,7.623,10.344,1
2025-06-17,R19,20.763,0.3149,1.106,53.93,57.844,6.576,1
2025-06-18,R19,25.111,0.3482,6.27,49.642,30.197,9.335,1
2025-06-19,R19,22.106,0.3187,8.788,62.237,41.113,7.906,0
2025-06-20,R19,21.491,0.3142,12.409,57.721,47.942,6.992,1
2025-06-21,R19,22.158,0.2985,22.978,59.443,63.79,6.835,0
2025-06-22,R19,20.83,0.2912,24.776,62.327,89.118,6.392,0
2025-06-23,R19,16.772,0.325,11.25,57.962,54.005,5.513,0
2025-06-24,R19,20.017,0.3789,12.42,58.582,90.607,5.461,0
2025-06-25,R19,22.867,0.3468,3.137,51.726,64.615,7.919,1
2025-06-26,R19,19.006,0.378,13.548,58.184,53.444,5.651,0
2025-06-27,R19,20.586,0.3461,1.28,62.065,25.13,8.774,1
2025-06-28,R19,22.496,0.296,2.106,51.088,78.377,5.806,1
2025-06-29,R19,22.144,0.3249,6.027,58.501,61.779,5.871,0
2025-06-30,R19,22.084,0.2997,23.644,63.781,84.459,5.673,0
2025-07-01,R19,21.706,0.3606,1.361,50.011,48.906,7.41,1
2025-07-02,R19,21.305,0.3449,1.869,54.095,45.342,7.65,1
2025-07-03,R19,19.018,0.3352,6.029,62.136,52.348,6.289,0
2025-07-04,R19,21.775,0.3452,1.779,57.928,28.882,8.84,1
2025-07-05,R19,20.167,0.3472,4.495,57.968,48.419,7.121,1
2025-07-06,R19,23.441,0.3526,42.121,66.118,79.802,5.518,0
2025-07-07,R19,21.14,0.3624,9.69,60.963,52.437,5.772,0
2025-07-08,R19,18.042,0.3075,6.764,56.009,63.863,5.524,0
2025-07-09,R19,22.739,0.4329,9.051,57.121,32.194,8.406,1
2025-07-10,R19,18.461,0.2969,4.896,56.434,48.022,8.304,1
2025-07-11,R19,21.517,0.2744,0.948,58.486,76.169,6.721,1
2025-07-12,R19,18.085,0.3224,8.311,57.531,28.176,7.636,1
2025-07-13,R19,19.43,0.4383,16.047,63.901,49.682,7.998,0
2025-07-14,R19,21.525,0.2906,3.716,55.85,53.622,6.879,1
2025-07-15,R19,17.918,0.3235,9.262,59.315,81.949,5.842,0
2025-07-16,R19,18.545,0.486,3.978,57.123,49.801,6.737,0
2025-07-17,R19,19.697,0.3679,19.983,61.365,63.112,6.518,0
2025-07-18,R19,16.557,0.3461,23.597,68.334,61.2,6.233,0
2025-07-19,R19,21.857,0.242,9.16,57.748,51.647,7.634,1
2025-07-20,R19,15.558,0.4639,9.922,59.768,36.158,5.95,0
2025-07-21,R19,19.844,0.4042,10.413,59.015,55.289,7.329,1
2025-07-22,R19,15.94,0.5054,15.775,59.628,51.774,5.068,0
2025-07-23,R19,17.561,0.3985,8.416,60.964,77.199,4.068,0
2025-07-24,R19,19.376,0.4624,28.193,63.167,89.85,5.382,0
2025-07-25,R19,18.919,0.4101,2.403,55.45,67.091,6.451,0
2025-07-26,R19,16.264,0.4076,6.858,61.304,18.501,7.703,0
2025-07-27,R19,19.707,0.2421,4.923,55.748,35.536,5.051,0
2025-07-28,R19,18.163,0.2767,13.279,61.06,56.533,5.843,0
2025-07-29,R19,19.63,0.2713,3.65,59.32,50.35,8.123,1
2025-07-30,R19,18.43,0.3773,3.67,52.433,23.834,8.957,1
2025-07-31,R19,20.935,0.4005,5.788,59.709,17.545,7.822,1
2025-08-01,R19,14.822,0.3688,5.469,61.263,34.604,7.966,0
2025-08-02,R19,15.3,0.4004,7.18,61.881,66.9,6.367,0
2025-08-03,R19,15.492,0.415,10.592,64.463,77.881,5.208,0
2025-08-04,R19,16.96,0.4137,11.85,65.282,31.093,7.302,0
2025-08-05,R19,19.13,0.3598,0.86,58.491,26.169,7.859,0
2025-08-06,R19,18.791,0.3151,5.978,59.084,72.213,4.891,0
2025-08-07,R19,21.402,0.399,7.542,57.514,53.731,7.381,0
2025-08-08,R19,18.399,0.252,17.711,56.305,50.677,6.055,0
2025-08-09,R19,15.037,0.3471,4.584,60.855,82.145,2.384,0
2025-08-10,R19,17.609,0.3928,13.43,61.598,48.355,6.933,0
2025-08-11,R19,20.647,0.3544,1.567,53.347,35.169,7.548,1
2025-08-12,R19,18.677,0.3507,15.966,65.267,56.138,7.268,0
2025-08-13,R19,16.991,0.345,1.016,59.989,29.924,7.006,0
2025-08-14,R19,17.279,0.4435,10.307,62.511,90.046,4.683,0
2025-08-15,R19,18.228,0.3338,7.494,59.588,68.274,5.227,0
2025-08-16,R19,17.963,0.3124,3.334,55.202,58.333,5.388,0
2025-08-17,R19,16.59,0.3702,10.711,61.693,82.338,5.662,0
2025-08-18,R19,18.74,0.2587,3.256,58.521,72.9,6.226,1
2025-08-19,R19,14.876,0.3374,0.338,56.58,32.112,6.588,0
2025-08-20,R19,17.093,0.4246,1.361,59.154,32.614,6.674,0
2025-08-21,R19,17.566,0.3949,1.852,59.79,23.259,5.717,0
2025-08-22,R19,16.841,0.3106,39.935,71.331,70.811,5.449,0
2025-08-23,R19,18.021,0.359,10.493,55.814,67.967,5.925,0
2025-08-24,R19,17.225,0.4902,17.536,63.493,51.202,7.143,0
2025-08-25,R19,18.144,0.32,33.889,67.399,75.034,4.978,0
2025-08-26,R19,16.386,0.3272,14.345,68.025,67.379,5.62,0
2025-08-27,R19,16.301,0.3431,7.425,65.637,53.02,6.325,0
2025-08-28,R19,17.558,0.3608,3.708,61.253,43.718,5.33,0
2025-08-29,R19,20.831,0.2435,3.056,59.358,43.492,7.263,1
2025-08-30,R19,14.758,0.389,18.369,67.227,48.463,6.377,0
2025-08-31,R19,15.203,0.3551,1.089,59.719,28.083,7.767,1
2025-09-01,R19,14.282,0.4204,6.538,59.797,45.26,6.353,0
2025-09-02,R19,17.623,0.3908,3.947,58.769,58.169,6.354,0
2025-09-03,R19,16.276,0.2617,16.667,61.952,51.431,5.918,0
2025-09-04,R19,18.409,0.3912,1.511,57.838,16.173,8.178,1
2025-09-05,R19,16.032,0.3672,15.72,61.051,83.024,5.145,0
2025-09-06,R19,15.634,0.3828,11.902,64.16,60.982,6.675,0
2025-09-07,R19,17.572,0.4318,4.988,57.152,34.917,7.323,1
2025-09-08,R19,19.246,0.3109,28.475,66.263,47.721,4.452,0
2025-09-09,R19,15.251,0.3789,23.443,72.755,100,3.797,0
2025-09-10,R19,15.194,0.4465,6.935,64.838,53.675,4.088,0
2025-09-11,R19,18.647,0.2703,7.879,59.619,26.907,7.415,0
2025-09-12,R19,15.937,0.3062,1.941,61.122,68.677,6.156,0
2025-09-13,R19,16.401,0.4035,1.763,54.66,45.235,6.418,1
2025-09-14,R19,17.356,0.4001,14.425,62.445,69.911,5.061,0
2025-09-15,R19,13.858,0.355,6.444,59.42,36.909,7.123,1
2025-09-16,R19,16.311,0.3704,13.393,61.288,100,2.902,0
2025-09-17,R19,14.375,0.313,3.43,59.664,26.31,6.699,0
2025-09-18,R19,16.201,0.3161,8.423,56.927,34.326,7.734,1
2025-09-19,R19,17.141,0.4103,6.369,64.588,57.931,6.628,0
2025-09-20,R19,15.719,0.2785,15.521,66.667,49.602,5.821,0
2025-09-21,R19,18.939,0.2476,4.403,64.769,48.652,7.203,1
2025-09-22,R19,16.313,0.2913,5.61,55.76,54.417,6.672,1
2025-09-23,R19,16.526,0.3088,28.768,68.241,56.067,7.088,0
2025-09-24,R19,15.751,0.4257,0.822,60.256,87.274,3.141,0
2025-09-25,R19,14.247,0.356,3.431,63.221,50.266,5.78,0
2025-09-26,R19,14.765,0.3784,8.606,62.855,50.861,5.715,0
2025-09-27,R19,16.202,0.2775,10.241,61.229,35.078,7.245,1
2025-09-28,R19,12.481,0.409,18.271,69.155,30.143,7.462,0
2025-09-29,R19,15.96,0.4524,12.093,61.295,65.069,4.623,0
2025-09-30,R19,14.763,0.4291,1.017,54.135,47.719,5.761,0
2025-10-01,R19,17.126,0.3652,7.162,64.422,37.384,8.295,1
2025-10-02,R19,14.054,0.4828,12.937,58.902,52.514,4.721,0
2025-10-03,R19,16.998,0.3999,5.714,54.449,49.311,5.449,0
2025-10-04,R19,15.385,0.425,8.159,63.75,23.841,7.449,0
2025-10-05,R19,18.343,0.3755,11.33,63.015,62.868,6.402,0
2025-10-06,R19,17.497,0.4212,5.288,63.385,31.175,7.042,0
2025-10-07,R19,16.18,0.3582,19.73,59.75,38.386,5.902,0
2025-10-08,R19,16.208,0.4293,14.591,64.325,65.727,5.069,0
2025-10-09,R19,14.446,0.3846,17.354,64.75,49.809,5.707,0
2025-10-10,R19,16.526,0.3885,1.339,55.962,24.398,6.389,0
2025-10-11,R19,12.828,0.547,5.967,61.007,55.339,6.002,0
2025-10-12,R19,17.944,0.3387,9.325,64.332,48.95,7.048,0
2025-10-13,R19,17.501,0.53,9.891,61.288,39.192,7.693,0
2025-10-14,R19,16.257,0.339,24.605,69.454,89.147,3.573,0
2025-10-15,R19,16.236,0.3429,4.208,60.909,52.771,6.749,0
2025-10-16,R19,15.95,0.3997,4.699,58.092,42.336,6.861,1
2025-10-17,R19,14.603,0.4237,9.357,64.924,47.461,6.42,0
2025-10-18,R19,13.992,0.4185,6.067,52.343,65.267,5.84,0
2025-10-19,R19,17.576,0.3655,10.811,63.529,65.546,5.436,0
2025-10-20,R19,18.168,0.273,9.267,50.898,70.603,6.167,1
2025-10-21,R19,18.572,0.4705,23.625,64.133,64.176,5.779,0
2025-10-22,R19,17.314,0.3533,1.915,58.21,32.375,6.787,0
2025-10-23,R19,18.909,0.4552,17.52,62.426,76.927,4.939,0
2025-10-24,R19,18.593,0.4056,10.725,63.081,44.192,7.981,0
2025-10-25,R19,15.174,0.4922,2.364,60.398,49.776,6.369,0
2025-10-26,R19,14.229,0.5226,9.432,60.054,38.581,5.915,0
2025-10-27,R19,13.793,0.3963,14.844,65.558,60.393,3.967,0
2025-10-28,R19,19.771,0.4084,1.63,54.246,51.62,5.759,1
2025-10-29,R19,17.629,0.2908,1.224,58.641,22.974,7.318,0
2025-10-30,R19,17.527,0.4701,4.131,53.168,50.032,6.378,0
2025-10-31,R19,17.784,0.3935,6.547,57.628,22.3,7.319,0
2025-11-01,R19,18.074,0.3945,22.202,69.442,84.474,4.47,0
2025-11-02,R19,14.407,0.4165,9.226,54.731,59.965,6.306,1
2025-11-03,R19,18.629,0.3347,6.577,61.883,37.861,6.495,0
2025-11-04,R19,17.211,0.4872,14.232,64.265,46.379,7.936,0
2025-11-05,R19,17.896,0.429,10.924,66.888,43.941,7.247,0
2025-11-06,R19,16.246,0.3644,11.013,59.158,52.9,6.214,0
2025-11-07,R19,18.563,0.4928,6.105,61.901,28.39,8.083,0
2025-11-08,R19,15.032,0.455,8.414,61.472,63.007,3.806,0
2025-11-09,R19,17.091,0.3246,5.093,62.259,68.989,5.432,0
2025-11-10,R19,16.774,0.316,1.45,58.234,51.05,7.109,0
2025-11-11,R19,16.924,0.5319,2.426,63.344,38.908,8.144,0
2025-11-12,R19,15.013,0.4251,19.379,63.953,61.01,5.786,0
2025-11-13,R19,19.097,0.345,6.082,57.306,51.062,6.192,1
2025-11-14,R19,17.89,0.4451,10.289,55.217,62.058,5.24,0
2025-11-15,R19,15.779,0.4298,32.821,71.433,71.963,5.014,0
2025-11-16,R19,16.606,0.3137,0.869,62.441,5,8.46,1
2025-11-17,R19,16.66,0.4739,60.531,79.256,73.882,6.155,0
2025-11-18,R19,16.816,0.4601,2.069,57.042,62.825,5.833,1
2025-11-19,R19,16.177,0.3285,20.253,64.001,81.492,4.065,0
2025-11-20,R19,17.19,0.4131,6.813,60.173,41.398,6.294,0
2025-11-21,R19,16.265,0.4366,1.347,57.859,54.088,4.854,0
2025-11-22,R19,15.473,0.4586,2.297,59.547,27.505,7.91,1
2025-11-23,R19,18.679,0.3257,1.91,58.216,20.52,8.077,0
2025-11-24,R19,17.607,0.3786,7.651,63.807,45.791,7.579,1
2025-11-25,R19,16.814,0.4842,9.007,60.825,44.74,4.746,0
2025-11-26,R19,16.713,0.3563,9.145,61.176,53.727,5.451,0
2025-11-27,R19,17.109,0.4072,3.405,55.003,18.792,8.089,1
2025-11-28,R19,16.612,0.3292,15.354,67.334,64.117,4.577,0
2025-11-29,R19,15.075,0.319,12.713,61.945,18.697,5.771,0
2025-11-30,R19,19.883,0.2688,15.362,60.588,74.216,4.355,0
2025-12-01,R19,15.945,0.4899,3.709,58.263,67.22,5.774,0
2025-12-02,R19,18.738,0.3317,16.678,62.756,57.835,7.003,0
2025-12-03,R19,17.748,0.4008,3.125,57.889,45.317,5.619,0
2025-12-04,R19,19.034,0.3517,0.533,56.387,67.643,7.984,1
2025-12-05,R19,19.401,0.3847,5.249,58.973,73.549,5.217,0
2025-12-06,R19,16.262,0.3168,8.435,69.135,48.487,5.841,0
2025-12-07,R19,16.895,0.4334,9.024,63.022,37.239,7.433,0
2025-12-08,R19,20.203,0.4058,16.765,59.786,80.317,4.191,0
2025-12-09,R19,17.849,0.3336,16.949,61.335,40.59,5.967,0
2025-12-10,R19,15.974,0.3257,2.173,59.241,42.367,6.397,0
2025-12-11,R19,17.342,0.4019,11.619,61.709,63.165,6.899,0
2025-12-12,R19,18.862,0.3394,6.697,62.994,83.298,5.731,0
2025-12-13,R19,17.946,0.3132,19.88,60.762,53.191,6.839,0
2025-12-14,R19,13.918,0.3884,10.2,59.99,54.808,5.487,0
2025-12-15,R19,20.522,0.4186,11.616,58.617,73.7,4.149,0
2025-12-16,R19,19.51,0.4407,15.9,60.204,47.499,7.04,0
2025-12-17,R19,21.573,0.3887,8.215,63.771,63.938,8.012,1
2025-12-18,R19,20.55,0.3733,32.407,67.542,62.986,6.504,0
2025-12-19,R19,18.933,0.424,13.633,68.838,58.337,5.961,0
2025-12-20,R19,17.091,0.3907,19.47,64.587,70.007,4.952,0
2025-12-21,R19,19.24,0.2862,5.228,58.983,27.758,7.575,1
2025-12-22,R19,18.632,0.3677,9.113,58.922,62.094,5.412,0
2025-12-23,R19,20.77,0.3791,13.892,60.936,81.482,6.008,0
2025-12-24,R19,19.204,0.3543,10.674,58.17,68.403,6.834,0
2025-12-25,R19,21.131,0.4375,5.538,53.196,70.946,5.795,0
2025-12-26,R19,19.315,0.3812,5.7,54.19,43.412,7.439,1
2025-12-27,R19,18.7,0.6075,16.679,59.195,47.074,4.986,0
2025-12-28,R19,19.116,0.3371,15.33,59.293,75.251,5.699,0
2025-12-29,R19,19.822,0.3359,15.957,60.961,46.226,6.596,0
2025-12-30,R19,22.432,0.3246,10.3,60.647,42.619,6.528,1
2025-12-31,R19,21.024,0.3788,12.669,61.42,73.469,6.43,0
2025-01-01,R20,25.077,0.4541,14.168,31.046,61.292,7.005,1
2025-01-02,R20,22.829,0.4886,7.801,26.746,82.04,5.522,1
2025-01-03,R20,26.379,0.3638,0.549,27.204,5.978,11.238,1
2025-01-04,R20,24.824,0.3649,10.528,22.985,61.928,7.712,1
2025-01-05,R20,21.271,0.3493,6.582,32.043,28.557,7.316,1
2025-01-06,R20,22.55,0.4695,9.162,28.53,48.6,7.988,1
2025-01-07,R20,20.913,0.4001,2.191,28.448,67.171,7.091,1
2025-01-08,R20,20.316,0.4859,6.848,27.051,68.956,7.115,1
2025-01-09,R20,23.545,0.5428,10.662,25.224,74.911,6.756,1
2025-01-10,R20,26.593,0.2622,13.993,22.771,56.795,8.215,1
2025-01-11,R20,26.819,0.4322,5.854,34.186,52.732,8.678,1
2025-01-12,R20,23.6,0.3603,16.324,36.071,85.866,5.461,1
2025-01-13,R20,26.637,0.3322,10.746,25.832,62.161,9.24,1
2025-01-14,R20,29.05,0.3799,8.312,29.47,48.279,9.152,1
2025-01-15,R20,24.82,0.3743,8.608,30.709,56.893,9.03,1
2025-01-16,R20,25.669,0.3989,6.68,26.696,63.769,7.699,1
2025-01-17,R20,25.899,0.3971,4.603,21.088,38.706,8.062,1
2025-01-18,R20,24.578,0.3724,24.412,30.795,45.829,6.826,1
2025-01-19,R20,23.998,0.5723,9.378,23.849,44.02,7.998,1
2025-01-20,R20,25.211,0.4385,19.258,29.286,61.3,7.112,1
2025-01-21,R20,23.777,0.3722,12.313,29.231,72.982,6.35,1
2025-01-22,R20,24.964,0.4411,4.88,28.554,43.004,9.425,1
2025-01-23,R20,27.387,0.2909,30.061,33.131,62.899,7.147,1
2025-01-24,R20,21.182,0.3515,5.674,27.255,49.353,7.74,1
2025-01-25,R20,24.302,0.3156,3.747,28.234,55.148,8.107,1
2025-01-26,R20,26.307,0.4051,2.999,25.965,40.723,7.941,1
2025-01-27,R20,23.611,0.3862,8.5,24.437,57.255,7.037,1
2025-01-28,R20,27.977,0.3787,3.432,31.112,47.13,8.206,1
2025-01-29,R20,28.666,0.346,7.147,24.428,37.23,9.832,1
2025-01-30,R20,25.582,0.5098,0.565,25.312,27.612,9.216,1
2025-01-31,R20,25.133,0.3816,7.165,26.18,54.741,6.972,1
2025-02-01,R20,26.296,0.2977,13.156,25.646,59.34,5.961,1
2025-02-02,R20,26.363,0.4292,13.117,23.919,74.659,7.898,1
2025-02-03,R20,26.869,0.4017,12.99,23.633,48.082,8.257,1
2025-02-04,R20,24.467,0.3991,22.076,34.852,57.626,6.664,1
2025-02-05,R20,24.988,0.4537,5.117,22.653,34.563,7.675,1
2025-02-06,R20,26.458,0.3785,14.024,29.307,90.116,6.054,1
2025-02-07,R20,25.35,0.4549,32.118,38.939,56.7,8.136,1
2025-02-08,R20,25.282,0.3507,13.311,29.639,70.404,6.263,1
2025-02-09,R20,26.327,0.3526,7.252,29.203,55.742,8.709,1
2025-02-10,R20,26.615,0.379,21.611,35.876,54.513,6.189,1
2025-02-11,R20,24.198,0.4562,2.66,21.563,45.858,8.194,1
2025-02-12,R20,24.159,0.425,14.709,30.434,51.449,8.148,1
2025-02-13,R20,25.724,0.4211,5.138,27.139,31.252,7.609,1
2025-02-14,R20,29.704,0.416,19.867,27.6,59.417,9.562,1
2025-02-15,R20,24.637,0.4116,2.728,22.291,45.424,7.447,1
2025-02-16,R20,25.861,0.4413,1.394,25.997,21.762,9.853,1
2025-02-17,R20,25.862,0.4662,1.197,26.946,38.688,8.643,1
2025-02-18,R20,26.99,0.3881,15.848,32.944,53.856,8.027,1
2025-02-19,R20,29.061,0.3972,8.118,26.212,67.059,6.928,1
2025-02-20,R20,26.121,0.4021,0.734,20.734,42.767,7.109,1
2025-02-21,R20,27.446,0.5584,15.925,30.597,49.341,8.111,1
2025-02-22,R20,26.117,0.3744,8.623,31.025,56.952,6.843,1
2025-02-23,R20,28.243,0.3223,6.725,21.064,46.192,8.698,1
2025-02-24,R20,24.692,0.3364,2.278,23.246,42.273,9.858,1
2025-02-25,R20,20.595,0.4267,18.1,33.01,43.48,6.687,1
2025-02-26,R20,26.883,0.436,8.337,28.093,75.216,7.515,1
2025-02-27,R20,27.39,0.456,4.531,28.084,54.462,10.978,1
2025-02-28,R20,25.381,0.3041,1.513,24.28,51.66,9.102,1
2025-03-01,R20,27.106,0.4066,2.684,24.212,77.552,8.15,1
2025-03-02,R20,28.111,0.4087,19.287,31.862,67.296,7.018,1
2025-03-03,R20,28.65,0.3752,6.807,23.162,70.327,6.681,1
2025-03-04,R20,28.638,0.4784,3.187,22.16,45.688,8.366,1
2025-03-05,R20,26.802,0.3325,7.619,25.598,58.616,7.667,1
2025-03-06,R20,26.803,0.4283,11.928,24.449,66.411,6.309,1
2025-03-07,R20,25.89,0.4028,4.273,26.324,53.326,8.819,1
2025-03-08,R20,30.497,0.3105,11.665,32.164,76.624,8.291,1
2025-03-09,R20,29.684,0.3305,12.332,23.144,44.33,8.947,1
2025-03-10,R20,25.08,0.4153,32.056,35.755,79.261,7.099,1
2025-03-11,R20,26.615,0.3474,1.338,18.58,47.909,9.033,1
2025-03-12,R20,26.174,0.4988,8.197,19.488,37.613,8.058,1
2025-03-13,R20,28.001,0.3233,1.902,24.586,62.274,8.332,1
2025-03-14,R20,25.365,0.4033,14.297,29.356,65.133,7.151,1
2025-03-15,R20,30.601,0.3171,6.031,22.592,79.907,7.713,1
2025-03-16,R20,29.815,0.3857,23.103,33.577,60.688,9.285,1
2025-03-17,R20,26.724,0.2903,10.182,29.78,36.609,8.498,1
2025-03-18,R20,27.953,0.3783,15.369,28.183,77.332,6.476,1
2025-03-19,R20,26.72,0.5405,8.632,29.341,37.277,9.803,1
2025-03-20,R20,27.95,0.3321,4.385,30.293,48.806,6.976,1
2025-03-21,R20,30.126,0.4089,13.211,27.027,57.158,8.001,1
2025-03-22,R20,28.365,0.4999,9.513,26.686,62.527,7.762,1
2025-03-23,R20,27.388,0.424,19.662,30.647,52.684,7.737,1
2025-03-24,R20,24.401,0.3973,1.904,32.26,38.99,9.162,1
2025-03-25,R20,23.964,0.4939,7.35,26.037,53.719,7.654,1
2025-03-26,R20,29.86,0.4328,8.509,23.845,32.759,10.191,1
2025-03-27,R20,28.142,0.4104,13.64,30.755,46.14,10.529,1
2025-03-28,R20,29.624,0.2919,11.445,24.394,22.116,10.716,1
2025-03-29,R20,29.35,0.2007,2.458,22.256,59.58,9.185,1
2025-03-30,R20,30.533,0.2379,3.166,19.237,47.343,9.055,1
2025-03-31,R20,26.533,0.3588,7.675,28.566,48.995,7.502,1
2025-04-01,R20,27.226,0.4156,19.525,33.72,57.372,8.779,1
2025-04-02,R20,27.19,0.366,14.133,29.32,79.192,8.178,1
2025-04-03,R20,25.9,0.4119,5.11,25.515,47.22,7.847,1
2025-04-04,R20,27.974,0.301,5.915,21.226,43.562,8.005,1
2025-04-05,R20,27.598,0.3227,5.936,21.597,84.198,8.006,1
2025-04-06,R20,28.104,0.4044,4.322,24.776,46.009,8.839,1
2025-04-07,R20,27.831,0.4058,4.319,17.301,32.122,9.075,1
2025-04-08,R20,24.542,0.4899,10.503,24.778,46.735,6.38,1
2025-04-09,R20,25.398,0.4081,5.782,27.318,37.517,8.162,1
2025-04-10,R20,30.007,0.2748,13.597,28.332,56.215,9.54,1
2025-04-11,R20,26.594,0.3624,23.344,29.927,55.75,7.831,1
2025-04-12,R20,30.052,0.3882,3.125,23.797,61.95,8.21,1
2025-04-13,R20,29.997,0.3528,3.44,21.896,13.489,11.56,1
2025-04-14,R20,30.811,0.2891,1.766,24.264,23.617,10.657,1
2025-04-15,R20,27.001,0.4599,6.957,23.99,43.972,6.815,1
2025-04-16,R20,25.947,0.4168,5.661,17.347,32.993,8.852,1
2025-04-17,R20,30.4,0.3937,7.602,24.603,57.56,9.475,1
2025-04-18,R20,27.074,0.4082,7.052,27.919,46.482,8.449,1
2025-04-19,R20,24.492,0.2494,9.419,23.245,41.323,8.471,1
2025-04-20,R20,26.907,0.3214,23.245,34.0,72.394,7.275,1
2025-04-21,R20,28.436,0.4788,7.35,22.153,49.468,9.338,1
2025-04-22,R20,26.912,0.36,17.555,30.224,44.624,7.751,1
2025-04-23,R20,26.103,0.3327,13.619,29.867,76.97,7.684,1
2025-04-24,R20,25.742,0.3427,13.842,30.54,75.718,6.914,1
2025-04-25,R20,29.431,0.2801,2.429,24.236,51.44,8.999,1
2025-04-26,R20,27.509,0.4239,1.236,23.171,27.142,9.865,1
2025-04-27,R20,24.003,0.5386,10.643,27.611,25.797,8.917,1
2025-04-28,R20,28.07,0.3302,8.57,21.21,55.886,6.766,1
2025-04-29,R20,26.859,0.4006,5.842,27.557,45.008,8.867,1
2025-04-30,R20,29.166,0.3504,27.264,33.163,71.729,7.092,1
2025-05-01,R20,28.382,0.3958,7.317,21.989,85.105,7.868,1
2025-05-02,R20,29.074,0.4512,9.714,22.282,45.487,8.472,1
2025-05-03,R20,28.273,0.3733,14.436,29.829,82.672,6.623,1
2025-05-04,R20,25.509,0.3699,9.086,32.731,59.606,8.209,1
2025-05-05,R20,28.131,0.3553,0.202,19.692,54.269,8.472,1
2025-05-06,R20,29.886,0.3137,4.777,26.304,71.303,6.849,1
2025-05-07,R20,31.431,0.3705,10.283,28.418,53.848,8.504,1
2025-05-08,R20,26.621,0.4724,15.971,26.923,44.367,9.034,1
2025-05-09,R20,24.472,0.4656,3.981,26.318,30.825,8.825,1
2025-05-10,R20,29.434,0.4066,10.083,24.238,52.817,8.081,1
2025-05-11,R20,27.228,0.3275,10.299,28.35,43.772,9.627,1
2025-05-12,R20,25.471,0.5007,18.087,26.61,69.307,5.522,1
2025-05-13,R20,26.177,0.4733,2.273,24.526,34.612,9.354,1
2025-05-14,R20,27.197,0.3896,6.671,24.57,19.658,8.883,1
2025-05-15,R20,23.972,0.3953,9.27,26.493,43.308,8.456,1
2025-05-16,R20,25.899,0.3872,8.522,22.017,60.656,8.093,1
2025-05-17,R20,30.993,0.35,9.916,24.606,35.755,10.635,1
2025-05-18,R20,21.441,0.3901,1.261,30.552,33.125,7.623,1
2025-05-19,R20,25.759,0.4138,1.237,27.315,64.244,8.065,1
2025-05-20,R20,32.144,0.384,20.676,29.06,45.599,9.597,1
2025-05-21,R20,24.954,0.4822,6.932,26.38,56.641,9.128,1
2025-05-22,R20,30.953,0.3286,0.753,23.953,5,12.361,1
2025-05-23,R20,26.943,0.4283,2.025,21.539,49.24,8.961,1
2025-05-24,R20,22.822,0.5897,6.227,20.315,41.59,8.002,1
2025-05-25,R20,24.438,0.4342,3.219,26.494,20.042,8.517,1
2025-05-26,R20,30.353,0.2871,3.077,27.215,36.091,10.657,1
2025-05-27,R20,26.273,0.3516,15.393,23.838,48.041,7.677,1
2025-05-28,R20,24.539,0.4615,19.522,30.583,55.375,7.083,1
2025-05-29,R20,27.121,0.3172,5.019,22.507,51.454,9.542,1
2025-05-30,R20,27.095,0.3518,14.276,27.113,81.392,7.775,1
2025-05-31,R20,27.056,0.4636,7.773,23.538,60.895,7.178,1
2025-06-01,R20,24.008,0.4891,4.502,26.55,55.999,7.959,1
2025-06-02,R20,23.359,0.4464,24.901,32.129,65.513,7.748,1
2025-06-03,R20,25.496,0.4171,4.678,23.244,56.396,8.271,1
2025-06-04,R20,29.091,0.3748,8.358,25.427,71.808,7.485,1
2025-06-05,R20,21.891,0.4129,18.633,35.202,49.026,8.027,1
2025-06-06,R20,28.419,0.4696,20.191,27.734,86.696,7.216,1
2025-06-07,R20,22.81,0.4718,11.869,32.098,47.73,9.289,1
2025-06-08,R20,25.084,0.3622,7.817,27.307,52.209,9.257,1
2025-06-09,R20,24.655,0.3731,15.548,28.826,33.545,8.693,1
2025-06-10,R20,24.592,0.5034,2.739,18.101,32.59,9.096,1
2025-06-11,R20,24.285,0.5111,6.254,27.731,58.349,6.813,1
2025-06-12,R20,27.701,0.414,25.984,30.109,54.207,8.361,1
2025-06-13,R20,24.711,0.4293,13.5,30.864,42.692,7.898,1
2025-06-14,R20,24.92,0.366,4.583,25.52,45.736,7.92,1
2025-06-15,R20,23.772,0.3676,2.84,24.286,28.906,9.016,1
2025-06-16,R20,22.645,0.5402,18.939,33.734,73.017,7.598,1
2025-06-17,R20,23.132,0.3726,4.211,31.046,51.111,8.631,1
2025-06-18,R20,24.812,0.3605,22.863,35.118,55.165,7.552,1
2025-06-19,R20,26.098,0.492,4.103,22.941,90.846,6.904,1
2025-06-20,R20,26.966,0.3495,30.495,31.532,83.439,5.418,1
2025-06-21,R20,20.346,0.4269,14.564,30.491,44.657,8.772,1
2025-06-22,R20,24.451,0.5124,2.916,22.803,37.156,8.919,1
2025-06-23,R20,25.898,0.4992,5.001,21.92,33.637,8.781,1
2025-06-24,R20,21.032,0.3758,8.1,23.91,69.279,5.512,1
2025-06-25,R20,25.273,0.3976,3.72,23.239,20.655,9.713,1
2025-06-26,R20,23.687,0.4171,1.354,30.667,40.965,9.085,1
2025-06-27,R20,22.622,0.3905,9.513,28.51,62.388,7.536,1
2025-06-28,R20,23.488,0.4647,15.331,29.085,31.51,9.895,1
2025-06-29,R20,20.867,0.534,12.836,30.571,48.03,6.849,1
2025-06-30,R20,23.596,0.3836,6.832,25.771,42.859,8.043,1
2025-07-01,R20,21.861,0.4417,14.234,31.246,52.544,6.924,1
2025-07-02,R20,24.879,0.3875,10.425,31.098,40.999,7.55,1
2025-07-03,R20,21.526,0.5478,5.781,32.47,67.846,8.228,1
2025-07-04,R20,21.17,0.4772,3.936,24.608,57.546,7.337,1
2025-07-05,R20,21.752,0.4801,4.722,29.783,88.047,4.45,1
2025-07-06,R20,20.845,0.4517,3.119,20.265,41.103,6.675,1
2025-07-07,R20,23.686,0.4327,2.374,28.043,40.571,8.179,1
2025-07-08,R20,23.587,0.5273,8.612,31.475,40.386,7.816,1
2025-07-09,R20,22.79,0.4259,22.609,31.056,58.441,7.852,1
2025-07-10,R20,23.871,0.3413,9.179,24.929,100,5.826,1
2025-07-11,R20,24.593,0.4597,15.517,33.372,79.387,6.846,1
2025-07-12,R20,20.958,0.4927,12.222,30.898,69.698,5.064,1
2025-07-13,R20,24.278,0.3755,5.299,32.06,61.79,8.157,1
2025-07-14,R20,24.441,0.3976,6.652,28.526,71.365,5.61,1
2025-07-15,R20,23.065,0.308,12.899,26.637,53.592,7.463,1
2025-07-16,R20,21.881,0.42,1.783,24.663,70.828,6.762,1
2025-07-17,R20,20.32,0.3338,9.582,27.324,54.156,7.387,1
2025-07-18,R20,23.77,0.4192,7.483,25.468,68.859,6.301,1
2025-07-19,R20,21.968,0.4228,1.88,23.083,23.319,8.859,1
2025-07-20,R20,22.414,0.4268,23.322,34.443,75.172,7.259,1
2025-07-21,R20,17.084,0.5453,20.22,35.273,73.836,3.762,0
2025-07-22,R20,23.344,0.4988,54.578,40.24,91.609,7.347,1
2025-07-23,R20,18.691,0.394,7.529,26.266,44.243,6.488,1
2025-07-24,R20,22.162,0.4588,3.592,28.145,45.783,8.004,1
2025-07-25,R20,22.967,0.3792,17.656,28.589,46.332,6.503,1
2025-07-26,R20,20.672,0.4871,13.601,34.808,64.147,6.577,1
2025-07-27,R20,19.838,0.4774,0.279,31.178,5,9.307,1
2025-07-28,R20,22.399,0.5056,13.739,34.111,71.734,6.302,1
2025-07-29,R20,23.702,0.4252,12.981,24.274,52.022,8.977,1
2025-07-30,R20,21.956,0.3935,6.458,24.037,60.926,6.393,1
2025-07-31,R20,21.555,0.4972,8.582,27.976,58.171,5.639,1
2025-08-01,R20,18.695,0.474,2.178,27.937,20.184,8.012,1
2025-08-02,R20,22.062,0.3819,13.756,28.408,52.996,6.022,1
2025-08-03,R20,16.965,0.38,18.563,30.792,71.585,6.049,1
2025-08-04,R20,21.508,0.5226,1.529,27.333,35.608,7.898,1
2025-08-05,R20,20.583,0.4716,8.663,29.774,59.258,6.75,1
2025-08-06,R20,20.71,0.5015,15.634,31.81,47.432,6.896,1
2025-08-07,R20,21.905,0.4387,4.517,24.296,62.191,7.018,1
2025-08-08,R20,22.519,0.3859,6.264,28.267,30.117,9.298,1
2025-08-09,R20,20.146,0.4001,9.807,30.615,55.511,6.728,1
2025-08-10,R20,24.721,0.3705,9.93,26.588,38.7,9.004,1
2025-08-11,R20,21.139,0.4636,28.878,36.07,52.189,5.486,1
2025-08-12,R20,21.544,0.4343,9.516,30.854,43.184,7.677,1
2025-08-13,R20,19.384,0.4794,0.501,25.494,35.293,6.612,1
2025-08-14,R20,22.553,0.5266,15.491,31.992,77.562,6.36,1
2025-08-15,R20,21.448,0.5012,22.148,31.395,73.366,5.414,1
2025-08-16,R20,19.976,0.4907,41.75,42.887,100,3.34,0
2025-08-17,R20,23.498,0.3795,0.481,25.544,7.031,10.301,1
2025-08-18,R20,16.789,0.4806,10.387,34.358,43.666,5.578,1
2025-08-19,R20,23.158,0.4416,7.642,22.017,50.884,7.298,1
2025-08-20,R20,18.394,0.3814,1.348,27.596,50.755,5.347,1
2025-08-21,R20,19.019,0.4659,3.298,26.622,48.961,7.976,1
2025-08-22,R20,19.814,0.5129,10.346,33.65,37.673,7.558,1
2025-08-23,R20,17.959,0.4462,4.969,31.827,67.794,4.806,1
2025-08-24,R20,22.56,0.4908,14.553,34.159,62.705,7.516,1
2025-08-25,R20,20.872,0.5157,1.347,25.796,43.551,7.398,1
2025-08-26,R20,18.657,0.5239,1.427,32.827,34.782,7.003,1
2025-08-27,R20,19.25,0.4376,5.26,24.502,68.956,5.973,1
2025-08-28,R20,23.798,0.4223,9.456,31.877,58.672,7.242,1
2025-08-29,R20,16.014,0.586,17.201,33.709,75.466,4.813,0
2025-08-30,R20,17.267,0.5823,10.722,32.617,56.808,5.937,0
2025-08-31,R20,18.341,0.4537,8.089,34.423,59.306,4.953,1
2025-09-01,R20,21.01,0.4097,10.15,27.253,59.508,5.987,1
2025-09-02,R20,20.562,0.4954,16.839,33.207,51.592,7.512,1
2025-09-03,R20,22.633,0.4144,1.287,20.646,13.533,8.56,1
2025-09-04,R20,15.101,0.6394,0.87,29.91,6.008,9.852,1
2025-09-05,R20,15.84,0.5713,2.975,27.061,27.921,7.027,1
2025-09-06,R20,16.874,0.4924,3.491,28.124,19.759,8.602,1
2025-09-07,R20,20.218,0.5179,18.217,29.038,63.712,7.432,1
2025-09-08,R20,20.774,0.4581,2.489,27.436,50.134,7.095,1
2025-09-09,R20,19.985,0.4181,3.83,24.247,81.298,5.285,1
2025-09-10,R20,21.527,0.3837,5.083,25.159,43.505,8.509,1
2025-09-11,R20,21.723,0.3608,6.546,23.137,31.953,8.544,1
2025-09-12,R20,19.513,0.4302,5.916,28.843,48.125,7.731,1
2025-09-13,R20,19.662,0.5265,7.429,36.351,34.646,8.935,1
2025-09-14,R20,18.705,0.4102,9.579,28.408,52.789,5.91,1
2025-09-15,R20,18.409,0.3998,12.665,28.15,64.929,7.002,1
2025-09-16,R20,19.857,0.5105,3.079,29.544,59.617,6.775,1
2025-09-17,R20,20.975,0.4193,2.761,27.55,36.929,7.045,1
2025-09-18,R20,21.735,0.4645,12.837,33.549,63.099,4.829,1
2025-09-19,R20,17.647,0.3871,14.145,32.779,61.52,6.737,1
2025-09-20,R20,16.98,0.4566,10.828,30.791,60.83,5.033,1
2025-09-21,R20,22.259,0.4397,5.268,26.425,93.869,4.17,1
2025-09-22,R20,21.606,0.5293,6.069,32.8,61.384,7.314,1
2025-09-23,R20,20.631,0.4101,1.383,28.303,36.827,7.086,1
2025-09-24,R20,17.423,0.5655,5.767,33.486,48.443,6.775,1
2025-09-25,R20,20.039,0.4464,4.938,20.844,14.413,7.13,1
2025-09-26,R20,17.789,0.4916,9.609,35.584,43.941,7.815,1
2025-09-27,R20,19.327,0.427,1.621,21.381,39.115,7.533,1
2025-09-28,R20,19.581,0.4535,9.11,35.343,40.985,5.873,1
2025-09-29,R20,19.236,0.5924,11.705,26.215,66.418,6.62,1
2025-09-30,R20,20.959,0.5446,28.287,34.292,82.118,5.416,1
2025-10-01,R20,18.972,0.4444,7.01,25.979,45.444,6.434,1
2025-10-02,R20,21.56,0.3514,8.311,27.298,41.437,7.586,1
2025-10-03,R20,19.381,0.4055,3.288,31.256,45.388,6.951,1
2025-10-04,R20,19.398,0.4199,6.123,28.053,39.813,7.512,1
2025-10-05,R20,16.993,0.4595,2.77,25.51,36.484,5.672,1
2025-10-06,R20,20.529,0.427,11.196,28.021,43.385,6.41,1
2025-10-07,R20,20.535,0.3886,3.265,26.06,35.769,8.355,1
2025-10-08,R20,20.07,0.3825,31.37,36.101,53.597,7.284,1
2025-10-09,R20,16.338,0.3719,2.521,29.338,44.829,5.906,1
2025-10-10,R20,18.988,0.3954,4.061,25.276,54.55,6.309,1
2025-10-11,R20,18.899,0.4335,10.919,32.542,62.697,7.246,1
2025-10-12,R20,19.753,0.4876,15.381,34.175,42.846,6.439,1
2025-10-13,R20,21.535,0.4173,6.653,29.889,38.887,8.594,1
2025-10-14,R20,21.355,0.4019,57.313,45.414,61.9,8.067,1
2025-10-15,R20,18.948,0.3771,5.806,28.298,57.601,7.542,1
2025-10-16,R20,19.31,0.5239,6.728,29.468,64.734,7.261,1
2025-10-17,R20,16.284,0.5757,15.847,32.299,30.515,8.181,1
2025-10-18,R20,19.059,0.5344,7.021,31.174,44.482,6.973,1
2025-10-19,R20,18.28,0.5727,1.183,29.815,34.997,6.615,1
2025-10-20,R20,16.277,0.4769,14.765,33.659,67.664,4.003,0
2025-10-21,R20,16.156,0.5197,5.837,27.34,59.4,5.371,1
2025-10-22,R20,21.101,0.48,3.002,29.192,55.562,5.768,1
2025-10-23,R20,18.28,0.4522,15.778,34.925,88.702,4.355,1
2025-10-24,R20,16.415,0.4899,2.665,29.039,6.352,6.964,1
2025-10-25,R20,19.027,0.512,3.872,29.269,40.017,7.334,1
2025-10-26,R20,19.197,0.3922,16.505,28.991,35.313,5.717,1
2025-10-27,R20,21.447,0.4293,0.968,24.365,42.583,6.85,1
2025-10-28,R20,17.708,0.4818,4.5,28.592,39.754,6.446,1
2025-10-29,R20,16.861,0.4395,2.65,29.802,31.125,6.883,1
2025-10-30,R20,21.528,0.4732,2.287,22.14,85.912,7.345,1
2025-10-31,R20,18.852,0.4645,10.82,31.609,48.46,6.725,1
2025-11-01,R20,19.193,0.3829,8.983,29.262,39.007,5.222,1
2025-11-02,R20,17.449,0.4588,8.66,34.252,57.955,7.55,1
2025-11-03,R20,19.29,0.4087,6.496,25.656,42.74,6.673,1
2025-11-04,R20,18.793,0.4877,10.799,30.145,40.162,7.278,1
2025-11-05,R20,19.122,0.3838,14.105,37.011,25.474,7.12,1
2025-11-06,R20,21.313,0.4234,12.373,25.352,64.112,6.515,1
2025-11-07,R20,18.568,0.4765,9.989,30.499,44.079,6.923,1
2025-11-08,R20,17.424,0.4867,0.678,29.963,59.11,5.48,1
2025-11-09,R20,17.369,0.387,3.173,25.886,51.172,6.156,1
2025-11-10,R20,19.573,0.4308,6.172,27.788,31.249,7.078,1
2025-11-11,R20,18.313,0.4224,5.51,29.082,60.269,6.432,1
2025-11-12,R20,18.391,0.3344,10.573,26.616,40.749,6.533,1
2025-11-13,R20,24.48,0.3688,3.691,24.169,43.816,6.224,1
2025-11-14,R20,18.466,0.4859,3.157,25.971,50.609,6.968,1
2025-11-15,R20,19.518,0.563,43.367,41.749,98.054,4.094,0
2025-11-16,R20,17.959,0.5138,8.923,28.76,48.454,5.095,1
2025-11-17,R20,21.07,0.5067,7.905,27.352,22.001,8.317,1
2025-11-18,R20,20.468,0.5377,32.755,36.143,52.191,6.057,1
2025-11-19,R20,17.876,0.4922,3.156,29.186,35.206,7.048,1
2025-11-20,R20,18.848,0.4524,3.394,26.039,44.702,8.251,1
2025-11-21,R20,19.887,0.4441,6.673,32.07,63.537,5.101,1
2025-11-22,R20,20.57,0.4778,7.888,26.241,49.311,6.135,1
2025-11-23,R20,21.463,0.4141,6.032,26.572,58.21,7.532,1
2025-11-24,R20,19.549,0.5176,19.176,33.813,42.067,7.794,1
2025-11-25,R20,20.406,0.4209,17.691,27.635,73.907,5.63,1
2025-11-26,R20,20.874,0.4525,8.022,25.704,30.721,7.172,1
2025-11-27,R20,20.04,0.4802,5.445,23.908,36.907,7.151,1
2025-11-28,R20,22.104,0.392,14.266,29.764,71.363,6.271,1
2025-11-29,R20,19.521,0.503,3.669,28.717,18.721,7.842,1
2025-11-30,R20,19.079,0.6207,4.425,25.829,51.137,7.036,1
2025-12-01,R20,19.617,0.4293,17.865,38.197,47.992,6.453,1
2025-12-02,R20,23.187,0.3932,12.502,29.093,31.945,10.311,1
2025-12-03,R20,21.848,0.4827,25.587,37.415,50.366,7.339,1
2025-12-04,R20,21.826,0.4449,6.625,25.696,37.386,8.758,1
2025-12-05,R20,20.486,0.4104,0.982,25.841,55.096,5.884,1
2025-12-06,R20,19.667,0.3731,11.291,33.882,30.234,6.939,1
2025-12-07,R20,20.99,0.3652,4.008,22.381,49.362,6.261,1
2025-12-08,R20,19.217,0.5604,2.99,31.69,70.608,4.724,1
2025-12-09,R20,21.994,0.432,5.658,25.016,48.962,8.144,1
2025-12-10,R20,22.894,0.3442,5.435,24.264,51.965,6.385,1
2025-12-11,R20,21.692,0.4624,18.272,28.056,52.303,6.558,1
2025-12-12,R20,20.971,0.5152,12.672,23.365,39.395,7.182,1
2025-12-13,R20,23.916,0.4452,4.054,25.224,37.623,9.42,1
2025-12-14,R20,21.661,0.5258,15.183,30.728,34.593,7.572,1
2025-12-15,R20,23.392,0.3705,10.669,28.34,74.452,5.867,1
2025-12-16,R20,22.573,0.444,1.249,24.753,42.456,7.977,1
2025-12-17,R20,21.083,0.5376,4.809,24.194,42.494,7.863,1
2025-12-18,R20,21.249,0.5319,9.067,29.208,31.443,8.275,1
2025-12-19,R20,23.973,0.4064,6.508,32.911,22.765,8.715,1
2025-12-20,R20,24.103,0.4959,3.281,29.384,60.863,7.557,1
2025-12-21,R20,21.296,0.4338,1.484,26.965,34.159,7.031,1
2025-12-22,R20,21.763,0.4063,18.607,29.637,41.105,8.576,1
2025-12-23,R20,25.215,0.3966,0.993,23.952,33.601,6.88,1
2025-12-24,R20,25.694,0.3881,8.079,28.75,56.288,6.839,1
2025-12-25,R20,22.309,0.464,3.241,29.154,40.347,8.569,1
2025-12-26,R20,22.755,0.4026,6.336,30.227,69.218,6.821,1
2025-12-27,R20,22.159,0.4085,13.5,25.112,77.97,4.675,1
2025-12-28,R20,25.291,0.3314,1.342,26.201,35.101,9.153,1
2025-12-29,R20,23.675,0.5237,16.923,29.359,56.193,7.515,1
2025-12-30,R20,22.233,0.3798,2.336,28.572,28.655,9.039,1
2025-12-31,R20,21.044,0.3605,4.035,21.218,61.64,6.34,1
2025-01-01,R21,23.119,0.6322,41.467,57.881,67.619,5.868,0
2025-01-02,R21,19.393,0.6641,3.375,49.4,57.161,7.167,1
2025-01-03,R21,23.582,0.5758,25.799,50.14,49.566,7.605,0
2025-01-04,R21,25.453,0.5964,1.533,50.368,62.069,8.817,1
2025-01-05,R21,21.426,0.6409,8.883,51.502,30.793,6.947,1
2025-01-06,R21,21.496,0.671,16.939,52.6,65.312,6.984,0
2025-01-07,R21,19.422,0.5527,3.13,50.323,37.152,8.374,1
2025-01-08,R21,22.104,0.6737,33.085,59.572,89.072,5.74,0
2025-01-09,R21,21.515,0.6611,12.693,52.573,86.533,6.599,1
2025-01-10,R21,21.59,0.6541,3.227,48.706,52.832,7.865,1
2025-01-11,R21,20.837,0.6358,18.675,50.919,55.817,5.959,0
2025-01-12,R21,23.701,0.5854,1.612,45.921,44.961,7.797,1
2025-01-13,R21,22.793,0.7179,13.321,49.598,75.585,7.487,1
2025-01-14,R21,21.872,0.596,2.12,47.464,10.553,9.174,1
2025-01-15,R21,20.165,0.6579,4.264,46.271,67.671,6.413,1
2025-01-16,R21,20.47,0.6831,4.607,46.895,72.8,6.192,1
2025-01-17,R21,20.199,0.5996,6.195,49.473,60.584,4.615,0
2025-01-18,R21,23.698,0.6715,9.168,45.41,19.447,8.949,1
2025-01-19,R21,23.158,0.5503,12.543,51.215,52.349,8.006,1
2025-01-20,R21,23.584,0.5616,27.222,55.922,66.623,6.998,0
2025-01-21,R21,22.706,0.5955,3.885,47.559,31.553,7.356,1
2025-01-22,R21,19.499,0.551,19.394,49.907,74.302,6.342,1
2025-01-23,R21,26.119,0.4861,4.198,45.926,66.228,5.375,1
2025-01-24,R21,20.562,0.6335,4.268,45.269,46.298,7.716,1
2025-01-25,R21,25.492,0.6699,5.714,46.528,33.65,8.326,1
2025-01-26,R21,20.314,0.648,15.607,51.965,65.93,6.155,0
2025-01-27,R21,20.607,0.6543,6.947,46.908,57.754,8.307,1
2025-01-28,R21,22.162,0.5789,12.327,44.296,56.15,8.109,1
2025-01-29,R21,21.243,0.6779,32.593,56.693,48.658,7.669,0
2025-01-30,R21,20.368,0.3822,7.115,47.309,47.408,6.745,1
2025-01-31,R21,26.285,0.5545,23.794,52.06,77.154,7.523,0
2025-02-01,R21,19.883,0.6393,7.595,45.057,74.28,6.023,1
2025-02-02,R21,25.165,0.5667,9.377,42.721,43.748,7.567,1
2025-02-03,R21,22.512,0.627,7.5,49.134,85.382,5.807,1
2025-02-04,R21,18.97,0.6454,2.675,49.876,15.259,7.51,1
2025-02-05,R21,24.714,0.5936,5.557,41.601,55.285,6.916,1
2025-02-06,R21,24.139,0.5198,0.349,42.474,67.432,6.587,1
2025-02-07,R21,26.405,0.5877,8.356,51.089,61.947,8.062,1
2025-02-08,R21,21.537,0.6834,5.726,50.067,47.466,6.889,1
2025-02-09,R21,19.658,0.7274,2.843,46.991,48.785,7.646,1
2025-02-10,R21,26.293,0.5251,8.03,45.84,75.28,7.408,1
2025-02-11,R21,23.758,0.6988,24.778,56.578,68.574,5.897,0
2025-02-12,R21,23.085,0.6755,2.034,42.092,73.207,6.645,1
2025-02-13,R21,23.005,0.5843,19.676,55.219,57.168,6.979,1
2025-02-14,R21,23.208,0.5677,1.472,44.082,35.763,9.279,1
2025-02-15,R21,23.135,0.5692,10.423,53.615,59.744,5.928,0
2025-02-16,R21,21.17,0.65,7.191,58.165,30.788,8.401,0
2025-02-17,R21,22.223,0.6044,24.911,54.76,48.418,8.489,0
2025-02-18,R21,22.758,0.5342,15.778,52.321,58.526,6.31,0
2025-02-19,R21,22.604,0.6242,3.861,43.094,44.756,7.412,1
2025-02-20,R21,25.173,0.5602,2.995,44.43,31.058,8.116,1
2025-02-21,R21,21.502,0.6503,25.385,53.962,51.121,7.402,1
2025-02-22,R21,22.854,0.5586,2.489,42.112,33.625,8.922,1
2025-02-23,R21,22.261,0.5916,1.454,46.527,42.114,8.201,1
2025-02-24,R21,26.485,0.5511,10.558,46.483,100,6.119,1
2025-02-25,R21,24.217,0.5226,3.495,44.97,54.592,7.469,1
2025-02-26,R21,26.101,0.5448,1.859,40.933,44.6,8.757,1
2025-02-27,R21,24.008,0.6041,5.545,48.933,62.859,6.654,1
2025-02-28,R21,25.678,0.5127,6.545,45.076,38.342,6.978,1
2025-03-01,R21,21.414,0.5814,11.93,50.584,35.306,7.111,1
2025-03-02,R21,24.723,0.6034,7.618,50.084,67.217,8.038,1
2025-03-03,R21,24.799,0.6391,12.188,54.167,53.982,8.015,1
2025-03-04,R21,25.128,0.5829,3.948,42.362,39.319,8.64,1
2025-03-05,R21,24.42,0.5757,1.006,48.885,42.208,9.288,1
2025-03-06,R21,22.143,0.5509,6.326,46.635,63.686,5.779,1
2025-03-07,R21,22.108,0.6162,10.117,50.784,56.127,7.491,1
2025-03-08,R21,26.39,0.6354,1.806,46.307,80.188,7.058,1
2025-03-09,R21,23.97,0.6609,9.157,44.275,48.009,8.69,1
2025-03-10,R21,24.649,0.6521,5.544,45.874,46.823,8.606,1
2025-03-11,R21,24.174,0.5753,13.905,47.649,66.97,5.885,0
2025-03-12,R21,24.39,0.5521,2.74,47.852,40.928,8.573,1
2025-03-13,R21,27.867,0.5677,8.637,47.325,63.135,7.568,1
2025-03-14,R21,22.634,0.595,21.02,50.029,90.714,5.464,0
2025-03-15,R21,24.314,0.553,16.516,52.11,46.801,7.206,1
2025-03-16,R21,22.344,0.6455,12.24,49.495,41.401,7.755,1
2025-03-17,R21,23.201,0.614,11.412,48.587,76.211,7.249,1
2025-03-18,R21,22.04,0.5688,13.863,45.334,26.672,8.769,1
2025-03-19,R21,28.093,0.5755,13.475,51.519,44.248,10.316,1
2025-03-20,R21,24.11,0.5762,14.229,50.727,62.076,7.646,1
2025-03-21,R21,24.265,0.6718,4.249,48.508,28.642,9.945,1
2025-03-22,R21,25.445,0.6028,23.235,56.582,46.558,8.126,1
2025-03-23,R21,26.667,0.5279,5.624,44.216,37.906,9.87,1
2025-03-24,R21,24.927,0.5816,19.156,49.57,85.736,5.288,0
2025-03-25,R21,22.658,0.5049,11.007,46.176,78.414,6.522,1
2025-03-26,R21,24.976,0.5545,2.702,45.007,43.088,8.579,1
2025-03-27,R21,27.267,0.6305,13.143,45.637,44.326,8.471,1
2025-03-28,R21,25.53,0.6401,2.68,45.768,51.265,7.878,1
2025-03-29,R21,24.3,0.6067,3.534,45.36,28.631,10.179,1
2025-03-30,R21,26.208,0.5622,11.943,51.829,29.24,10.146,1
2025-03-31,R21,24.941,0.5032,10.351,45.015,36.757,10.449,1
2025-04-01,R21,26.605,0.5576,16.813,50.519,82.543,7.361,1
2025-04-02,R21,25.654,0.5146,8.863,44.265,34.563,9.113,1
2025-04-03,R21,24.362,0.5543,12.633,50.078,38.56,8.735,1
2025-04-04,R21,26.979,0.5011,0.934,38.906,39.999,7.581,1
2025-04-05,R21,22.269,0.5201,4.473,41.701,33.381,8.881,1
2025-04-06,R21,21.308,0.6581,28.246,55.971,51.51,5.852,0
2025-04-07,R21,23.156,0.4664,9.704,48.111,63.577,8.009,1
2025-04-08,R21,24.764,0.4866,17.109,49.307,51.689,7.702,1
2025-04-09,R21,26.851,0.6826,10.337,47.653,37.482,8.254,1
2025-04-10,R21,26.474,0.4898,11.816,45.919,38.581,8.613,1
2025-04-11,R21,29.417,0.5499,4.448,42.285,40.592,9.635,1
2025-04-12,R21,20.078,0.6258,1.485,48.256,43.5,7.462,1
2025-04-13,R21,27.408,0.5047,25.203,52.688,100,4.828,0
2025-04-14,R21,22.818,0.4054,1.835,49.562,30.683,9.003,1
2025-04-15,R21,22.176,0.6319,33.092,54.96,70.818,6.928,0
2025-04-16,R21,26.186,0.5477,13.356,45.486,34.49,8.828,1
2025-04-17,R21,23.921,0.534,4.316,43.962,74.015,6.306,1
2025-04-18,R21,23.394,0.5265,6.091,48.772,36.85,8.571,1
2025-04-19,R21,23.102,0.6787,11.623,44.479,55.462,6.499,1
2025-04-20,R21,21.653,0.6285,1.432,45.385,22.385,9.599,1
2025-04-21,R21,25.906,0.6018,4.799,46.827,72.78,7.381,1
2025-04-22,R21,25.593,0.502,7.363,47.271,56.864,8.115,1
2025-04-23,R21,27.944,0.4111,4.422,43.679,44.808,9.654,1
2025-04-24,R21,25.977,0.6107,4.611,46.577,64.477,6.966,1
2025-04-25,R21,21.973,0.5379,6.501,48.98,70.713,6.868,1
2025-04-26,R21,28.081,0.6538,3.114,42.751,18.182,10.729,1
2025-04-27,R21,26.701,0.5549,8.584,40.082,36.933,8.269,1
2025-04-28,R21,21.151,0.6118,17.289,54.16,43.327,7.494,0
2025-04-29,R21,26.068,0.5956,6.49,48.349,46.827,8.71,1
2025-04-30,R21,22.724,0.5651,2.218,40.924,50.436,7.372,1
2025-05-01,R21,26.059,0.5834,33.845,52.6,68.375,7.011,0
2025-05-02,R21,21.686,0.6565,12.347,46.575,49.873,7.031,1
2025-05-03,R21,25.167,0.4443,9.339,46.287,33.992,7.926,1
2025-05-04,R21,26.328,0.4649,0.903,43.65,25.616,10.364,1
2025-05-05,R21,23.7,0.5938,3.003,41.523,36.712,8.85,1
2025-05-06,R21,22.852,0.5773,4.874,49.246,68.677,5.842,1
2025-05-07,R21,24.015,0.4996,6.83,48.148,35.892,9.268,1
2025-05-08,R21,22.297,0.6739,10.62,54.324,50.215,7.456,0
2025-05-09,R21,22.136,0.6439,3.33,41.056,20.516,6.959,1
2025-05-10,R21,23.764,0.6354,19.914,49.662,69.679,6.221,1
2025-05-11,R21,22.349,0.5975,14.128,53.418,63.625,6.408,0
2025-05-12,R21,27.628,0.5575,5.43,43.283,42.478,7.265,1
2025-05-13,R21,22.857,0.5788,10.807,44.585,58.331,7.022,1
2025-05-14,R21,24.71,0.5832,14.045,47.191,59.682,7.098,1
2025-05-15,R21,26.056,0.5163,2.11,45.275,8.846,10.373,1
2025-05-16,R21,25.783,0.724,8.902,43.853,48.983,8.301,1
2025-05-17,R21,24.036,0.6287,0.882,41.841,46.171,8.454,1
2025-05-18,R21,22.8,0.72,2.841,49.952,69.021,6.284,1
2025-05-19,R21,21.756,0.5105,3.441,43.964,57.713,7.617,1
2025-05-20,R21,26.883,0.5282,1.81,46.391,63.398,7.592,1
2025-05-21,R21,26.048,0.6273,7.548,44.941,54.216,6.978,1
2025-05-22,R21,24.261,0.5645,8.753,51.136,45.958,7.708,1
2025-05-23,R21,23.606,0.5193,13.762,51.704,55.051,7.487,1
2025-05-24,R21,23.085,0.614,14.597,48.028,68.278,6.213,1
2025-05-25,R21,24.811,0.5833,4.337,47.222,49.811,5.86,1
2025-05-26,R21,24.775,0.5193,3.266,40.316,32.365,8.702,1
2025-05-27,R21,24.722,0.7025,4.305,48.388,83.157,7.591,1
2025-05-28,R21,22.601,0.5849,7.0,45.935,35.468,7.364,1
2025-05-29,R21,21.32,0.5454,1.783,44.192,49.553,7.452,1
2025-05-30,R21,22.346,0.6469,12.075,43.938,60.837,6.72,1
2025-05-31,R21,22.87,0.6494,4.588,47.57,26.532,9.187,1
2025-06-01,R21,24.385,0.5751,26.818,53.359,54.67,7.112,0
2025-06-02,R21,24.269,0.5765,16.251,45.569,67.322,5.997,1
2025-06-03,R21,24.479,0.5974,7.42,47.166,57.209,7.136,1
2025-06-04,R21,18.484,0.6708,3.381,49.56,31.537,8.668,1
2025-06-05,R21,21.424,0.5195,17.222,50.47,51.439,6.595,1
2025-06-06,R21,20.305,0.6962,10.34,49.587,44.039,6.156,0
2025-06-07,R21,19.628,0.6715,34.796,50.695,87.325,5.257,0
2025-06-08,R21,22.157,0.7192,6.416,48.643,19.215,10.0,1
2025-06-09,R21,21.345,0.6791,32.011,56.524,48.167,7.128,0
2025-06-10,R21,19.55,0.5783,0.922,46.469,46.228,6.698,1
2025-06-11,R21,21.173,0.6132,15.525,57.47,48.984,9.145,0
2025-06-12,R21,21.281,0.745,15.506,51.112,79.758,5.514,0
2025-06-13,R21,18.004,0.632,6.078,52.696,80.188,5.45,0
2025-06-14,R21,18.543,0.6196,1.998,49.443,31.125,7.592,1
2025-06-15,R21,23.894,0.6433,16.028,50.297,58.251,6.682,0
2025-06-16,R21,22.416,0.6214,0.442,42.13,44.713,7.377,1
2025-06-17,R21,23.296,0.6622,35.114,60.459,88.352,5.659,0
2025-06-18,R21,22.204,0.6248,8.149,43.772,29.082,9.433,1
2025-06-19,R21,21.206,0.532,3.827,45.245,40.388,8.015,1
2025-06-20,R21,21.463,0.5531,16.377,50.715,58.144,6.236,0
2025-06-21,R21,20.685,0.5473,3.434,48.512,59.748,5.897,0
2025-06-22,R21,24.046,0.5846,5.487,51.334,55.957,8.971,1
2025-06-23,R21,23.188,0.5265,8.23,46.745,50.338,6.415,1
2025-06-24,R21,20.477,0.6323,5.99,45.633,28.879,8.049,1
2025-06-25,R21,19.577,0.6101,11.59,51.642,68.11,6.059,1
2025-06-26,R21,21.527,0.6586,14.697,49.18,39.519,8.018,1
2025-06-27,R21,19.296,0.5507,44.998,66.537,76.533,5.06,0
2025-06-28,R21,17.998,0.7239,9.657,47.657,77.324,6.945,0
2025-06-29,R21,23.591,0.597,6.397,51.847,91.673,5.449,0
2025-06-30,R21,18.379,0.717,14.479,50.209,44.483,6.552,0
2025-07-01,R21,21.332,0.5324,6.593,49.294,85.163,6.514,1
2025-07-02,R21,18.293,0.6449,8.538,49.916,68.071,6.027,0
2025-07-03,R21,21.407,0.6334,6.777,50.128,58.772,6.059,1
2025-07-04,R21,19.971,0.6066,8.223,50.253,37.913,6.498,1
2025-07-05,R21,20.342,0.6351,9.257,50.852,70.107,4.673,0
2025-07-06,R21,17.494,0.5832,11.09,54.693,74.208,6.003,0
2025-07-07,R21,21.467,0.4927,29.012,54.094,71.821,5.365,0
2025-07-08,R21,21.089,0.6448,5.85,48.87,35.776,7.022,1
2025-07-09,R21,20.363,0.6502,5.968,49.973,45.734,5.447,1
2025-07-10,R21,21.781,0.6764,3.549,46.687,48.867,7.629,1
2025-07-11,R21,20.192,0.6465,2.032,43.39,28.128,8.466,1
2025-07-12,R21,19.01,0.6925,11.87,46.025,91.817,5.782,1
2025-07-13,R21,20.639,0.5784,4.737,39.825,55.319,5.605,1
2025-07-14,R21,21.301,0.6623,3.328,49.461,37.109,8.982,1
2025-07-15,R21,20.139,0.7971,9.583,52.274,29.74,8.303,1
2025-07-16,R21,17.368,0.6233,0.784,52.998,49.942,6.677,1
2025-07-17,R21,17.599,0.7197,0.597,47.366,65.736,4.672,0
2025-07-18,R21,22.362,0.5391,36.437,60.735,75.245,5.874,0
2025-07-19,R21,18.969,0.5897,3.795,51.305,90.009,6.225,1
2025-07-20,R21,19.137,0.5949,10.484,51.711,73.19,5.258,0
2025-07-21,R21,19.298,0.5837,1.483,47.644,47.405,7.348,1
2025-07-22,R21,19.242,0.7194,1.505,50.791,40.803,8.089,1
2025-07-23,R21,14.653,0.5982,10.245,49.343,63.182,5.378,0
2025-07-24,R21,22.197,0.5506,7.8,53.746,54.515,8.109,1
2025-07-25,R21,16.797,0.6287,2.233,44.506,45.779,6.751,1
2025-07-26,R21,18.176,0.6836,8.726,53.083,83.129,4.573,0
2025-07-27,R21,18.119,0.6558,1.634,44.377,17.842,7.428,1
2025-07-28,R21,17.447,0.6379,6.937,50.582,39.528,6.635,1
2025-07-29,R21,19.314,0.6035,5.731,47.158,61.121,7.376,1
2025-07-30,R21,17.389,0.6746,8.39,52.352,40.046,6.567,1
2025-07-31,R21,18.313,0.6977,10.164,51.855,65.253,5.364,0
2025-08-01,R21,19.892,0.6312,4.806,50.383,26.531,8.115,1
2025-08-02,R21,18.715,0.6517,6.553,45.595,26.468,6.892,1
2025-08-03,R21,18.242,0.6854,9.708,51.451,67.563,6.404,0
2025-08-04,R21,19.512,0.6321,1.097,47.394,51.903,6.974,1
2025-08-05,R21,18.748,0.6941,10.936,50.936,32.637,7.552,0
2025-08-06,R21,17.869,0.6397,6.749,48.235,69.25,4.39,0
2025-08-07,R21,19.793,0.6254,15.759,55.079,45.11,8.126,0
2025-08-08,R21,18.184,0.5718,9.778,53.37,51.853,6.264,0
2025-08-09,R21,18.579,0.5276,12.951,51.274,48.22,6.091,1
2025-08-10,R21,17.51,0.5844,12.165,50.597,59.169,6.039,0
2025-08-11,R21,17.928,0.6041,5.946,50.863,44.87,6.251,0
2025-08-12,R21,15.707,0.6812,10.575,55.038,86.499,4.241,0
2025-08-13,R21,19.758,0.6772,14.961,48.688,64.039,6.741,1
2025-08-14,R21,17.434,0.6871,2.149,46.041,54.823,5.14,0
2025-08-15,R21,16.943,0.6476,29.189,55.605,60.705,5.645,0
2025-08-16,R21,16.056,0.6192,10.618,53.196,50.206,5.867,0
2025-08-17,R21,17.541,0.6052,7.762,45.964,82.803,4.416,1
2025-08-18,R21,15.911,0.558,7.214,53.421,37.658,7.059,1
2025-08-19,R21,21.605,0.7825,1.452,44.306,64.699,7.413,1
2025-08-20,R21,20.211,0.5475,10.083,52.039,65.524,5.434,1
2025-08-21,R21,16.499,0.758,7.936,54.637,69.415,5.129,0
2025-08-22,R21,15.219,0.6534,5.465,51.783,55.393,5.981,0
2025-08-23,R21,14.601,0.7228,4.843,50.398,49.107,5.791,0
2025-08-24,R21,18.218,0.5772,35.608,55.567,88.186,4.193,0
2025-08-25,R21,13.882,0.7247,2.831,51.533,57.738,5.833,0
2025-08-26,R21,17.765,0.6695,4.945,48.778,41.329,6.224,0
2025-08-27,R21,16.176,0.6718,3.8,50.417,35.598,6.765,0
2025-08-28,R21,16.381,0.6508,12.46,50.883,52.519,6.713,1
2025-08-29,R21,15.308,0.6335,11.628,52.57,54.953,7.393,0
2025-08-30,R21,15.387,0.5454,5.501,52.456,54.159,6.189,1
2025-08-31,R21,17.964,0.7141,3.929,48.976,48.978,6.101,0
2025-09-01,R21,17.203,0.6128,2.371,48.871,32.927,8.215,1
2025-09-02,R21,17.763,0.5845,7.142,50.011,38.871,7.116,1
2025-09-03,R21,15.436,0.6333,7.703,48.141,30.653,6.995,0
2025-09-04,R21,15.699,0.6044,4.133,49.803,69.251,4.497,0
2025-09-05,R21,18.217,0.6434,1.01,48.76,34.147,6.84,0
2025-09-06,R21,14.307,0.695,3.077,50.248,37.05,5.185,0
2025-09-07,R21,15.458,0.7316,18.652,55.342,89.057,3.956,0
2025-09-08,R21,15.671,0.5958,10.591,48.903,59.36,5.866,0
2025-09-09,R21,16.402,0.609,7.061,55.314,57.221,5.733,0
2025-09-10,R21,13.914,0.6782,5.621,54.659,46.379,5.229,0
2025-09-11,R21,14.809,0.6313,3.877,58.253,40.762,6.9,0
2025-09-12,R21,16.02,0.6337,10.035,52.97,66.216,4.957,0
2025-09-13,R21,16.989,0.5627,11.481,52.587,69.49,5.24,0
2025-09-14,R21,13.705,0.5667,12.547,54.773,72.669,4.113,0
2025-09-15,R21,16.44,0.6354,22.222,49.046,60.593,6.253,0
2025-09-16,R21,17.553,0.7176,2.664,49.132,42.858,7.758,1
2025-09-17,R21,18.339,0.6529,25.362,60.086,67.221,6.247,0
2025-09-18,R21,15.768,0.7582,6.7,53.905,65.91,5.076,0
2025-09-19,R21,13.11,0.8173,14.976,57.41,63.496,4.49,0
2025-09-20,R21,14.224,0.5894,1.414,51.163,13.09,7.102,1
2025-09-21,R21,14.685,0.6566,3.732,47.936,45.34,6.387,0
2025-09-22,R21,12.265,0.6761,13.647,61.529,66.729,3.852,0
2025-09-23,R21,20.689,0.6163,13.458,47.164,89.549,5.199,1
2025-09-24,R21,16.522,0.7075,4.495,50.119,43.195,6.248,0
2025-09-25,R21,14.824,0.6839,13.192,52.564,51.936,4.755,0
2025-09-26,R21,14.512,0.671,9.762,55.312,35.613,6.427,0
2025-09-27,R21,17.162,0.5749,2.699,48.024,59.104,7.118,1
2025-09-28,R21,15.433,0.7415,22.27,54.568,56.466,4.914,0
2025-09-29,R21,16.23,0.6631,0.496,52.273,32.219,5.904,0
2025-09-30,R21,15.276,0.5455,6.643,51.689,31.99,6.835,0
2025-10-01,R21,14.654,0.6304,22.416,54.694,77.428,3.772,0
2025-10-02,R21,16.19,0.6499,24.252,61.676,88.089,5.113,0
2025-10-03,R21,13.954,0.7122,15.758,59.462,40.485,5.953,0
2025-10-04,R21,18.008,0.6789,3.921,53.007,32.88,7.931,1
2025-10-05,R21,17.855,0.6505,4.046,47.229,53.991,5.511,0
2025-10-06,R21,16.108,0.5694,23.658,58.209,56.676,5.021,0
2025-10-07,R21,16.033,0.6796,11.414,55.476,69.694,5.407,0
2025-10-08,R21,16.752,0.6603,27.303,55.87,83.8,5.41,0
2025-10-09,R21,13.297,0.7358,5.044,57.912,49.121,5.052,0
2025-10-10,R21,14.599,0.7082,11.5,51.79,37.752,6.548,0
2025-10-11,R21,14.503,0.6931,8.875,54.071,59.649,6.731,0
2025-10-12,R21,17.888,0.5714,13.024,53.669,45.361,5.731,0
2025-10-13,R21,11.293,0.823,6.763,57.558,35.415,6.059,0
2025-10-14,R21,16.144,0.7223,7.606,46.229,50.68,5.739,0
2025-10-15,R21,16.541,0.4842,8.158,49.63,34.347,6.724,1
2025-10-16,R21,16.986,0.68,15.159,53.97,82.896,5.671,0
2025-10-17,R21,15.627,0.5786,14.219,59.266,66.434,4.137,0
2025-10-18,R21,14.082,0.8415,1.048,54.511,15.983,7.577,0
2025-10-19,R21,12.542,0.6838,2.729,53.417,26.693,4.861,0
2025-10-20,R21,18.737,0.5857,3.602,47.299,24.67,8.078,1
2025-10-21,R21,13.477,0.7135,3.22,44.045,79.849,4.853,0
2025-10-22,R21,13.961,0.7017,19.95,55.344,79.898,3.7,0
2025-10-23,R21,19.583,0.5773,17.045,45.178,38.821,6.892,1
2025-10-24,R21,17.359,0.6935,13.168,52.774,50.418,8.49,0
2025-10-25,R21,15.422,0.6475,13.696,51.933,57.315,5.875,0
2025-10-26,R21,17.393,0.6634,14.219,55.207,64.132,6.024,0
2025-10-27,R21,17.868,0.5867,10.041,47.339,90.476,3.534,0
2025-10-28,R21,19.639,0.6065,15.48,53.516,38.945,7.036,1
2025-10-29,R21,17.848,0.7175,9.001,54.125,55.83,6.958,0
2025-10-30,R21,17.919,0.7152,4.513,43.34,39.547,7.576,1
2025-10-31,R21,17.334,0.6371,8.031,50.206,61.496,5.43,0
2025-11-01,R21,15.252,0.5789,13.518,53.776,55.081,5.843,0
2025-11-02,R21,15.423,0.6964,15.816,58.93,74.546,4.715,0
2025-11-03,R21,16.305,0.5632,15.506,51.697,43.937,5.999,0
2025-11-04,R21,15.233,0.6818,5.75,50.988,43.262,7.12,1
2025-11-05,R21,16.578,0.6847,5.456,50.687,46.863,6.025,0
2025-11-06,R21,16.271,0.6506,7.334,56.043,74.202,5.678,0
2025-11-07,R21,15.644,0.637,17.685,55.532,69.553,5.86,0
2025-11-08,R21,16.093,0.6174,8.142,53.038,51.395,6.488,0
2025-11-09,R21,18.338,0.5911,31.157,62.809,63.005,6.386,0
2025-11-10,R21,16.619,0.6498,16.441,60.43,55.376,6.4,0
2025-11-11,R21,17.837,0.6551,5.099,47.185,57.833,5.562,0
2025-11-12,R21,19.752,0.6843,7.524,47.912,98.763,4.714,0
2025-11-13,R21,18.735,0.666,17.512,53.378,62.262,6.176,0
2025-11-14,R21,18.098,0.6735,15.764,52.445,82.802,4.732,0
2025-11-15,R21,16.793,0.6999,8.033,54.527,34.935,6.681,1
2025-11-16,R21,12.584,0.7273,19.198,57.887,63.18,4.018,0
2025-11-17,R21,18.639,0.5509,25.729,53.138,63.963,6.131,0
2025-11-18,R21,16.527,0.6712,9.862,51.622,56.644,5.906,0
2025-11-19,R21,17.362,0.6196,0.663,49.76,57.119,5.338,0
2025-11-20,R21,18.634,0.6799,0.534,50.501,61.468,7.269,1
2025-11-21,R21,19.549,0.6796,4.921,47.932,50.461,6.157,1
2025-11-22,R21,17.717,0.6512,5.67,40.934,50.529,5.502,0
2025-11-23,R21,19.178,0.6115,10.8,50.027,51.184,6.523,0
2025-11-24,R21,19.363,0.6252,2.149,47.29,45.755,6.8,1
2025-11-25,R21,20.14,0.6425,29.406,58.79,70.907,5.211,0
2025-11-26,R21,18.012,0.6401,32.524,62.136,56.607,6.717,0
2025-11-27,R21,19.625,0.6773,15.222,54.184,70.114,6.605,0
2025-11-28,R21,19.809,0.6391,7.344,49.799,26.999,7.27,0
2025-11-29,R21,18.411,0.6295,7.17,50.822,30.337,7.306,0
2025-11-30,R21,15.332,0.7416,7.258,49.678,32.365,6.216,0
2025-12-01,R21,14.793,0.5948,2.796,52.518,44.053,6.664,0
2025-12-02,R21,18.643,0.6836,14.178,46.757,77.904,4.626,0
2025-12-03,R21,20.476,0.7101,2.167,50.097,8.474,8.796,1
2025-12-04,R21,19.261,0.6851,12.923,51.176,66.27,6.322,0
2025-12-05,R21,18.313,0.6999,15.152,53.651,54.713,5.703,0
2025-12-06,R21,19.77,0.6758,3.717,44.973,78.283,5.952,0
2025-12-07,R21,14.898,0.6113,18.118,57.698,92.019,3.436,0
2025-12-08,R21,19.423,0.6722,4.197,44.701,34.418,7.283,1
2025-12-09,R21,21.085,0.6077,6.031,52.398,31.927,8.95,1
2025-12-10,R21,21.529,0.5457,1.499,45.623,30.869,9.808,1
2025-12-11,R21,21.795,0.7336,4.597,51.908,54.346,7.786,0
2025-12-12,R21,16.916,0.6349,6.792,47.071,66.434,5.952,1
2025-12-13,R21,20.078,0.6348,9.892,47.51,55.299,8.18,1
2025-12-14,R21,19.475,0.6799,1.275,48.911,18.75,7.941,1
2025-12-15,R21,18.163,0.6513,6.777,56.028,57.443,5.757,0
2025-12-16,R21,17.393,0.581,22.719,50.458,80.041,4.316,0
2025-12-17,R21,17.926,0.6317,24.395,58.374,70.306,4.908,0
2025-12-18,R21,17.082,0.6218,4.74,52.827,53.161,6.191,1
2025-12-19,R21,21.922,0.6851,10.038,49.261,46.897,8.04,1
2025-12-20,R21,16.985,0.5653,3.658,43.515,48.848,5.905,1
2025-12-21,R21,18.799,0.6207,14.816,57.848,59.705,6.317,0
2025-12-22,R21,19.062,0.5839,15.052,55.402,89.597,4.455,0
2025-12-23,R21,19.877,0.6296,1.395,42.05,48.133,7.063,1
2025-12-24,R21,18.391,0.5852,9.252,51.969,53.376,7.375,1
2025-12-25,R21,21.044,0.6309,5.868,47.69,52.987,6.223,1
2025-12-26,R21,16.884,0.5791,1.791,46.376,66.91,6.258,1
2025-12-27,R21,21.106,0.6164,7.983,48.296,84.587,5.683,1
2025-12-28,R21,22.888,0.6259,37.119,58.718,65.462,5.293,0
2025-12-29,R21,15.662,0.7116,5.156,54.029,37.572,6.298,0
2025-12-30,R21,20.258,0.5969,23.19,54.584,76.118,7.359,0
2025-12-31,R21,16.899,0.597,6.996,50.626,23.369,7.053,0
2025-01-01,R22,23.327,0.627,5.005,26.656,55.857,5.893,1
2025-01-02,R22,22.101,0.5885,5.215,27.425,54.68,6.535,1
2025-01-03,R22,20.78,0.6409,5.324,30.318,36.272,8.371,1
2025-01-04,R22,21.721,0.6686,4.095,25.123,48.978,6.091,1
2025-01-05,R22,20.243,0.5835,17.759,29.796,86.084,5.14,1
2025-01-06,R22,22.741,0.5028,23.457,26.695,64.498,7.117,1
2025-01-07,R22,21.183,0.5398,8.312,33.468,71.093,6.563,1
2025-01-08,R22,23.107,0.5941,3.451,19.729,53.073,7.713,1
2025-01-09,R22,21.815,0.6719,13.955,27.971,87.047,5.874,1
2025-01-10,R22,20.056,0.5991,8.32,30.63,52.499,7.11,1
2025-01-11,R22,18.675,0.6774,7.218,22.746,38.068,6.083,1
2025-01-12,R22,21.364,0.6088,7.743,26.392,34.674,6.721,1
2025-01-13,R22,20.177,0.7578,12.101,29.743,53.491,6.004,1
2025-01-14,R22,21.769,0.6312,7.42,27.061,78.312,6.458,1
2025-01-15,R22,23.461,0.7757,25.95,33.744,62.103,5.56,1
2025-01-16,R22,18.845,0.5503,0.372,24.265,45.702,6.883,1
2025-01-17,R22,22.668,0.6842,2.465,26.687,39.181,7.698,1
2025-01-18,R22,21.977,0.5977,29.891,33.15,78.459,4.994,1
2025-01-19,R22,20.886,0.6805,6.721,26.299,44.426,8.709,1
2025-01-20,R22,23.551,0.5233,8.64,21.4,54.389,7.749,1
2025-01-21,R22,22.913,0.6413,4.355,27.433,49.777,6.171,1
2025-01-22,R22,27.942,0.5534,12.548,26.359,59.168,9.09,1
2025-01-23,R22,21.167,0.7434,4.743,22.8,65.392,6.418,1
2025-01-24,R22,21.598,0.7463,19.251,25.606,63.508,8.064,1
2025-01-25,R22,24.363,0.5936,7.194,21.801,46.698,6.961,1
2025-01-26,R22,18.844,0.6562,9.141,28.911,55.659,7.115,1
2025-01-27,R22,24.186,0.59,11.777,25.923,37.847,7.463,1
2025-01-28,R22,20.243,0.6532,1.322,23.386,48.733,8.269,1
2025-01-29,R22,20.247,0.551,10.877,31.318,32.9,6.826,1
2025-01-30,R22,23.931,0.6649,1.805,16.726,17.096,9.027,1
2025-01-31,R22,24.952,0.5923,5.408,21.31,50.742,8.022,1
2025-02-01,R22,24.807,0.618,3.56,25.722,31.021,8.063,1
2025-02-02,R22,23.381,0.5777,14.674,28.954,58.486,7.01,1
2025-02-03,R22,23.789,0.6694,7.622,28.223,44.106,7.473,1
2025-02-04,R22,23.76,0.6973,2.788,25.743,73.592,5.932,1
2025-02-05,R22,24.394,0.5265,1.999,28.27,49.254,8.095,1
2025-02-06,R22,24.489,0.6175,13.29,28.74,53.886,6.44,1
2025-02-07,R22,21.018,0.6899,5.312,30.187,56.676,6.191,1
2025-02-08,R22,23.13,0.5651,7.008,24.029,39.571,8.697,1
2025-02-09,R22,22.3,0.7059,9.731,27.479,36.215,8.834,1
2025-02-10,R22,26.304,0.5442,34.075,34.173,57.739,7.339,1
2025-02-11,R22,21.095,0.5835,5.434,26.19,44.455,8.103,1
2025-02-12,R22,21.334,0.5868,12.615,27.068,33.191,9.072,1
2025-02-13,R22,21.842,0.6297,3.41,26.453,44.043,7.051,1
2025-02-14,R22,25.752,0.6679,12.465,27.707,65.151,6.906,1
2025-02-15,R22,27.705,0.5953,7.394,19.285,66.17,8.922,1
2025-02-16,R22,23.341,0.6261,12.543,29.847,26.411,8.43,1
2025-02-17,R22,25.391,0.6286,26.837,29.148,68.273,5.779,1
2025-02-18,R22,26.287,0.5999,9.761,24.163,70.202,8.203,1
2025-02-19,R22,24.44,0.5246,7.709,17.876,69.535,6.463,1
2025-02-20,R22,23.463,0.676,30.048,27.619,61.802,7.804,1
2025-02-21,R22,24.087,0.6204,2.042,21.672,50.885,8.573,1
2025-02-22,R22,24.411,0.6499,3.319,23.523,37.114,8.352,1
2025-02-23,R22,21.29,0.6678,1.212,25.06,43.312,7.554,1
2025-02-24,R22,25.665,0.4072,18.184,34.449,77.236,6.238,1
2025-02-25,R22,23.554,0.5405,4.305,27.633,57.98,6.456,1
2025-02-26,R22,24.466,0.6242,1.605,23.289,12.759,9.03,1
2025-02-27,R22,22.791,0.5728,12.076,21.378,68.083,8.231,1
2025-02-28,R22,26.648,0.4437,1.439,22.406,38.455,9.599,1
2025-03-01,R22,24.115,0.6078,6.866,21.334,53.689,8.157,1
2025-03-02,R22,20.798,0.5408,28.509,31.492,48.126,7.24,1
2025-03-03,R22,24.728,0.6704,5.307,24.095,74.533,6.471,1
2025-03-04,R22,22.258,0.5889,14.739,25.564,49.999,7.274,1
2025-03-05,R22,21.659,0.5784,12.746,25.718,70.965,5.478,1
2025-03-06,R22,23.699,0.475,10.251,27.666,65.61,8.231,1
2025-03-07,R22,25.888,0.6831,6.085,32.309,48.758,8.366,1
2025-03-08,R22,25.703,0.6591,4.658,24.134,63.664,7.026,1
2025-03-09,R22,24.343,0.6032,10.443,25.594,45.289,9.165,1
2025-03-10,R22,23.778,0.6178,4.714,19.727,64.205,6.32,1
2025-03-11,R22,24.686,0.5793,20.214,27.833,75.256,7.673,1
2025-03-12,R22,24.739,0.6478,7.905,23.041,46.061,8.002,1
2025-03-13,R22,20.298,0.6318,10.158,29.522,49.996,6.157,1
2025-03-14,R22,25.281,0.6084,2.794,22.316,50.296,8.213,1
2025-03-15,R22,26.207,0.6276,18.375,23.475,58.03,8.14,1
2025-03-16,R22,21.937,0.6801,1.803,27.13,48.083,8.937,1
2025-03-17,R22,25.177,0.6138,6.973,25.114,31.781,10.145,1
2025-03-18,R22,26.864,0.6092,3.893,20.295,25.834,9.658,1
2025-03-19,R22,22.998,0.6903,15.762,29.103,52.867,6.77,1
2025-03-20,R22,24.083,0.5643,2.819,18.4,41.985,9.162,1
2025-03-21,R22,24.181,0.5215,28.621,31.621,84.194,6.049,1
2025-03-22,R22,24.316,0.6009,31.229,28.053,89.333,6.438,1
2025-03-23,R22,25.891,0.5378,6.023,21.889,40.545,9.152,1
2025-03-24,R22,22.486,0.5736,44.133,38.884,64.999,6.962,1
2025-03-25,R22,25.751,0.6341,12.447,20.755,36.238,9.293,1
2025-03-26,R22,23.884,0.6554,6.223,27.416,32.135,8.388,1
2025-03-27,R22,21.058,0.6602,8.212,20.781,65.166,6.552,1
2025-03-28,R22,26.846,0.6556,7.265,23.0,56.835,9.366,1
2025-03-29,R22,24.22,0.5274,0.375,28.351,15.322,9.24,1
2025-03-30,R22,29.085,0.4781,3.124,23.673,28.687,10.659,1
2025-03-31,R22,25.232,0.6554,12.706,24.381,54.285,8.209,1
2025-04-01,R22,24.727,0.5018,14.068,30.24,55.06,6.906,1
2025-04-02,R22,27.665,0.6423,21.717,32.351,61.2,9.401,1
2025-04-03,R22,23.446,0.5765,12.961,22.337,56.906,6.715,1
2025-04-04,R22,21.543,0.5873,2.856,25.178,34.483,9.164,1
2025-04-05,R22,23.662,0.602,1.123,20.383,36.809,8.646,1
2025-04-06,R22,23.521,0.5394,4.47,23.451,41.956,7.701,1
2025-04-07,R22,24.84,0.6014,11.974,24.924,66.103,7.998,1
2025-04-08,R22,26.256,0.6043,9.557,27.634,55.13,8.097,1
2025-04-09,R22,25.414,0.5392,4.515,18.443,25.897,8.201,1
2025-04-10,R22,24.934,0.5843,2.497,27.683,26.445,9.315,1
2025-04-11,R22,24.676,0.6138,3.191,20.102,27.92,9.607,1
2025-04-12,R22,22.887,0.5596,8.445,32.397,49.246,8.16,1
2025-04-13,R22,23.204,0.6243,2.898,23.214,50.99,8.663,1
2025-04-14,R22,26.896,0.6436,18.711,20.385,71.444,6.044,1
2025-04-15,R22,21.55,0.5599,3.298,25.857,35.864,7.949,1
2025-04-16,R22,24.327,0.5766,4.963,17.588,71.055,7.114,1
2025-04-17,R22,25.65,0.5588,17.548,26.384,44.625,9.162,1
2025-04-18,R22,25.105,0.5522,13.715,26.44,53.941,7.161,1
2025-04-19,R22,21.17,0.7892,1.899,24.087,26.387,7.647,1
2025-04-20,R22,23.396,0.5431,6.381,27.418,89.663,5.421,1
2025-04-21,R22,27.018,0.5969,12.329,28.649,34.443,7.949,1
2025-04-22,R22,25.02,0.4952,2.245,19.401,57.282,7.178,1
2025-04-23,R22,24.042,0.5976,2.617,22.497,85.436,5.546,1
2025-04-24,R22,25.796,0.6211,3.864,21.398,22.606,9.626,1
2025-04-25,R22,24.609,0.6126,7.209,23.34,54.353,6.497,1
2025-04-26,R22,22.63,0.6264,13.561,24.217,64.131,8.066,1
2025-04-27,R22,23.662,0.6781,2.069,19.187,51.822,8.663,1
2025-04-28,R22,26.045,0.6009,2.597,27.622,45.777,8.787,1
2025-04-29,R22,26.747,0.6255,6.062,26.832,62.725,7.272,1
2025-04-30,R22,24.89,0.5899,4.143,22.501,66.584,6.199,1
2025-05-01,R22,26.108,0.6886,5.134,26.839,68.07,7.393,1
2025-05-02,R22,25.845,0.6641,13.916,26.448,52.862,8.589,1
2025-05-03,R22,26.28,0.5249,11.798,23.167,61.451,7.0,1
2025-05-04,R22,24.962,0.6158,13.545,21.606,58.213,7.605,1
2025-05-05,R22,25.705,0.6037,12.4,26.782,43.482,8.8,1
2025-05-06,R22,25.339,0.5533,3.714,21.954,33.111,10.33,1
2025-05-07,R22,25.779,0.561,1.216,22.372,19.295,10.04,1
2025-05-08,R22,23.661,0.5276,18.114,25.536,52.691,7.603,1
2025-05-09,R22,26.31,0.5236,3.562,21.251,33.895,8.737,1
2025-05-10,R22,23.922,0.5662,7.072,23.85,42.201,8.591,1
2025-05-11,R22,23.832,0.53,8.538,27.474,36.716,9.552,1
2025-05-12,R22,24.669,0.4759,8.684,22.339,63.206,7.502,1
2025-05-13,R22,22.145,0.568,2.431,27.491,52.413,8.634,1
2025-05-14,R22,22.786,0.6411,11.246,25.587,58.688,6.882,1
2025-05-15,R22,26.499,0.6184,1.572,21.457,33.082,9.3,1
2025-05-16,R22,26.378,0.5745,12.258,22.354,46.206,8.283,1
2025-05-17,R22,24.954,0.6325,13.613,27.198,48.074,8.419,1
2025-05-18,R22,24.707,0.5494,1.408,20.874,32.15,9.712,1
2025-05-19,R22,25.603,0.5738,23.746,32.181,74.003,7.049,1
2025-05-20,R22,23.972,0.5228,7.692,19.63,51.511,9.317,1
2025-05-21,R22,27.388,0.5398,1.76,20.638,53.951,8.943,1
2025-05-22,R22,21.414,0.6578,6.653,25.199,40.81,8.181,1
2025-05-23,R22,21.581,0.7282,8.459,30.151,75.856,5.766,1
2025-05-24,R22,24.655,0.5359,15.134,31.992,45.249,8.819,1
2025-05-25,R22,22.938,0.628,2.28,24.852,33.848,8.096,1
2025-05-26,R22,22.531,0.6649,3.671,32.658,43.523,7.599,1
2025-05-27,R22,21.388,0.7352,3.086,26.774,39.974,7.592,1
2025-05-28,R22,25.061,0.6437,6.023,21.146,92.858,6.475,1
2025-05-29,R22,20.7,0.5696,11.922,31.791,60.482,5.831,1
2025-05-30,R22,19.609,0.6628,23.669,30.956,55.876,7.171,1
2025-05-31,R22,24.32,0.65,4.071,21.603,24.89,7.754,1
2025-06-01,R22,24.545,0.6102,6.061,27.199,46.013,8.302,1
2025-06-02,R22,27.914,0.601,6.916,22.726,43.574,9.856,1
2025-06-03,R22,21.604,0.6758,7.323,29.079,54.691,6.518,1
2025-06-04,R22,23.579,0.7252,10.526,23.807,49.119,8.933,1
2025-06-05,R22,22.947,0.6414,2.608,28.826,45.048,7.801,1
2025-06-06,R22,23.334,0.5915,1.795,17.867,50.439,8.786,1
2025-06-07,R22,22.551,0.6482,2.325,20.837,46.269,7.349,1
2025-06-08,R22,23.463,0.6561,8.928,23.098,33.168,9.609,1
2025-06-09,R22,22.776,0.6447,9.585,23.856,46.522,7.75,1
2025-06-10,R22,25.111,0.642,12.508,25.685,64.783,6.81,1
2025-06-11,R22,22.035,0.6286,9.326,25.226,47.2,7.345,1
2025-06-12,R22,20.375,0.6708,14.885,28.382,39.25,7.145,1
2025-06-13,R22,26.393,0.5909,15.533,28.911,42.613,8.83,1
2025-06-14,R22,24.025,0.6958,8.386,25.915,31.977,8.335,1
2025-06-15,R22,25.288,0.5602,5.673,22.848,56.9,6.174,1
2025-06-16,R22,24.833,0.5882,2.486,25.379,40.495,8.254,1
2025-06-17,R22,23.771,0.5484,15.372,27.184,49.177,7.336,1
2025-06-18,R22,20.961,0.6763,17.226,29.105,86.072,5.147,1
2025-06-19,R22,20.893,0.7658,0.545,24.046,5,8.873,1
2025-06-20,R22,21.234,0.6751,15.668,33.296,80.784,4.41,1
2025-06-21,R22,21.022,0.5302,10.193,23.83,71.965,5.919,1
2025-06-22,R22,23.112,0.6407,9.099,22.12,32.003,7.826,1
2025-06-23,R22,22.063,0.6272,8.061,24.316,58.128,6.39,1
2025-06-24,R22,20.938,0.7335,19.786,35.945,54.54,7.601,1
2025-06-25,R22,18.799,0.703,12.043,26.746,35.031,7.878,1
2025-06-26,R22,21.25,0.6844,2.094,27.062,60.354,7.059,1
2025-06-27,R22,21.773,0.6212,1.514,29.915,32.375,8.025,1
2025-06-28,R22,20.674,0.5629,5.273,24.161,20.844,10.0,1
2025-06-29,R22,23.543,0.7478,11.809,25.36,69.347,6.461,1
2025-06-30,R22,20.457,0.6539,4.214,25.833,37.867,6.896,1
2025-07-01,R22,20.542,0.6093,3.062,24.055,71.77,5.562,1
2025-07-02,R22,21.427,0.6686,1.547,26.471,11.901,9.731,1
2025-07-03,R22,21.564,0.596,6.921,26.92,43.546,7.925,1
2025-07-04,R22,21.174,0.6696,4.76,24.195,46.344,7.562,1
2025-07-05,R22,20.918,0.6621,6.705,27.103,36.141,8.444,1
2025-07-06,R22,20.888,0.669,1.165,29.38,34.205,9.112,1
2025-07-07,R22,20.282,0.6547,3.81,29.11,52.259,8.043,1
2025-07-08,R22,19.558,0.5559,7.687,26.137,34.269,7.805,1
2025-07-09,R22,19.821,0.6565,6.223,26.242,40.871,7.587,1
2025-07-10,R22,18.645,0.6392,6.232,28.518,56.603,6.136,1
2025-07-11,R22,19.835,0.5026,7.393,21.474,75.117,6.167,1
2025-07-12,R22,17.063,0.663,58.254,46.464,88.437,5.51,0
2025-07-13,R22,16.898,0.808,6.461,26.729,70.813,5.774,1
2025-07-14,R22,18.556,0.6064,9.669,25.987,35.487,7.598,1
2025-07-15,R22,17.32,0.6624,7.301,27.642,42.971,5.345,1
2025-07-16,R22,19.417,0.6643,5.483,26.661,42.809,7.751,1
2025-07-17,R22,22.374,0.6061,7.179,27.59,36.299,7.732,1
2025-07-18,R22,20.36,0.6541,2.399,22.277,19.606,8.29,1
2025-07-19,R22,17.933,0.7278,12.816,28.573,56.191,6.518,1
2025-07-20,R22,20.042,0.6109,3.736,25.792,46.132,8.864,1
2025-07-21,R22,17.726,0.6925,17.899,33.32,51.259,6.727,1
2025-07-22,R22,22.89,0.7088,4.699,29.557,50.244,8.347,1
2025-07-23,R22,18.942,0.6396,15.836,31.864,79.909,5.013,1
2025-07-24,R22,20.516,0.5555,10.603,26.612,37.518,7.582,1
2025-07-25,R22,21.559,0.6748,0.912,21.594,20.079,8.614,1
2025-07-26,R22,21.606,0.5409,4.81,23.356,49.573,5.617,1
2025-07-27,R22,20.079,0.659,9.797,32.583,45.228,6.859,1
2025-07-28,R22,17.692,0.6745,13.449,28.033,49.316,6.723,1
2025-07-29,R22,20.622,0.5643,1.659,23.886,36.259,8.731,1
2025-07-30,R22,20.708,0.6582,1.605,23.138,42.513,7.636,1
2025-07-31,R22,15.332,0.6649,3.941,30.365,78.768,4.388,1
2025-08-01,R22,17.25,0.7075,10.094,30.401,55.055,6.55,1
2025-08-02,R22,20.418,0.6189,3.648,24.306,41.04,7.095,1
2025-08-03,R22,20.188,0.5632,5.755,28.27,47.435,7.148,1
2025-08-04,R22,15.28,0.7022,8.842,33.556,53.884,6.175,1
2025-08-05,R22,20.968,0.6609,13.182,26.782,50.464,5.912,1
2025-08-06,R22,20.233,0.6147,38.909,39.404,82.551,5.433,0
2025-08-07,R22,17.662,0.7358,2.87,29.255,39.709,6.436,1
2025-08-08,R22,16.774,0.7527,8.917,30.404,77.235,3.294,0
2025-08-09,R22,20.3,0.6951,27.383,29.273,55.181,6.951,1
2025-08-10,R22,18.676,0.6943,11.47,28.013,69.774,4.47,1
2025-08-11,R22,21.331,0.6024,4.768,20.938,52.645,5.705,1
2025-08-12,R22,18.539,0.6943,3.354,23.365,34.16,6.622,1
2025-08-13,R22,22.831,0.5997,11.426,29.733,60.45,6.894,1
2025-08-14,R22,17.411,0.6938,12.906,37.753,36.966,7.793,1
2025-08-15,R22,17.057,0.6909,6.089,22.614,34.671,7.077,1
2025-08-16,R22,19.917,0.6283,1.94,28.127,61.301,6.65,1
2025-08-17,R22,18.111,0.737,10.193,29.945,57.809,6.471,1
2025-08-18,R22,18.162,0.7036,4.749,29.326,23.825,7.211,1
2025-08-19,R22,16.882,0.7328,3.401,29.362,23.63,7.899,1
2025-08-20,R22,17.723,0.7298,7.459,26.469,50.48,5.443,1
2025-08-21,R22,16.177,0.5876,21.914,31.91,57.249,5.907,1
2025-08-22,R22,14.811,0.6276,3.524,27.589,70.683,4.583,1
2025-08-23,R22,20.332,0.518,24.498,29.917,68.009,4.579,1
2025-08-24,R22,17.343,0.6794,5.307,25.22,40.722,6.559,1
2025-08-25,R22,21.029,0.75,7.678,28.19,46.169,6.572,1
2025-08-26,R22,18.939,0.6383,7.284,24.924,69.786,5.597,1
2025-08-27,R22,17.75,0.7166,3.549,26.717,61.731,5.741,1
2025-08-28,R22,16.867,0.7409,16.195,29.092,75.094,3.972,0
2025-08-29,R22,17.61,0.6084,1.961,27.778,54.122,7.325,1
2025-08-30,R22,18.093,0.6728,3.919,22.855,78.065,3.992,1
2025-08-31,R22,16.272,0.6493,2.035,24.871,21.081,7.295,1
2025-09-01,R22,16.2,0.6739,12.626,30.228,61.378,4.712,0
2025-09-02,R22,21.634,0.6333,5.969,24.973,49.888,7.417,1
2025-09-03,R22,15.991,0.6704,9.467,29.173,61.288,5.303,1
2025-09-04,R22,18.983,0.6425,5.467,27.425,74.905,6.061,1
2025-09-05,R22,15.668,0.6855,11.708,29.819,44.935,5.518,1
2025-09-06,R22,13.045,0.6757,15.131,37.504,39.2,5.64,0
2025-09-07,R22,16.273,0.6884,7.72,30.576,29.27,6.197,1
2025-09-08,R22,15.854,0.5924,10.488,36.33,43.966,7.048,1
2025-09-09,R22,14.51,0.7235,19.899,35.91,84.389,3.764,0
2025-09-10,R22,15.935,0.6933,9.353,26.271,41.604,7.34,1
2025-09-11,R22,15.967,0.7028,13.475,29.446,63.718,5.869,1
2025-09-12,R22,17.404,0.6295,11.828,33.78,66.206,4.807,1
2025-09-13,R22,15.518,0.6581,8.591,27.194,42.174,4.898,1
2025-09-14,R22,16.016,0.6182,15.285,29.256,67.84,4.809,1
2025-09-15,R22,19.966,0.7617,3.315,22.097,47.077,6.768,1
2025-09-16,R22,15.642,0.6865,6.403,26.326,38.4,5.861,1
2025-09-17,R22,19.038,0.6747,20.061,33.206,68.759,5.294,1
2025-09-18,R22,16.846,0.6857,4.482,26.334,37.385,6.47,1
2025-09-19,R22,16.35,0.6943,25.402,35.104,63.317,4.528,0
2025-09-20,R22,15.772,0.6441,2.812,24.372,38.152,6.046,1
2025-09-21,R22,17.037,0.73,2.393,22.58,29.51,7.605,1
2025-09-22,R22,13.255,0.7552,1.639,28.566,33.721,6.142,1
2025-09-23,R22,17.541,0.7753,8.114,27.49,39.334,6.792,1
2025-09-24,R22,16.654,0.7189,44.512,43.095,78.624,5.926,0
2025-09-25,R22,17.569,0.6748,6.047,27.541,57.607,5.691,1
2025-09-26,R22,17.909,0.7397,21.54,38.283,59.211,7.387,1
2025-09-27,R22,14.185,0.7283,7.633,30.501,52.896,5.75,1
2025-09-28,R22,15.632,0.67,6.442,26.023,27.138,6.729,1
2025-09-29,R22,16.538,0.7446,1.295,25.035,66.862,4.136,1
2025-09-30,R22,19.055,0.6878,5.686,24.223,54.828,6.541,1
2025-10-01,R22,18.767,0.6442,2.647,22.113,43.292,5.267,1
2025-10-02,R22,16.637,0.6647,19.846,38.712,42.28,6.676,1
2025-10-03,R22,19.424,0.6338,16.545,36.027,39.814,8.349,1
2025-10-04,R22,14.76,0.6278,3.713,23.995,45.195,6.58,1
2025-10-05,R22,14.135,0.709,4.073,32.401,30.413,5.605,1
2025-10-06,R22,17.467,0.7568,17.726,30.981,66.018,6.624,1
2025-10-07,R22,17.289,0.6066,33.564,34.934,98.354,4.376,0
2025-10-08,R22,14.052,0.6401,40.151,45.701,62.306,4.89,0
2025-10-09,R22,14.993,0.7256,3.946,25.718,44.154,6.095,1
2025-10-10,R22,18.46,0.7025,16.969,26.62,69.488,5.438,1
2025-10-11,R22,17.834,0.7762,6.161,30.562,63.336,5.022,1
2025-10-12,R22,13.065,0.7619,1.266,29.015,13.225,7.981,1
2025-10-13,R22,17.144,0.7562,7.41,35.284,54.912,6.599,1
2025-10-14,R22,11.719,0.7481,7.455,33.748,53.08,5.988,1
2025-10-15,R22,16.134,0.6758,12.893,32.179,83.078,3.313,0
2025-10-16,R22,18.653,0.768,2.114,26.407,37.861,6.562,1
2025-10-17,R22,13.25,0.7557,7.656,30.262,30.528,7.068,1
2025-10-18,R22,17.903,0.6489,6.55,23.406,57.55,5.816,1
2025-10-19,R22,15.315,0.6926,7.643,31.735,61.36,4.059,0
2025-10-20,R22,15.457,0.567,14.073,26.045,47.296,7.22,1
2025-10-21,R22,16.136,0.6462,10.776,28.92,61.786,5.708,1
2025-10-22,R22,18.714,0.6483,3.462,33.149,14.085,8.033,1
2025-10-23,R22,15.955,0.6575,1.738,24.941,66.456,4.862,1
2025-10-24,R22,17.871,0.7317,6.268,27.357,42.672,6.03,1
2025-10-25,R22,18.524,0.6059,1.145,27.439,34.351,6.523,1
2025-10-26,R22,18.086,0.6241,11.032,27.972,86.191,5.464,1
2025-10-27,R22,17.359,0.6575,5.431,21.959,64.644,6.398,1
2025-10-28,R22,15.946,0.6734,21.911,35.85,63.257,4.719,0
2025-10-29,R22,13.429,0.6072,6.97,30.558,41.245,4.695,1
2025-10-30,R22,19.35,0.7458,8.631,20.737,85.37,3.862,1
2025-10-31,R22,18.712,0.7449,16.551,30.71,44.14,7.353,1
2025-11-01,R22,15.848,0.7073,6.413,32.49,79.819,4.536,0
2025-11-02,R22,17.163,0.6941,36.287,38.722,79.955,5.265,0
2025-11-03,R22,15.989,0.5819,2.723,28.47,31.12,7.331,1
2025-11-04,R22,15.099,0.7145,4.857,31.657,32.033,7.872,1
2025-11-05,R22,16.182,0.7235,7.885,34.126,17.659,6.886,1
2025-11-06,R22,20.337,0.542,1.09,22.051,48.829,8.666,1
2025-11-07,R22,17.315,0.6904,16.699,29.911,56.769,6.275,1
2025-11-08,R22,15.704,0.6321,9.324,29.339,44.724,7.489,1
2025-11-09,R22,16.954,0.7018,4.141,23.274,55.89,4.84,1
2025-11-10,R22,15.383,0.718,1.207,32.211,81.562,5.884,1
2025-11-11,R22,15.438,0.5994,9.38,30.75,51.442,6.597,1
2025-11-12,R22,18.855,0.6172,20.159,31.511,72.349,5.481,1
2025-11-13,R22,18.495,0.6308,1.85,24.822,14.68,8.89,1
2025-11-14,R22,18.864,0.7788,8.358,31.712,63.054,7.104,1
2025-11-15,R22,17.768,0.6736,0.749,22.657,41.023,7.849,1
2025-11-16,R22,19.272,0.6156,4.235,25.956,28.371,7.642,1
2025-11-17,R22,15.415,0.6958,12.034,30.561,69.051,4.331,0
2025-11-18,R22,15.09,0.633,5.732,25.095,37.764,6.816,1
2025-11-19,R22,20.514,0.7184,3.919,24.993,38.024,7.85,1
2025-11-20,R22,18.0,0.6794,8.335,32.929,59.896,5.317,1
2025-11-21,R22,18.119,0.6629,6.396,31.194,47.547,6.863,1
2025-11-22,R22,20.323,0.6693,1.023,24.815,36.667,8.618,1
2025-11-23,R22,17.3,0.6637,1.674,26.905,29.777,6.869,1
2025-11-24,R22,21.37,0.606,0.927,27.525,50.434,7.59,1
2025-11-25,R22,19.543,0.6702,10.965,26.385,40.941,7.541,1
2025-11-26,R22,18.674,0.5609,3.236,27.616,36.327,7.332,1
2025-11-27,R22,17.243,0.6444,9.815,24.333,53.21,6.3,1
2025-11-28,R22,17.286,0.6582,2.645,25.786,66.416,5.836,1
2025-11-29,R22,20.139,0.671,19.537,28.17,73.909,5.898,1
2025-11-30,R22,20.487,0.5347,14.286,32.161,74.79,6.044,1
2025-12-01,R22,17.73,0.7182,5.166,25.441,51.0,5.933,1
2025-12-02,R22,16.891,0.6326,24.846,36.369,45.238,7.889,1
2025-12-03,R22,18.314,0.6268,27.091,34.416,64.558,5.672,0
2025-12-04,R22,17.336,0.6407,16.105,31.131,72.147,6.169,1
2025-12-05,R22,18.722,0.6333,1.976,25.736,32.379,8.433,1
2025-12-06,R22,21.974,0.6426,28.74,24.946,58.93,6.261,1
2025-12-07,R22,20.763,0.6198,7.39,29.42,55.555,6.049,1
2025-12-08,R22,17.589,0.6554,2.802,30.125,40.318,6.153,1
2025-12-09,R22,19.188,0.6596,7.467,23.463,76.399,4.828,1
2025-12-10,R22,18.98,0.6946,11.268,23.127,55.536,5.164,1
2025-12-11,R22,20.594,0.5695,11.835,27.762,32.051,7.568,1
2025-12-12,R22,18.78,0.5956,25.296,30.093,87.233,6.456,1
2025-12-13,R22,21.65,0.6011,7.784,31.447,49.559,7.334,1
2025-12-14,R22,19.127,0.6308,4.827,26.528,45.79,5.874,1
2025-12-15,R22,16.349,0.625,9.564,30.519,60.581,5.418,1
2025-12-16,R22,18.593,0.6455,7.464,22.666,64.728,6.554,1
2025-12-17,R22,16.7,0.707,14.26,31.541,80.317,4.358,1
2025-12-18,R22,19.658,0.734,17.009,30.44,54.29,4.524,1
2025-12-19,R22,16.598,0.7126,7.924,34.619,57.446,6.141,1
2025-12-20,R22,19.941,0.6226,4.834,25.092,22.305,8.715,1
2025-12-21,R22,19.585,0.6965,2.237,18.371,61.154,6.959,1
2025-12-22,R22,19.847,0.7886,3.966,27.916,13.404,9.01,1
2025-12-23,R22,17.403,0.716,4.387,30.651,41.865,6.31,1
2025-12-24,R22,21.394,0.5756,18.74,26.889,61.228,7.038,1
2025-12-25,R22,18.145,0.6849,0.891,23.218,32.275,6.361,1
2025-12-26,R22,22.162,0.6663,11.863,25.791,39.179,8.618,1
2025-12-27,R22,20.81,0.6496,9.377,26.19,43.904,7.214,1
2025-12-28,R22,21.514,0.5972,16.312,29.741,71.025,6.511,1
2025-12-29,R22,23.173,0.6197,30.085,32.973,93.106,5.757,1
2025-12-30,R22,20.368,0.6023,3.561,27.346,29.028,8.04,1
2025-12-31,R22,21.369,0.6941,4.731,25.397,45.794,8.849,1
2025-01-01,R23,27.844,0.2557,24.487,63.156,62.717,9.345,1
2025-01-02,R23,30.187,0.2493,7.463,49.805,51.875,9.029,1
2025-01-03,R23,30.673,0.2255,2.929,57.582,40.492,10.938,1
2025-01-04,R23,31.445,0.1784,7.969,52.828,40.788,11.204,1
2025-01-05,R23,31.25,0.3267,8.52,55.834,71.453,10.643,1
2025-01-06,R23,29.849,0.1386,7.5,58.97,36.596,8.827,1
2025-01-07,R23,28.051,0.1755,3.468,60.283,38.88,9.147,1
2025-01-08,R23,26.954,0.2372,3.309,60.976,52.424,8.377,1
2025-01-09,R23,26.656,0.1317,4.173,56.485,62.845,6.376,1
2025-01-10,R23,24.7,0.2508,5.871,64.956,58.767,6.945,1
2025-01-11,R23,31.533,0.1284,6.361,55.202,66.346,8.42,1
2025-01-12,R23,29.51,0.2093,5.542,57.716,37.804,9.555,1
2025-01-13,R23,26.013,0.2435,8.513,63.07,65.286,6.725,0
2025-01-14,R23,26.402,0.2798,10.312,61.671,81.887,6.261,0
2025-01-15,R23,29.154,0.2602,2.017,57.102,52.138,8.915,1
2025-01-16,R23,29.412,0.2168,2.915,56.972,35.672,10.232,1
2025-01-17,R23,28.449,0.198,19.184,64.536,38.959,9.478,1
2025-01-18,R23,30.721,0.2178,10.285,53.636,59.03,9.044,1
2025-01-19,R23,28.386,0.161,3.001,59.029,70.39,7.718,1
2025-01-20,R23,29.626,0.2211,8.44,57.424,87.6,7.974,1
2025-01-21,R23,31.319,0.1889,5.649,52.049,40.171,10.445,1
2025-01-22,R23,32.22,0.1061,15.494,62.3,47.707,10.225,1
2025-01-23,R23,29.613,0.2693,6.545,56.077,72.457,8.407,1
2025-01-24,R23,34.802,0.1455,4.603,58.873,48.825,9.677,1
2025-01-25,R23,29.271,0.2616,7.286,55.68,54.448,8.249,1
2025-01-26,R23,29.435,0.1644,1.027,57.054,5,10.694,1
2025-01-27,R23,30.013,0.2026,7.288,58.593,40.986,11.251,1
2025-01-28,R23,26.075,0.2999,22.164,61.915,59.862,7.963,1
2025-01-29,R23,30.94,0.1843,13.213,58.252,85.363,7.312,1
2025-01-30,R23,31.709,0.194,7.1,52.993,48.582,9.827,1
2025-01-31,R23,28.292,0.1087,1.24,52.923,45.53,8.639,1
2025-02-01,R23,27.636,0.1805,11.439,56.519,53.446,7.918,1
2025-02-02,R23,29.444,0.2265,2.305,55.832,40.676,9.732,1
2025-02-03,R23,31.553,0.2626,43.937,65.325,69.514,9.077,0
2025-02-04,R23,33.204,0.2224,13.779,60.978,77.893,9.213,1
2025-02-05,R23,31.503,0.2071,1.376,50.382,46.345,10.796,1
2025-02-06,R23,31.613,0.2479,14.291,57.893,48.958,9.575,1
2025-02-07,R23,30.935,0.1844,2.611,55.623,65.484,8.151,1
2025-02-08,R23,29.12,0.1298,5.509,54.584,30.102,10.868,1
2025-02-09,R23,33.455,0.1395,8.273,52.786,40.533,9.976,1
2025-02-10,R23,28.382,0.2983,2.042,53.288,16.618,10.273,1
2025-02-11,R23,31.857,0.1616,9.62,55.369,46.619,9.417,1
2025-02-12,R23,31.422,0.201,19.301,60.287,62.473,10.109,1
2025-02-13,R23,30.893,0.1163,7.0,49.702,47.087,8.986,1
2025-02-14,R23,30.609,0.174,11.765,58.421,75.943,6.696,1
2025-02-15,R23,29.211,0.1971,11.922,62.952,45.972,7.865,1
2025-02-16,R23,30.225,0.3011,15.053,57.568,53.845,8.418,1
2025-02-17,R23,32.239,0.1571,10.141,54.014,64.429,8.519,1
2025-02-18,R23,29.097,0.311,30.095,65.95,67.519,8.25,0
2025-02-19,R23,30.797,0.1474,11.171,60.333,67.208,8.432,1
2025-02-20,R23,31.223,0.1489,2.428,58.587,64.144,7.192,1
2025-02-21,R23,31.318,0.196,18.572,63.785,66.64,8.17,1
2025-02-22,R23,29.992,0.1257,1.742,54.483,18.078,11.401,1
2025-02-23,R23,31.414,0.1476,9.472,59.872,78.54,7.764,1
2025-02-24,R23,33.376,0.1365,14.588,54.426,67.411,8.618,1
2025-02-25,R23,30.572,0.2228,11.518,57.522,76.336,8.511,1
2025-02-26,R23,33.595,0.1441,17.005,54.617,56.798,9.863,1
2025-02-27,R23,31.57,0.1582,3.86,56.997,66.523,7.418,1
2025-02-28,R23,30.053,0.2187,10.292,54.527,70.497,6.742,1
2025-03-01,R23,33.287,0.1889,13.841,52.011,41.77,9.837,1
2025-03-02,R23,35.091,0.0649,13.083,57.15,59.07,9.761,1
2025-03-03,R23,34.508,0.1964,3.318,56.669,44.565,10.175,1
2025-03-04,R23,33.594,0.215,4.029,46.411,58.592,9.449,1
2025-03-05,R23,32.602,0.1831,13.88,54.152,33.494,11.197,1
2025-03-06,R23,32.304,0.2143,17.709,56.563,60.281,9.773,1
2025-03-07,R23,33.002,0.1899,2.302,61.539,38.603,10.798,1
2025-03-08,R23,31.6,0.2506,17.796,59.853,83.656,8.788,1
2025-03-09,R23,31.079,0.05,2.868,54.866,55.111,9.114,1
2025-03-10,R23,31.739,0.0977,9.046,58.356,64.427,8.217,1
2025-03-11,R23,31.808,0.1019,9.051,52.402,54.248,9.266,1
2025-03-12,R23,33.089,0.1863,18.316,53.687,62.77,8.618,1
2025-03-13,R23,32.703,0.255,20.208,61.897,77.953,8.219,1
2025-03-14,R23,30.819,0.2602,2.648,56.26,34.344,10.663,1
2025-03-15,R23,31.837,0.1809,2.152,58.736,63.752,8.999,1
2025-03-16,R23,30.613,0.1396,15.389,53.64,46.648,9.99,1
2025-03-17,R23,32.454,0.1307,4.3,53.333,42.922,9.619,1
2025-03-18,R23,36.772,0.1402,11.748,57.86,58.471,10.045,1
2025-03-19,R23,32.195,0.1925,13.531,54.336,64.322,8.591,1
2025-03-20,R23,33.754,0.05,3.976,55.166,41.427,11.252,1
2025-03-21,R23,33.553,0.2057,5.212,54.673,22.412,11.661,1
2025-03-22,R23,32.761,0.2573,5.663,52.607,25.861,11.264,1
2025-03-23,R23,32.491,0.2271,4.204,52.781,22.717,11.058,1
2025-03-24,R23,33.794,0.1058,10.938,52.461,37.77,11.008,1
2025-03-25,R23,33.305,0.1972,14.287,55.495,43.142,9.452,1
2025-03-26,R23,33.941,0.0711,3.136,51.019,36.361,12.094,1
2025-03-27,R23,34.713,0.2491,11.914,53.774,56.776,10.674,1
2025-03-28,R23,31.542,0.1811,41.495,71.386,63.273,10.355,1
2025-03-29,R23,29.038,0.1644,7.429,59.992,52.957,9.766,1
2025-03-30,R23,32.905,0.3254,17.281,58.568,80.873,8.573,1
2025-03-31,R23,32.274,0.1815,1.489,54.485,73.056,7.879,1
2025-04-01,R23,32.101,0.1543,8.17,53.976,69.968,10.3,1
2025-04-02,R23,32.904,0.1771,7.29,52.037,47.388,10.321,1
2025-04-03,R23,33.239,0.1463,4.445,54.866,54.88,8.832,1
2025-04-04,R23,31.937,0.1542,12.323,60.539,83.13,7.65,1
2025-04-05,R23,33.224,0.1278,5.12,53.448,47.964,10.209,1
2025-04-06,R23,31.498,0.25,15.968,54.954,51.003,8.505,1
2025-04-07,R23,33.668,0.05,26.205,55.741,42.618,11.111,1
2025-04-08,R23,33.358,0.2177,11.538,55.61,90.213,8.601,1
2025-04-09,R23,33.712,0.2794,15.219,58.975,81.194,7.236,1
2025-04-10,R23,35.479,0.0891,0.417,52.632,48.028,9.978,1
2025-04-11,R23,31.586,0.2326,3.549,54.597,71.336,9.507,1
2025-04-12,R23,35.039,0.1555,15.37,59.257,49.822,9.71,1
2025-04-13,R23,34.654,0.0688,2.008,49.097,48.539,11.972,1
2025-04-14,R23,31.836,0.1864,3.359,54.432,69.472,7.942,1
2025-04-15,R23,33.48,0.2601,17.117,59.71,73.556,8.089,1
2025-04-16,R23,31.39,0.198,3.521,55.84,12.891,11.923,1
2025-04-17,R23,31.349,0.1839,16.989,58.737,78.589,7.904,1
2025-04-18,R23,34.324,0.1621,1.149,58.313,41.707,9.36,1
2025-04-19,R23,31.0,0.2209,3.734,59.552,65.355,6.19,1
2025-04-20,R23,34.261,0.2294,1.169,52.017,46.268,9.545,1
2025-04-21,R23,33.164,0.1796,3.535,56.169,40.357,9.774,1
2025-04-22,R23,32.539,0.1891,16.364,60.734,56.482,8.383,1
2025-04-23,R23,33.135,0.1427,10.921,56.552,80.995,8.184,1
2025-04-24,R23,29.117,0.2353,7.273,59.075,66.855,7.83,1
2025-04-25,R23,29.53,0.24,0.206,53.663,5,12.03,1
2025-04-26,R23,30.719,0.2216,16.249,64.36,69.43,7.99,1
2025-04-27,R23,33.675,0.1642,4.516,54.75,38.881,10.673,1
2025-04-28,R23,33.922,0.1337,8.989,55.417,59.626,10.109,1
2025-04-29,R23,34.406,0.2295,11.566,51.986,76.6,7.287,1
2025-04-30,R23,31.334,0.2019,26.902,61.83,93.435,8.996,1
2025-05-01,R23,35.477,0.1026,6.813,54.993,59.991,9.33,1
2025-05-02,R23,30.165,0.2156,18.315,61.563,67.179,7.05,0
2025-05-03,R23,33.46,0.2178,0.78,56.084,50.568,9.974,1
2025-05-04,R23,31.348,0.2057,29.871,63.144,93.1,7.632,1
2025-05-05,R23,33.116,0.1615,7.354,52.383,39.718,10.454,1
2025-05-06,R23,33.132,0.1642,8.592,48.356,46.255,8.661,1
2025-05-07,R23,33.136,0.1448,22.149,57.916,52.744,8.556,1
2025-05-08,R23,33.381,0.1632,12.664,58.599,91.415,7.459,1
2025-05-09,R23,34.097,0.1094,0.473,51.577,14.105,11.153,1
2025-05-10,R23,33.577,0.219,3.028,52.032,49.364,9.56,1
2025-05-11,R23,31.28,0.1203,20.478,60.117,49.833,8.723,1
2025-05-12,R23,32.036,0.1637,7.462,56.48,47.025,10.942,1
2025-05-13,R23,33.307,0.05,13.701,55.737,67.317,8.749,1
2025-05-14,R23,32.289,0.1296,18.054,61.302,64.224,8.788,1
2025-05-15,R23,29.608,0.282,5.856,56.377,58.077,6.887,1
2025-05-16,R23,33.479,0.1548,13.994,57.651,68.177,11.75,1
2025-05-17,R23,30.179,0.3019,3.675,57.727,24.915,8.012,1
2025-05-18,R23,33.016,0.1713,4.953,48.402,56.713,10.169,1
2025-05-19,R23,29.203,0.1672,5.236,53.608,61.472,8.929,1
2025-05-20,R23,29.521,0.2416,7.696,54.667,83.185,7.916,1
2025-05-21,R23,31.319,0.1286,4.005,60.489,44.682,8.285,1
2025-05-22,R23,29.548,0.1248,1.705,56.993,51.607,8.777,1
2025-05-23,R23,34.002,0.2143,4.4,51.769,21.37,11.228,1
2025-05-24,R23,30.044,0.2836,16.949,62.125,47.803,8.946,1
2025-05-25,R23,33.018,0.1699,5.129,50.596,48.412,11.022,1
2025-05-26,R23,30.378,0.1965,14.057,55.928,89.648,6.47,1
2025-05-27,R23,31.4,0.2906,18.644,62.567,43.593,8.834,1
2025-05-28,R23,29.656,0.1728,6.297,52.327,38.381,8.327,1
2025-05-29,R23,29.471,0.2718,1.538,58.288,47.944,9.516,1
2025-05-30,R23,30.99,0.1673,19.838,59.25,77.381,8.885,1
2025-05-31,R23,33.393,0.1816,20.047,60.864,95.587,7.043,1
2025-06-01,R23,28.817,0.2727,6.513,56.314,55.97,9.619,1
2025-06-02,R23,31.663,0.167,1.553,57.902,76.193,7.809,1
2025-06-03,R23,33.079,0.1035,12.364,57.502,93.516,7.638,1
2025-06-04,R23,29.687,0.2117,2.801,54.528,36.471,8.203,1
2025-06-05,R23,28.921,0.257,19.817,66.219,50.888,8.05,1
2025-06-06,R23,30.325,0.2513,23.306,63.82,71.458,6.819,1
2025-06-07,R23,30.808,0.0799,19.723,59.102,68.439,7.743,1
2025-06-08,R23,29.686,0.1867,2.618,56.032,36.564,9.384,1
2025-06-09,R23,31.042,0.1454,5.165,53.43,59.594,6.949,1
2025-06-10,R23,32.719,0.1767,2.931,55.402,14.676,12.176,1
2025-06-11,R23,31.119,0.2183,16.836,64.597,55.627,10.596,1
2025-06-12,R23,29.532,0.1812,16.15,58.055,75.392,6.411,1
2025-06-13,R23,25.35,0.2427,1.867,59.628,46.613,8.199,1
2025-06-14,R23,27.68,0.1563,9.288,59.177,64.055,9.317,1
2025-06-15,R23,32.102,0.1284,12.855,59.181,74.926,8.828,1
2025-06-16,R23,30.084,0.2606,7.924,54.95,24.866,10.501,1
2025-06-17,R23,32.623,0.1074,3.016,54.737,57.286,8.37,1
2025-06-18,R23,30.501,0.1038,1.302,56.467,28.366,10.708,1
2025-06-19,R23,29.232,0.2508,2.756,54.637,40.603,9.141,1
2025-06-20,R23,29.189,0.1427,10.945,54.74,37.488,9.261,1
2025-06-21,R23,30.732,0.216,1.093,52.877,71.116,8.739,1
2025-06-22,R23,31.827,0.1947,4.271,54.854,39.067,9.205,1
2025-06-23,R23,29.076,0.1264,3.89,55.372,67.83,7.008,1
2025-06-24,R23,31.135,0.153,9.03,60.781,75.486,7.804,1
2025-06-25,R23,31.34,0.1854,6.376,55.206,49.811,8.884,1
2025-06-26,R23,30.15,0.2113,12.104,59.985,53.791,9.154,1
2025-06-27,R23,29.014,0.1773,16.807,64.071,56.634,8.629,1
2025-06-28,R23,30.384,0.2036,11.464,62.375,84.765,8.55,1
2025-06-29,R23,27.095,0.1454,2.797,51.244,44.251,8.493,1
2025-06-30,R23,28.49,0.1834,6.266,56.892,50.754,8.506,1
2025-07-01,R23,27.961,0.2283,8.117,57.365,100,6.82,1
2025-07-02,R23,28.039,0.3233,6.913,60.58,64.503,7.225,1
2025-07-03,R23,27.953,0.265,7.492,57.437,29.185,8.714,1
2025-07-04,R23,27.416,0.2607,19.009,64.064,70.537,6.394,0
2025-07-05,R23,28.322,0.2839,6.968,64.51,50.998,9.566,1
2025-07-06,R23,28.454,0.0936,3.598,58.312,58.141,9.074,1
2025-07-07,R23,31.262,0.1287,41.155,65.69,100,7.564,1
2025-07-08,R23,29.559,0.2151,1.093,57.202,16.027,10.889,1
2025-07-09,R23,23.661,0.3586,19.025,68.871,42.932,7.565,0
2025-07-10,R23,27.357,0.2052,5.641,54.878,28.998,10.216,1
2025-07-11,R23,25.856,0.2847,8.653,57.491,75.911,8.928,1
2025-07-12,R23,24.439,0.2495,6.359,61.284,74.22,7.506,0
2025-07-13,R23,28.044,0.151,20.747,62.112,64.269,5.37,0
2025-07-14,R23,24.642,0.1383,3.22,52.24,40.461,8.749,1
2025-07-15,R23,28.778,0.146,1.416,53.618,58.982,8.424,1
2025-07-16,R23,25.357,0.2253,9.302,63.489,44.531,8.554,1
2025-07-17,R23,28.8,0.2741,21.316,61.286,63.104,7.746,0
2025-07-18,R23,27.591,0.1737,6.222,55.843,71.554,8.192,1
2025-07-19,R23,26.177,0.2536,10.058,60.514,89.254,6.152,1
2025-07-20,R23,26.479,0.3106,9.646,60.44,74.75,7.733,1
2025-07-21,R23,29.342,0.1633,6.344,57.737,23.634,9.555,1
2025-07-22,R23,28.406,0.2776,24.707,71.255,77.506,6.206,0
2025-07-23,R23,27.637,0.2856,1.081,63.994,23.813,9.602,1
2025-07-24,R23,26.198,0.2773,0.785,51.401,20.076,9.978,1
2025-07-25,R23,26.389,0.1878,4.222,59.232,43.969,7.926,1
2025-07-26,R23,25.965,0.209,8.281,58.156,33.636,9.607,1
2025-07-27,R23,24.519,0.3565,11.023,60.465,62.355,7.988,1
2025-07-28,R23,27.134,0.2743,5.761,57.874,58.611,8.628,1
2025-07-29,R23,25.673,0.1682,16.715,63.35,70.085,7.318,1
2025-07-30,R23,28.553,0.195,16.513,63.71,81.285,8.342,1
2025-07-31,R23,23.055,0.3183,9.903,60.667,53.396,7.199,0
2025-08-01,R23,27.712,0.1294,6.804,58.371,73.687,6.867,1
2025-08-02,R23,20.782,0.3738,10.231,71.194,54.508,7.038,0
2025-08-03,R23,25.406,0.2416,6.124,54.424,57.338,6.857,1
2025-08-04,R23,27.518,0.2226,11.009,63.145,56.705,9.758,1
2025-08-05,R23,25.489,0.1463,14.527,66.8,51.156,8.004,1
2025-08-06,R23,29.389,0.1893,8.531,57.065,57.482,7.995,1
2025-08-07,R23,25.695,0.2191,1.927,56.595,42.049,9.537,1
2025-08-08,R23,24.185,0.2246,5.927,63.248,46.751,6.448,0
2025-08-09,R23,26.292,0.3642,5.491,54.169,39.903,7.787,1
2025-08-10,R23,27.224,0.2046,7.303,60.586,62.302,9.493,1
2025-08-11,R23,24.641,0.2144,16.098,60.005,60.339,6.1,0
2025-08-12,R23,26.807,0.2525,11.438,61.237,69.033,8.226,1
2025-08-13,R23,27.222,0.1954,5.943,61.397,55.926,6.466,1
2025-08-14,R23,24.036,0.1864,4.242,60.345,36.486,6.665,1
2025-08-15,R23,25.534,0.2818,23.41,68.209,69.187,6.902,0
2025-08-16,R23,28.549,0.2113,23.546,65.469,60.257,9.199,1
2025-08-17,R23,22.883,0.2159,16.383,62.532,77.648,6.144,1
2025-08-18,R23,26.763,0.1837,19.281,59.063,68.113,7.882,1
2025-08-19,R23,25.007,0.2347,31.044,63.693,58.432,8.289,0
2025-08-20,R23,26.231,0.2437,24.558,67.055,66.279,8.401,1
2025-08-21,R23,24.808,0.2649,6.101,54.28,57.858,6.687,1
2025-08-22,R23,21.778,0.2752,13.603,62.543,56.932,6.655,0
2025-08-23,R23,23.932,0.3156,25.628,67.766,70.388,5.982,0
2025-08-24,R23,24.826,0.3318,3.757,60.715,57.862,7.54,1
2025-08-25,R23,26.106,0.1802,8.529,61.985,42.608,9.717,1
2025-08-26,R23,20.989,0.317,0.518,59.937,5,9.596,1
2025-08-27,R23,24.114,0.2094,11.922,62.335,58.998,7.375,1
2025-08-28,R23,23.112,0.2866,23.016,66.835,60.467,7.204,0
2025-08-29,R23,24.038,0.2854,3.805,58.788,33.126,8.456,1
2025-08-30,R23,21.734,0.2138,36.859,73.029,68.093,5.308,0
2025-08-31,R23,25.606,0.3611,2.617,61.24,34.749,9.396,1
2025-09-01,R23,25.932,0.2838,0.485,54.224,32.202,8.142,1
2025-09-02,R23,23.514,0.2403,0.978,57.841,32.042,8.762,1
2025-09-03,R23,22.113,0.1918,3.78,63.446,19.237,8.778,1
2025-09-04,R23,24.402,0.3133,15.498,62.0,63.032,7.488,0
2025-09-05,R23,23.682,0.2999,5.426,59.9,55.568,6.501,1
2025-09-06,R23,27.669,0.1566,16.113,62.665,65.635,8.753,1
2025-09-07,R23,26.894,0.2657,10.772,60.859,68.532,6.77,1
2025-09-08,R23,24.587,0.196,6.738,60.478,87.548,6.562,1
2025-09-09,R23,23.455,0.2887,7.104,61.426,77.111,6.391,0
2025-09-10,R23,25.107,0.2894,5.951,57.45,36.31,9.781,1
2025-09-11,R23,22.996,0.3137,17.723,65.278,63.019,7.922,0
2025-09-12,R23,20.118,0.2493,12.753,62.954,68.06,6.941,0
2025-09-13,R23,21.485,0.3999,5.778,64.275,28.773,10.113,1
2025-09-14,R23,21.132,0.1766,3.119,58.756,24.245,9.153,1
2025-09-15,R23,25.898,0.3053,2.512,57.983,54.611,7.794,1
2025-09-16,R23,25.958,0.2489,3.153,57.755,44.425,9.208,1
2025-09-17,R23,23.786,0.1673,15.409,64.857,81.854,5.487,0
2025-09-18,R23,23.489,0.2447,2.448,60.006,27.299,7.973,1
2025-09-19,R23,22.286,0.279,9.372,57.303,72.679,6.734,0
2025-09-20,R23,26.311,0.1612,5.919,53.495,55.712,9.272,1
2025-09-21,R23,26.166,0.1674,1.521,59.145,62.229,8.635,1
2025-09-22,R23,24.94,0.3184,5.433,59.002,69.074,7.593,1
2025-09-23,R23,22.789,0.2747,6.699,63.434,43.584,6.461,1
2025-09-24,R23,24.193,0.2865,7.343,62.281,56.322,8.794,1
2025-09-25,R23,22.637,0.2122,8.125,57.929,70.431,7.369,1
2025-09-26,R23,24.68,0.1901,24.936,70.754,51.587,5.768,0
2025-09-27,R23,23.455,0.3119,17.614,65.443,55.474,7.464,1
2025-09-28,R23,23.08,0.2019,21.397,63.367,53.299,7.368,0
2025-09-29,R23,25.318,0.2997,8.036,57.713,47.926,7.969,1
2025-09-30,R23,25.944,0.2011,9.027,59.78,16.606,9.585,1
2025-10-01,R23,25.566,0.1198,5.142,55.802,82.49,5.98,1
2025-10-02,R23,21.174,0.3566,3.991,62.575,34.291,7.7,1
2025-10-03,R23,22.895,0.2966,5.119,58.02,33.402,8.381,1
2025-10-04,R23,22.843,0.1904,41.485,70.841,74.782,5.705,0
2025-10-05,R23,23.348,0.2519,15.729,67.406,62.971,5.566,0
2025-10-06,R23,22.8,0.3267,22.819,69.343,44.397,7.142,0
2025-10-07,R23,22.963,0.2964,10.078,59.909,54.011,7.954,1
2025-10-08,R23,25.302,0.2398,7.169,61.414,28.753,8.497,1
2025-10-09,R23,24.972,0.2761,3.001,62.322,55.436,7.115,1
2025-10-10,R23,22.957,0.1468,7.576,61.151,49.168,8.125,1
2025-10-11,R23,20.356,0.3056,5.769,59.447,70.118,6.813,0
2025-10-12,R23,29.235,0.1859,10.188,56.592,46.233,8.936,1
2025-10-13,R23,20.358,0.2087,5.774,65.182,29.384,7.019,1
2025-10-14,R23,21.78,0.3258,5.763,59.638,52.63,8.403,1
2025-10-15,R23,24.253,0.4119,6.47,62.819,70.06,7.303,0
2025-10-16,R23,21.685,0.2934,4.03,56.106,18.064,9.963,1
2025-10-17,R23,22.928,0.3903,1.039,61.881,31.346,8.324,1
2025-10-18,R23,20.212,0.2717,5.234,60.786,64.94,5.618,0
2025-10-19,R23,26.875,0.2172,5.47,58.048,29.815,8.604,1
2025-10-20,R23,27.846,0.1261,8.849,57.603,42.07,8.879,1
2025-10-21,R23,26.459,0.1706,9.844,58.779,44.709,7.464,1
2025-10-22,R23,25.429,0.2167,10.954,62.115,37.734,9.418,1
2025-10-23,R23,21.943,0.2763,17.866,65.948,38.481,7.816,0
2025-10-24,R23,21.579,0.2821,8.899,65.37,59.05,6.491,1
2025-10-25,R23,24.599,0.2417,11.047,60.137,56.633,6.477,1
2025-10-26,R23,27.279,0.2483,3.486,53.646,35.522,9.852,1
2025-10-27,R23,25.734,0.2463,4.217,60.984,49.266,9.239,1
2025-10-28,R23,22.466,0.3845,2.621,62.915,9.472,10.757,1
2025-10-29,R23,23.03,0.2495,12.473,62.867,68.351,7.057,0
2025-10-30,R23,27.467,0.1508,5.835,54.995,53.916,7.342,1
2025-10-31,R23,24.777,0.183,8.012,63.106,65.402,6.301,1
2025-11-01,R23,27.796,0.2259,7.243,62.806,44.663,9.176,1
2025-11-02,R23,24.722,0.1973,3.45,54.862,36.692,9.614,1
2025-11-03,R23,24.342,0.2355,12.393,63.999,89.454,6.737,0
2025-11-04,R23,22.244,0.2022,11.691,65.744,30.638,9.228,0
2025-11-05,R23,22.272,0.2872,4.005,60.144,58.588,7.371,0
2025-11-06,R23,23.205,0.2318,1.003,59.391,50.542,7.508,1
2025-11-07,R23,24.121,0.2502,0.885,55.774,21.841,9.748,1
2025-11-08,R23,22.174,0.3488,10.384,62.671,57.254,7.037,1
2025-11-09,R23,26.224,0.1413,7.183,58.637,70.894,8.94,1
2025-11-10,R23,24.758,0.2498,24.521,60.741,67.996,8.227,0
2025-11-11,R23,21.975,0.3245,1.32,54.57,57.287,5.995,1
2025-11-12,R23,23.479,0.2181,10.207,59.955,55.171,7.545,0
2025-11-13,R23,24.706,0.2787,22.563,64.865,86.201,7.136,0
2025-11-14,R23,23.886,0.2282,27.879,65.853,60.29,7.208,0
2025-11-15,R23,24.991,0.2696,5.82,59.485,73.808,7.374,1
2025-11-16,R23,24.086,0.2704,5.412,63.817,73.397,5.277,0
2025-11-17,R23,22.261,0.2973,7.834,63.674,44.541,6.52,0
2025-11-18,R23,25.055,0.3328,12.31,62.913,66.046,6.91,0
2025-11-19,R23,28.393,0.246,28.482,66.922,88.621,6.507,0
2025-11-20,R23,27.141,0.2858,16.757,60.242,33.168,8.097,1
2025-11-21,R23,24.3,0.2005,20.395,66.647,54.408,7.271,0
2025-11-22,R23,23.671,0.2935,7.682,63.591,54.199,7.103,1
2025-11-23,R23,24.816,0.2067,9.75,62.753,53.244,7.85,1
2025-11-24,R23,26.416,0.179,9.532,57.578,37.76,9.705,1
2025-11-25,R23,24.662,0.1119,15.748,63.207,79.347,5.761,1
2025-11-26,R23,23.542,0.2927,17.271,59.396,62.546,7.036,1
2025-11-27,R23,27.33,0.1631,20.385,61.675,60.489,9.003,1
2025-11-28,R23,26.462,0.2808,16.497,61.393,62.434,6.397,0
2025-11-29,R23,25.96,0.239,9.233,60.118,63.063,7.263,1
2025-11-30,R23,27.964,0.1022,14.114,57.1,48.021,9.049,1
2025-12-01,R23,24.04,0.2324,11.521,61.927,33.843,8.035,1
2025-12-02,R23,25.239,0.2003,2.128,52.055,64.485,8.346,1
2025-12-03,R23,26.007,0.2659,4.859,60.479,47.056,8.824,1
2025-12-04,R23,22.878,0.1656,17.112,66.0,67.689,7.115,0
2025-12-05,R23,25.353,0.1741,8.318,56.436,80.414,6.85,1
2025-12-06,R23,26.486,0.2212,5.559,61.577,70.85,9.005,1
2025-12-07,R23,24.554,0.3273,7.596,58.451,68.409,7.324,1
2025-12-08,R23,25.368,0.2166,1.602,55.069,21.265,9.159,1
2025-12-09,R23,25.13,0.233,26.416,68.336,86.939,5.205,0
2025-12-10,R23,25.875,0.2744,13.44,64.741,53.485,7.446,1
2025-12-11,R23,25.793,0.187,13.789,64.13,66.307,6.705,0
2025-12-12,R23,26.272,0.1884,19.659,64.669,71.436,8.056,0
2025-12-13,R23,26.671,0.2734,8.315,61.561,48.882,8.795,1
2025-12-14,R23,28.429,0.2754,5.76,58.922,40.331,9.064,1
2025-12-15,R23,23.904,0.3295,4.27,56.996,69.084,7.439,1
2025-12-16,R23,23.744,0.2697,3.981,59.496,21.833,9.234,1
2025-12-17,R23,23.474,0.287,5.291,58.044,67.308,7.938,1
2025-12-18,R23,26.018,0.2734,14.108,61.68,37.408,8.37,1
2025-12-19,R23,26.507,0.2708,4.09,53.74,37.126,7.891,1
2025-12-20,R23,25.572,0.212,15.384,60.3,34.607,8.537,1
2025-12-21,R23,28.338,0.2324,14.287,62.98,45.317,9.007,1
2025-12-22,R23,26.125,0.2998,9.986,61.5,93.618,5.605,1
2025-12-23,R23,28.068,0.2397,3.211,53.407,34.363,10.007,1
2025-12-24,R23,28.047,0.1846,45.879,69.93,82.508,5.871,0
2025-12-25,R23,28.804,0.1708,2.351,58.979,32.489,11.544,1
2025-12-26,R23,29.873,0.1858,1.289,57.156,40.061,8.579,1
2025-12-27,R23,29.113,0.2688,21.251,56.974,89.346,4.439,0
2025-12-28,R23,25.501,0.2473,2.106,55.188,22.682,10.666,1
2025-12-29,R23,29.945,0.2392,17.16,67.37,50.133,8.855,1
2025-12-30,R23,30.535,0.1844,13.163,54.85,40.667,8.676,1
2025-12-31,R23,30.233,0.2122,7.14,56.272,51.689,8.419,1
2025-01-01,R24,23.974,0.4691,9.456,35.929,29.961,10.11,1
2025-01-02,R24,19.854,0.553,4.992,41.149,53.896,6.496,1
2025-01-03,R24,21.909,0.5443,8.882,43.773,55.852,6.376,1
2025-01-04,R24,22.62,0.511,12.143,43.903,44.887,7.084,1
2025-01-05,R24,21.288,0.471,19.086,43.004,61.353,6.958,1
2025-01-06,R24,20.848,0.5551,30.735,46.32,81.39,6.001,0
2025-01-07,R24,23.239,0.5342,12.244,35.601,62.914,8.395,1
2025-01-08,R24,18.813,0.5468,7.005,46.562,30.584,8.347,1
2025-01-09,R24,22.598,0.4938,14.325,39.766,91.653,5.862,1
2025-01-10,R24,21.153,0.41,24.018,44.125,43.798,7.486,1
2025-01-11,R24,24.29,0.4355,8.407,34.965,74.5,6.042,1
2025-01-12,R24,23.571,0.5127,4.487,35.383,74.129,5.94,1
2025-01-13,R24,22.087,0.5917,4.38,40.484,27.744,7.792,1
2025-01-14,R24,20.989,0.555,2.024,34.89,29.062,7.303,1
2025-01-15,R24,21.131,0.614,3.965,34.24,26.831,8.769,1
2025-01-16,R24,22.684,0.5994,2.792,39.282,49.706,7.224,1
2025-01-17,R24,23.275,0.4512,7.444,41.405,50.082,6.706,1
2025-01-18,R24,26.828,0.5189,6.595,32.544,45.188,10.059,1
2025-01-19,R24,26.238,0.5094,5.741,40.162,22.107,8.931,1
2025-01-20,R24,25.741,0.3367,4.257,34.363,35.54,9.158,1
2025-01-21,R24,23.837,0.5391,2.388,39.355,33.776,9.088,1
2025-01-22,R24,23.377,0.4793,8.451,42.615,48.962,6.674,1
2025-01-23,R24,22.609,0.5513,13.478,42.223,51.587,6.28,1
2025-01-24,R24,22.26,0.5856,2.31,32.807,49.672,7.574,1
2025-01-25,R24,21.919,0.6051,4.712,36.337,50.897,7.674,1
2025-01-26,R24,24.255,0.613,4.413,34.267,69.155,7.186,1
2025-01-27,R24,25.204,0.4275,0.55,36.642,40.939,9.828,1
2025-01-28,R24,23.721,0.5102,1.216,41.822,54.938,7.79,1
2025-01-29,R24,26.953,0.4215,2.553,35.256,46.101,7.765,1
2025-01-30,R24,26.8,0.4525,2.774,36.155,26.761,10.367,1
2025-01-31,R24,18.328,0.574,4.882,37.019,66.462,4.197,1
2025-02-01,R24,22.491,0.4814,6.238,38.397,40.102,9.438,1
2025-02-02,R24,23.066,0.5049,1.127,38.822,37.502,7.766,1
2025-02-03,R24,22.882,0.4095,1.654,38.345,48.471,6.8,1
2025-02-04,R24,20.977,0.549,2.196,45.182,41.603,6.902,1
2025-02-05,R24,27.777,0.5062,9.962,43.292,33.013,10.453,1
2025-02-06,R24,26.227,0.4862,3.191,28.574,30.9,9.338,1
2025-02-07,R24,21.247,0.5025,6.698,31.527,48.207,7.331,1
2025-02-08,R24,25.11,0.48,14.873,35.982,88.426,7.071,1
2025-02-09,R24,24.592,0.5665,16.898,46.085,61.046,6.443,1
2025-02-10,R24,23.055,0.5449,4.151,35.838,58.017,7.365,1
2025-02-11,R24,27.863,0.4243,4.183,31.453,17.959,9.992,1
2025-02-12,R24,22.273,0.5351,18.115,44.401,55.816,7.049,1
2025-02-13,R24,22.824,0.5936,13.619,38.773,60.167,7.559,1
2025-02-14,R24,23.914,0.5392,9.89,38.622,69.995,7.414,1
2025-02-15,R24,25.551,0.5627,5.013,37.242,56.113,8.535,1
2025-02-16,R24,26.152,0.4063,9.931,33.371,90.746,7.018,1
2025-02-17,R24,25.381,0.5224,4.729,31.622,33.514,9.333,1
2025-02-18,R24,22.415,0.4715,9.014,32.325,51.377,7.398,1
2025-02-19,R24,26.464,0.5524,19.188,40.365,92.257,7.224,1
2025-02-20,R24,21.383,0.4931,0.849,39.686,58.32,6.263,1
2025-02-21,R24,22.11,0.3969,6.859,41.415,37.246,7.683,1
2025-02-22,R24,24.745,0.4961,13.967,40.709,100,4.597,1
2025-02-23,R24,27.646,0.5473,14.41,42.722,66.464,7.282,1
2025-02-24,R24,22.835,0.5573,6.067,37.218,49.12,8.086,1
2025-02-25,R24,22.659,0.3884,5.194,30.914,20.211,9.126,1
2025-02-26,R24,21.779,0.5586,1.389,36.673,39.82,6.779,1
2025-02-27,R24,26.34,0.6128,4.648,37.468,24.052,8.708,1
2025-02-28,R24,25.29,0.4604,4.28,39.102,70.065,8.0,1
2025-03-01,R24,24.931,0.6305,3.451,37.063,88.638,6.132,1
2025-03-02,R24,26.122,0.5442,3.563,37.932,22.77,10.628,1
2025-03-03,R24,24.795,0.5026,8.011,38.991,68.047,7.255,1
2025-03-04,R24,25.379,0.5985,5.298,34.045,26.549,9.163,1
2025-03-05,R24,26.76,0.4163,7.572,40.701,62.397,7.719,1
2025-03-06,R24,27.068,0.4875,33.037,47.265,81.355,6.428,0
2025-03-07,R24,25.523,0.5045,4.275,34.932,32.457,9.308,1
2025-03-08,R24,26.31,0.4934,5.049,33.032,41.848,9.795,1
2025-03-09,R24,24.383,0.525,3.058,39.986,55.74,7.102,1
2025-03-10,R24,23.339,0.5174,0.956,36.276,5,10.107,1
2025-03-11,R24,21.741,0.5596,39.21,53.337,63.181,6.341,0
2025-03-12,R24,24.635,0.5394,10.277,40.538,52.397,8.311,1
2025-03-13,R24,25.073,0.4582,8.229,35.698,74.653,6.314,1
2025-03-14,R24,25.518,0.4815,0.896,36.414,19.833,9.849,1
2025-03-15,R24,27.221,0.3637,10.865,35.37,39.862,9.689,1
2025-03-16,R24,24.949,0.4164,3.948,35.308,78.846,7.639,1
2025-03-17,R24,24.921,0.4838,12.356,33.124,68.43,8.046,1
2025-03-18,R24,27.864,0.4941,5.554,31.413,52.509,8.989,1
2025-03-19,R24,28.784,0.4678,3.884,33.275,26.752,9.009,1
2025-03-20,R24,26.188,0.5245,2.197,34.717,28.12,8.752,1
2025-03-21,R24,26.162,0.5183,9.192,35.424,34.372,8.953,1
2025-03-22,R24,24.815,0.56,8.43,35.507,57.108,7.679,1
2025-03-23,R24,25.438,0.5392,3.211,35.641,37.276,8.66,1
2025-03-24,R24,21.817,0.5551,8.571,36.714,64.365,4.415,1
2025-03-25,R24,28.357,0.4861,15.621,39.311,64.123,9.291,1
2025-03-26,R24,25.196,0.5915,14.464,40.594,61.012,7.664,1
2025-03-27,R24,23.572,0.4033,4.661,41.103,33.152,8.58,1
2025-03-28,R24,26.736,0.4568,1.877,32.74,39.604,9.544,1
2025-03-29,R24,24.656,0.6002,15.09,35.998,58.963,6.789,1
2025-03-30,R24,25.142,0.4684,11.8,37.713,65.946,8.288,1
2025-03-31,R24,24.448,0.4735,9.833,36.895,57.729,6.862,1
2025-04-01,R24,24.474,0.5044,6.825,34.663,49.795,6.897,1
2025-04-02,R24,23.142,0.5359,24.659,43.704,75.251,6.326,1
2025-04-03,R24,26.65,0.456,11.28,37.46,74.057,7.018,1
2025-04-04,R24,23.419,0.5802,0.979,33.935,21.206,8.751,1
2025-04-05,R24,22.124,0.6198,3.32,36.788,22.648,7.822,1
2025-04-06,R24,25.74,0.4001,8.392,40.982,38.725,7.59,1
2025-04-07,R24,25.056,0.4977,8.665,35.105,73.317,8.067,1
2025-04-08,R24,25.061,0.4925,7.661,37.881,70.322,6.946,1
2025-04-09,R24,23.675,0.4957,15.271,40.044,74.989,5.936,1
2025-04-10,R24,26.388,0.3769,14.417,39.395,47.372,8.062,1
2025-04-11,R24,23.444,0.5253,1.798,35.8,46.388,7.548,1
2025-04-12,R24,25.407,0.4829,4.921,35.492,76.148,6.542,1
2025-04-13,R24,27.588,0.5326,8.329,35.173,50.104,8.551,1
2025-04-14,R24,24.332,0.5764,1.427,31.505,52.564,7.979,1
2025-04-15,R24,26.028,0.4928,8.122,34.243,58.868,8.073,1
2025-04-16,R24,25.024,0.4433,2.094,31.634,48.526,7.731,1
2025-04-17,R24,25.505,0.5279,9.86,35.718,71.239,8.809,1
2025-04-18,R24,23.894,0.452,2.02,33.933,21.834,8.027,1
2025-04-19,R24,27.572,0.5109,4.255,36.533,32.053,10.378,1
2025-04-20,R24,24.339,0.4528,6.924,41.081,35.195,7.772,1
2025-04-21,R24,21.305,0.5471,21.326,38.887,52.829,8.124,1
2025-04-22,R24,28.964,0.5145,8.105,32.574,53.023,8.054,1
2025-04-23,R24,27.141,0.4772,4.848,36.434,53.286,8.336,1
2025-04-24,R24,26.383,0.5083,9.015,30.814,60.03,8.511,1
2025-04-25,R24,24.341,0.5831,17.28,41.524,59.88,6.821,1
2025-04-26,R24,25.394,0.5246,16.139,42.415,42.05,9.358,1
2025-04-27,R24,26.192,0.5911,7.002,36.019,54.868,7.678,1
2025-04-28,R24,24.424,0.5624,2.461,38.08,6.175,10.277,1
2025-04-29,R24,25.125,0.5354,2.219,37.27,67.335,7.737,1
2025-04-30,R24,25.288,0.4994,17.487,44.002,80.455,7.226,1
2025-05-01,R24,24.492,0.5894,8.265,37.524,62.248,6.206,1
2025-05-02,R24,24.924,0.4665,10.523,39.467,70.977,7.458,1
2025-05-03,R24,22.466,0.4781,7.106,39.746,19.44,8.81,1
2025-05-04,R24,25.51,0.4676,1.459,40.331,38.916,9.24,1
2025-05-05,R24,26.974,0.4367,2.517,28.58,56.418,9.761,1
2025-05-06,R24,24.8,0.5,7.466,33.67,60.319,7.001,1
2025-05-07,R24,26.547,0.5528,22.846,38.473,55.564,9.071,1
2025-05-08,R24,26.068,0.5963,14.013,44.584,55.259,8.887,1
2025-05-09,R24,26.121,0.5449,8.672,36.106,36.645,8.806,1
2025-05-10,R24,26.024,0.5445,4.184,34.545,32.098,10.311,1
2025-05-11,R24,26.114,0.4571,0.902,30.992,34.486,8.74,1
2025-05-12,R24,28.352,0.4778,6.913,39.148,51.445,9.175,1
2025-05-13,R24,27.267,0.4764,3.971,28.716,40.06,8.944,1
2025-05-14,R24,26.741,0.4526,2.435,35.643,65.651,8.168,1
2025-05-15,R24,21.796,0.5562,6.621,40.563,58.654,6.913,1
2025-05-16,R24,25.598,0.4565,4.582,35.666,29.549,8.71,1
2025-05-17,R24,23.773,0.547,5.21,36.266,71.181,6.662,1
2025-05-18,R24,23.431,0.5856,10.322,37.866,75.021,6.721,1
2025-05-19,R24,25.763,0.5094,14.218,42.544,47.325,8.315,1
2025-05-20,R24,25.728,0.5602,0.716,32.176,38.108,8.464,1
2025-05-21,R24,23.484,0.5452,1.74,37.539,25.131,8.158,1
2025-05-22,R24,24.628,0.4837,10.544,40.271,78.25,6.609,1
2025-05-23,R24,21.94,0.6755,3.69,37.884,33.507,8.7,1
2025-05-24,R24,26.118,0.4409,22.28,37.613,67.086,8.136,1
2025-05-25,R24,21.928,0.5135,5.225,40.088,69.456,4.524,1
2025-05-26,R24,25.333,0.4915,10.875,38.522,45.949,8.986,1
2025-05-27,R24,24.094,0.3576,10.633,39.806,54.009,7.77,1
2025-05-28,R24,23.173,0.5013,3.047,31.479,37.988,7.94,1
2025-05-29,R24,22.329,0.4672,18.477,37.603,50.616,7.622,1
2025-05-30,R24,24.551,0.4838,27.442,41.946,71.527,6.039,1
2025-05-31,R24,26.138,0.4291,15.094,38.662,77.261,6.896,1
2025-06-01,R24,23.62,0.4393,4.175,36.754,55.562,8.364,1
2025-06-02,R24,22.958,0.449,9.655,37.157,59.081,7.617,1
2025-06-03,R24,24.836,0.5675,0.746,32.622,47.663,8.56,1
2025-06-04,R24,23.326,0.5205,6.415,37.658,34.56,8.082,1
2025-06-05,R24,24.057,0.5533,1.915,39.951,55.15,7.884,1
2025-06-06,R24,24.624,0.6217,4.915,35.725,34.287,7.564,1
2025-06-07,R24,22.872,0.47,5.81,35.169,51.567,7.019,1
2025-06-08,R24,21.514,0.5238,17.305,39.696,49.887,7.498,1
2025-06-09,R24,25.524,0.5039,6.505,41.278,45.426,7.164,1
2025-06-10,R24,26.485,0.4082,2.804,33.957,26.276,8.847,1
2025-06-11,R24,23.401,0.4672,4.994,36.718,79.141,7.158,1
2025-06-12,R24,22.191,0.7047,31.007,48.625,72.156,6.463,1
2025-06-13,R24,21.898,0.5895,2.714,38.673,92.997,4.112,0
2025-06-14,R24,19.926,0.6174,10.486,40.285,61.638,5.753,1
2025-06-15,R24,20.585,0.5376,9.527,41.455,81.171,6.32,1
2025-06-16,R24,20.918,0.5708,6.863,47.333,58.666,7.807,1
2025-06-17,R24,22.871,0.5172,15.483,49.407,42.754,8.911,1
2025-06-18,R24,24.811,0.4122,4.955,32.807,42.701,8.191,1
2025-06-19,R24,22.921,0.3696,1.019,38.322,47.163,8.189,1
2025-06-20,R24,20.403,0.5492,28.074,49.728,64.196,5.534,0
2025-06-21,R24,21.033,0.5458,5.957,33.895,34.398,6.842,1
2025-06-22,R24,25.82,0.5271,4.124,38.051,36.019,11.125,1
2025-06-23,R24,21.064,0.6399,9.653,43.179,46.405,6.461,1
2025-06-24,R24,20.389,0.5477,3.512,41.241,46.891,7.387,1
2025-06-25,R24,23.143,0.4994,2.197,37.329,51.144,7.592,1
2025-06-26,R24,26.024,0.5285,1.695,37.823,45.522,8.917,1
2025-06-27,R24,22.725,0.5729,13.499,42.914,70.902,5.849,1
2025-06-28,R24,21.169,0.5658,6.25,38.602,38.818,7.745,1
2025-06-29,R24,17.638,0.5358,7.229,41.166,38.039,8.58,1
2025-06-30,R24,18.777,0.4597,20.5,45.149,55.076,6.954,0
2025-07-01,R24,20.748,0.528,6.112,40.273,46.357,6.794,1
2025-07-02,R24,19.015,0.5789,1.914,42.105,22.822,7.517,1
2025-07-03,R24,20.891,0.5185,4.427,44.318,63.921,5.637,1
2025-07-04,R24,21.014,0.4925,14.713,39.759,53.09,7.644,1
2025-07-05,R24,18.528,0.598,2.682,39.537,64.433,6.049,1
2025-07-06,R24,19.475,0.4949,5.866,40.777,56.931,6.516,1
2025-07-07,R24,22.442,0.4488,22.074,45.028,54.177,6.367,1
2025-07-08,R24,17.564,0.5729,15.014,42.693,33.623,6.442,1
2025-07-09,R24,19.306,0.6119,6.988,41.825,24.486,7.602,1
2025-07-10,R24,22.5,0.5608,8.665,38.958,31.961,6.906,1
2025-07-11,R24,22.228,0.5247,1.956,37.231,23.959,8.707,1
2025-07-12,R24,18.129,0.6223,2.175,40.081,41.832,6.435,1
2025-07-13,R24,19.461,0.6684,1.303,43.929,41.968,8.091,1
2025-07-14,R24,19.248,0.518,13.12,40.034,36.025,7.904,1
2025-07-15,R24,17.836,0.6244,5.071,39.395,65.92,4.834,0
2025-07-16,R24,20.033,0.6078,4.983,36.496,54.513,7.51,1
2025-07-17,R24,19.717,0.5145,13.92,43.57,86.213,5.531,1
2025-07-18,R24,20.249,0.5173,26.959,42.207,81.087,5.339,0
2025-07-19,R24,16.722,0.5593,5.65,36.546,52.101,4.691,0
2025-07-20,R24,21.088,0.6411,12.346,39.6,79.798,5.436,1
2025-07-21,R24,19.387,0.6505,13.422,40.436,71.599,5.482,0
2025-07-22,R24,18.985,0.6281,8.802,38.846,36.342,7.903,1
2025-07-23,R24,18.81,0.6268,8.462,40.84,55.051,7.886,1
2025-07-24,R24,19.721,0.6218,17.302,41.238,61.139,6.278,0
2025-07-25,R24,19.14,0.6327,10.396,40.569,80.351,5.21,1
2025-07-26,R24,22.952,0.616,0.461,34.18,54.877,7.028,1
2025-07-27,R24,18.572,0.5789,7.163,38.617,48.302,5.799,1
2025-07-28,R24,19.081,0.4984,7.741,41.906,51.653,6.807,1
2025-07-29,R24,19.527,0.5253,12.595,36.852,69.64,5.676,1
2025-07-30,R24,18.461,0.5591,17.469,46.916,75.057,4.834,0
2025-07-31,R24,20.178,0.4885,10.586,39.823,76.144,6.572,1
2025-08-01,R24,17.39,0.6037,4.406,39.162,21.812,6.54,1
2025-08-02,R24,20.533,0.6418,2.646,42.077,46.406,7.505,1
2025-08-03,R24,17.666,0.5308,2.458,39.272,50.555,5.055,1
2025-08-04,R24,19.734,0.6597,1.755,42.227,75.947,5.204,1
2025-08-05,R24,17.358,0.6384,22.242,54.33,64.579,5.94,0
2025-08-06,R24,17.78,0.6659,6.015,43.715,86.58,5.345,0
2025-08-07,R24,16.237,0.6318,15.257,40.342,66.278,6.601,1
2025-08-08,R24,18.594,0.4802,7.523,39.334,69.212,4.588,1
2025-08-09,R24,21.425,0.6023,7.902,43.106,66.132,5.595,0
2025-08-10,R24,17.503,0.6556,32.361,45.449,88.967,5.305,0
2025-08-11,R24,17.31,0.5404,1.848,43.061,55.862,5.873,1
2025-08-12,R24,18.797,0.6192,15.978,40.682,65.181,6.068,1
2025-08-13,R24,16.724,0.7824,10.275,35.394,62.644,7.223,1
2025-08-14,R24,15.827,0.5223,20.233,46.32,58.602,5.497,0
2025-08-15,R24,15.313,0.5489,23.872,43.975,46.429,5.647,0
2025-08-16,R24,18.319,0.581,7.167,44.618,36.876,6.969,1
2025-08-17,R24,18.225,0.5466,1.692,36.805,33.531,8.008,1
2025-08-18,R24,20.671,0.551,3.855,37.715,40.847,7.892,1
2025-08-19,R24,20.166,0.6074,5.687,29.763,35.078,6.798,1
2025-08-20,R24,16.113,0.6265,1.026,44.206,66.993,4.03,0
2025-08-21,R24,19.259,0.4837,0.921,39.746,5,8.61,1
2025-08-22,R24,17.374,0.5159,7.464,42.122,32.782,6.646,1
2025-08-23,R24,17.555,0.6241,1.778,34.479,30.015,7.76,1
2025-08-24,R24,21.266,0.4985,14.162,39.395,58.331,7.596,1
2025-08-25,R24,18.778,0.6738,24.064,43.977,60.022,6.118,0
2025-08-26,R24,16.32,0.7296,8.541,38.562,80.625,5.573,1
2025-08-27,R24,15.368,0.5553,5.567,48.26,48.785,5.989,0
2025-08-28,R24,16.208,0.505,14.236,45.651,65.069,4.598,0
2025-08-29,R24,18.332,0.5157,11.547,45.343,90.54,3.929,0
2025-08-30,R24,16.171,0.5704,12.676,47.652,74.533,3.258,0
2025-08-31,R24,15.696,0.6725,5.462,43.747,39.648,6.377,1
2025-09-01,R24,18.849,0.5031,11.131,42.269,76.24,5.188,0
2025-09-02,R24,20.025,0.5331,10.429,43.121,66.668,5.883,0
2025-09-03,R24,16.729,0.6212,10.009,50.458,40.788,6.869,1
2025-09-04,R24,15.524,0.6168,11.389,41.046,55.836,5.636,1
2025-09-05,R24,16.408,0.5353,4.044,42.674,34.851,7.021,1
2025-09-06,R24,15.268,0.6661,0.248,37.502,71.053,5.455,1
2025-09-07,R24,16.008,0.6652,13.51,45.785,41.498,5.95,0
2025-09-08,R24,15.927,0.6885,4.033,40.822,72.437,4.766,1
2025-09-09,R24,12.972,0.5392,17.527,48.032,92.983,3.022,0
2025-09-10,R24,17.119,0.631,20.379,45.486,60.007,6.463,1
2025-09-11,R24,18.509,0.5915,5.291,38.105,54.664,6.101,1
2025-09-12,R24,14.658,0.669,2.662,36.801,55.584,7.828,1
2025-09-13,R24,13.633,0.57,0.564,38.472,31.724,7.362,1
2025-09-14,R24,18.109,0.5895,8.629,49.281,58.78,5.642,0
2025-09-15,R24,14.967,0.5056,4.826,46.026,70.608,3.442,0
2025-09-16,R24,16.279,0.4938,13.584,43.165,62.683,6.144,1
2025-09-17,R24,15.112,0.5581,7.528,38.389,45.691,7.56,1
2025-09-18,R24,17.692,0.5831,4.631,35.616,69.525,4.932,1
2025-09-19,R24,18.976,0.5897,5.253,43.337,32.528,7.981,1
2025-09-20,R24,15.808,0.6235,12.533,42.398,93.914,2.705,0
2025-09-21,R24,14.498,0.6904,16.069,42.794,61.674,5.216,0
2025-09-22,R24,17.298,0.6542,12.769,43.503,74.99,5.062,0
2025-09-23,R24,17.902,0.7035,12.074,45.082,34.414,6.611,0
2025-09-24,R24,19.918,0.5602,16.078,41.887,67.204,7.101,1
2025-09-25,R24,13.782,0.6353,17.433,41.78,65.889,5.125,0
2025-09-26,R24,19.108,0.5937,8.38,42.585,43.332,6.791,1
2025-09-27,R24,14.136,0.5923,17.174,50.413,40.546,6.847,0
2025-09-28,R24,14.44,0.6274,20.612,51.578,74.626,2.971,0
2025-09-29,R24,17.528,0.4598,16.863,42.156,52.866,6.176,1
2025-09-30,R24,16.766,0.629,0.167,33.567,16.165,7.839,1
2025-10-01,R24,15.632,0.6526,9.904,41.691,90.056,4.504,0
2025-10-02,R24,18.359,0.6157,5.026,42.303,51.548,8.456,1
2025-10-03,R24,17.917,0.5152,8.54,38.823,49.501,8.193,1
2025-10-04,R24,14.613,0.6426,2.058,37.798,52.579,6.105,1
2025-10-05,R24,14.63,0.5651,4.403,41.998,69.911,4.295,0
2025-10-06,R24,15.484,0.516,3.068,40.89,36.369,7.0,1
2025-10-07,R24,16.052,0.5623,4.567,40.452,31.709,7.068,1
2025-10-08,R24,15.618,0.5005,3.026,42.603,65.079,6.273,1
2025-10-09,R24,16.21,0.5524,1.356,37.58,39.533,6.998,1
2025-10-10,R24,17.941,0.7049,2.892,43.013,58.102,7.343,1
2025-10-11,R24,16.508,0.6036,9.388,39.872,72.669,5.186,0
2025-10-12,R24,16.861,0.5019,25.419,46.148,64.408,6.356,1
2025-10-13,R24,19.152,0.5902,50.918,52.682,75.827,5.91,0
2025-10-14,R24,16.396,0.5196,10.046,38.316,96.967,3.321,0
2025-10-15,R24,14.249,0.5824,6.251,41.101,61.066,5.357,1
2025-10-16,R24,18.779,0.6029,9.538,37.704,56.39,7.087,1
2025-10-17,R24,17.622,0.5827,4.215,35.756,39.404,8.032,1
2025-10-18,R24,17.993,0.5703,33.378,49.191,73.763,5.14,0
2025-10-19,R24,16.309,0.5656,4.785,41.767,42.075,6.606,1
2025-10-20,R24,15.423,0.651,12.503,46.291,54.94,6.251,1
2025-10-21,R24,19.21,0.609,2.221,36.531,27.918,8.317,1
2025-10-22,R24,15.304,0.565,6.946,39.763,53.153,6.77,1
2025-10-23,R24,18.743,0.6778,4.95,39.378,30.407,7.553,1
2025-10-24,R24,19.567,0.6065,5.941,41.327,82.141,5.152,0
2025-10-25,R24,17.127,0.6126,4.14,39.313,27.473,7.206,1
2025-10-26,R24,15.033,0.7539,30.316,49.755,59.368,4.043,0
2025-10-27,R24,18.998,0.5386,19.828,46.731,43.073,5.547,0
2025-10-28,R24,21.422,0.554,7.653,37.767,80.343,4.857,1
2025-10-29,R24,16.071,0.6488,6.167,44.124,24.108,8.044,1
2025-10-30,R24,16.266,0.5923,2.106,38.595,33.452,5.67,1
2025-10-31,R24,18.208,0.5397,9.156,37.019,67.451,6.632,1
2025-11-01,R24,16.36,0.717,10.822,46.56,47.739,6.398,1
2025-11-02,R24,20.308,0.5468,6.307,37.832,50.667,6.612,1
2025-11-03,R24,16.4,0.5668,19.668,47.541,67.15,4.155,0
2025-11-04,R24,15.897,0.6062,13.076,46.135,37.509,5.773,0
2025-11-05,R24,16.039,0.6502,12.356,46.391,45.12,6.017,0
2025-11-06,R24,17.787,0.6354,8.002,44.431,30.563,6.735,1
2025-11-07,R24,19.362,0.6944,0.823,34.475,22.134,7.14,1
2025-11-08,R24,15.187,0.6051,9.727,45.735,57.742,5.451,1
2025-11-09,R24,19.303,0.6055,10.567,38.719,45.215,6.678,1
2025-11-10,R24,16.093,0.6028,18.44,45.502,48.212,4.935,0
2025-11-11,R24,16.526,0.558,4.831,38.848,41.785,7.238,1
2025-11-12,R24,16.469,0.5262,28.657,46.976,61.098,5.105,0
2025-11-13,R24,20.294,0.6169,8.486,39.613,65.706,7.482,1
2025-11-14,R24,14.665,0.7006,4.31,44.451,47.731,5.377,0
2025-11-15,R24,18.846,0.6201,20.61,51.095,60.989,6.212,0
2025-11-16,R24,18.105,0.5858,9.557,41.156,35.237,8.646,1
2025-11-17,R24,19.716,0.6293,12.055,42.21,29.959,8.865,1
2025-11-18,R24,16.105,0.7336,2.21,41.789,80.974,5.606,0
2025-11-19,R24,16.322,0.5862,2.25,43.452,49.976,5.107,0
2025-11-20,R24,18.473,0.5058,8.358,42.816,51.433,5.938,1
2025-11-21,R24,21.237,0.5761,2.538,34.895,57.436,6.61,1
2025-11-22,R24,14.054,0.6622,10.169,43.163,69.639,4.653,0
2025-11-23,R24,15.313,0.6354,7.078,44.442,32.824,7.84,1
2025-11-24,R24,17.842,0.5622,12.844,45.967,49.05,6.391,1
2025-11-25,R24,16.588,0.5411,6.303,42.285,39.957,8.088,1
2025-11-26,R24,18.642,0.5536,27.758,50.067,70.569,5.695,0
2025-11-27,R24,18.634,0.5537,3.06,35.096,47.605,7.794,1
2025-11-28,R24,19.491,0.5473,2.771,37.434,44.357,7.946,1
2025-11-29,R24,18.498,0.5175,3.618,36.037,52.155,6.877,1
2025-11-30,R24,23.179,0.5535,12.777,40.077,64.91,7.567,1
2025-12-01,R24,19.7,0.4594,12.156,44.197,69.627,5.696,1
2025-12-02,R24,18.665,0.6644,5.126,40.521,49.094,6.87,1
2025-12-03,R24,19.123,0.6241,2.024,41.488,56.914,6.108,1
2025-12-04,R24,17.982,0.6245,5.036,40.528,34.104,8.123,1
2025-12-05,R24,21.756,0.5144,11.791,40.856,61.919,6.775,1
2025-12-06,R24,20.313,0.5771,7.735,32.771,37.12,7.904,1
2025-12-07,R24,19.93,0.4306,4.764,40.959,46.912,7.876,1
2025-12-08,R24,18.519,0.63,1.888,39.485,22.42,6.986,1
2025-12-09,R24,16.83,0.5486,6.983,37.53,41.571,7.18,1
2025-12-10,R24,23.608,0.5353,8.443,36.01,46.099,8.25,1
2025-12-11,R24,22.227,0.4904,13.63,45.847,32.957,8.271,1
2025-12-12,R24,16.465,0.6365,22.991,46.611,50.188,5.52,0
2025-12-13,R24,18.494,0.4586,10.583,43.832,58.602,6.971,1
2025-12-14,R24,21.277,0.5549,4.696,37.348,55.269,6.854,1
2025-12-15,R24,18.663,0.6711,2.267,38.127,53.466,5.175,1
2025-12-16,R24,22.489,0.528,11.236,40.436,89.232,5.598,0
2025-12-17,R24,22.976,0.5344,10.493,38.511,33.151,7.717,1
2025-12-18,R24,18.24,0.6316,25.006,43.066,67.455,6.606,0
2025-12-19,R24,21.861,0.5808,13.409,42.628,39.851,8.219,1
2025-12-20,R24,20.977,0.6786,6.417,40.573,66.595,4.923,1
2025-12-21,R24,23.128,0.4233,6.321,38.142,44.262,8.37,1
2025-12-22,R24,21.137,0.527,15.731,42.382,66.303,6.035,1
2025-12-23,R24,18.577,0.6017,1.292,36.304,94.678,4.794,1
2025-12-24,R24,18.033,0.6588,7.724,37.985,67.691,7.146,1
2025-12-25,R24,20.36,0.5335,7.307,39.851,25.201,7.161,1
2025-12-26,R24,21.021,0.4634,11.448,41.384,40.202,8.302,1
2025-12-27,R24,19.939,0.603,7.8,40.909,29.593,8.716,1
2025-12-28,R24,19.242,0.5665,7.852,37.677,46.999,6.874,1
2025-12-29,R24,19.647,0.6102,9.541,39.848,51.03,5.33,0
2025-12-30,R24,22.402,0.6158,4.886,36.079,54.205,6.486,1
2025-12-31,R24,21.958,0.6037,4.126,36.437,64.338,6.702,1
