date,region_id,surface_temp_c,ndvi,rainfall_mm_7d,soil_moisture_pct,cloud_cover_pct,evapotranspiration_mm,drought_risk
2025-01-01,R01,27.47,0.7499,7.272,34.657,31.462,8.456,1
2025-01-02,R01,27.646,0.8854,4.287,27.879,48.669,8.764,1
2025-01-03,R01,25.546,0.6844,9.606,34.109,39.85,7.979,1
2025-01-04,R01,27.002,0.7404,6.121,33.475,47.884,8.834,1
2025-01-05,R01,23.937,0.8224,3.755,27.569,47.751,9.004,1
2025-01-06,R01,24.481,0.7774,5.871,28.021,49.162,7.122,1
2025-01-07,R01,29.82,0.6828,8.13,32.97,59.609,9.956,1
2025-01-08,R01,22.903,0.7816,20.348,41.006,63.717,7.379,0
2025-01-09,R01,23.042,0.7361,14.073,40.366,51.365,8.684,1
2025-01-10,R01,25.462,0.7742,2.189,30.525,74.986,6.748,1
2025-01-11,R01,25.644,0.7136,4.347,37.136,59.639,8.435,1
2025-01-12,R01,27.673,0.7176,4.239,30.486,65.131,8.457,1
2025-01-13,R01,28.654,0.7307,4.249,28.45,40.082,10.575,1
2025-01-14,R01,24.248,0.7993,2.876,29.551,80.648,6.541,1
2025-01-15,R01,25.092,0.8469,23.38,41.769,55.607,7.796,1
2025-01-16,R01,28.634,0.7222,0.262,24.442,67.612,7.083,1
2025-01-17,R01,23.974,0.7576,8.377,34.903,89.406,5.777,1
2025-01-18,R01,28.723,0.7274,7.999,26.499,60.572,7.936,1
2025-01-19,R01,26.083,0.7751,5.286,25.396,32.51,9.645,1
2025-01-20,R01,26.977,0.7786,13.756,38.532,74.963,6.952,1
2025-01-21,R01,27.474,0.7022,10.771,36.482,36.266,8.681,1
2025-01-22,R01,27.304,0.7447,10.718,35.78,74.662,7.146,1
2025-01-23,R01,25.123,0.8733,13.149,35.844,74.168,5.711,1
2025-01-24,R01,25.304,0.7582,3.503,33.289,43.132,9.034,1
2025-01-25,R01,28.815,0.8155,12.735,33.081,50.446,9.721,1
2025-01-26,R01,29.401,0.8051,5.549,24.165,50.752,10.089,1
2025-01-27,R01,28.558,0.8193,2.317,31.537,10.267,11.074,1
2025-01-28,R01,24.912,0.6799,14.644,29.505,51.455,6.811,1
2025-01-29,R01,27.788,0.7601,2.018,28.973,55.849,9.169,1
2025-01-30,R01,28.6,0.7488,4.311,26.35,57.42,8.184,1
2025-01-31,R01,26.851,0.7472,14.653,33.256,59.976,6.364,1
2025-02-01,R01,26.83,0.8347,1.209,26.457,54.896,8.614,1
2025-02-02,R01,26.474,0.6665,21.171,39.391,35.962,8.863,1
2025-02-03,R01,28.26,0.7535,2.308,33.878,33.322,9.364,1
2025-02-04,R01,31.198,0.6921,4.495,27.578,52.762,11.222,1
2025-02-05,R01,27.305,0.7602,3.625,29.711,30.687,8.542,1
2025-02-06,R01,29.5,0.7518,25.296,38.405,63.812,8.471,1
2025-02-07,R01,28.134,0.8356,7.318,33.583,84.312,6.893,1
2025-02-08,R01,26.05,0.7935,14.605,32.701,75.382,5.509,1
2025-02-09,R01,29.471,0.746,4.008,25.659,60.474,7.852,1
2025-02-10,R01,29.953,0.6366,6.485,30.179,29.776,9.941,1
2025-02-11,R01,29.328,0.7797,16.002,34.793,77.058,6.894,1
2025-02-12,R01,27.129,0.7825,3.854,27.465,31.537,8.246,1
2025-02-13,R01,26.281,0.7234,4.566,32.189,26.755,9.037,1
2025-02-14,R01,26.355,0.7945,7.195,32.494,26.988,9.07,1
2025-02-15,R01,31.032,0.7574,6.041,34.604,30.739,9.443,1
2025-02-16,R01,30.265,0.8233,5.241,30.14,41.583,10.861,1
2025-02-17,R01,30.78,0.7418,6.803,30.04,36.586,10.395,1
2025-02-18,R01,29.26,0.7815,4.25,29.261,44.168,9.18,1
2025-02-19,R01,28.227,0.7883,12.19,32.385,59.246,8.564,1
2025-02-20,R01,28.87,0.7956,6.569,28.933,36.763,9.615,1
2025-02-21,R01,29.246,0.7212,10.206,28.56,87.637,4.941,1
2025-02-22,R01,31.762,0.8139,7.493,29.238,88.6,7.196,1
2025-02-23,R01,31.601,0.7331,0.517,16.446,17.099,11.411,1
2025-02-24,R01,29.93,0.6951,6.198,29.817,33.177,9.35,1
2025-02-25,R01,30.284,0.7051,6.179,24.945,50.001,10.156,1
2025-02-26,R01,31.828,0.7228,19.569,37.577,48.924,10.5,1
2025-02-27,R01,29.08,0.8049,1.631,22.559,18.133,11.482,1
2025-02-28,R01,31.038,0.7894,1.813,24.804,44.824,9.439,1
2025-03-01,R01,28.071,0.7235,8.988,41.472,59.049,8.678,1
2025-03-02,R01,29.785,0.8438,2.45,21.386,40.088,8.214,1
2025-03-03,R01,31.994,0.7304,4.26,31.734,53.851,10.128,1
2025-03-04,R01,28.934,0.7766,7.607,31.175,51.644,8.828,1
2025-03-05,R01,30.133,0.7545,11.607,28.331,56.268,7.73,1
2025-03-06,R01,30.45,0.7108,25.308,33.893,58.22,8.759,1
2025-03-07,R01,30.009,0.7443,9.457,34.556,41.982,8.965,1
2025-03-08,R01,30.151,0.6989,19.237,39.178,43.091,9.226,1
2025-03-09,R01,30.833,0.7844,9.931,27.313,79.048,8.242,1
2025-03-10,R01,29.747,0.7134,1.723,25.442,35.44,9.822,1
2025-03-11,R01,28.293,0.6744,9.763,31.172,46.461,8.429,1
2025-03-12,R01,31.68,0.7266,3.338,28.989,28.538,10.466,1
2025-03-13,R01,28.583,0.7793,15.137,32.839,64.563,7.236,1
2025-03-14,R01,27.781,0.8594,3.874,35.228,44.359,9.473,1
2025-03-15,R01,30.297,0.7482,11.43,32.504,47.84,8.872,1
2025-03-16,R01,32.661,0.621,1.668,29.696,54.193,8.689,1
2025-03-17,R01,32.414,0.7201,3.888,22.857,20.18,10.341,1
2025-03-18,R01,31.936,0.6285,8.677,33.19,53.943,8.899,1
2025-03-19,R01,27.948,0.697,5.806,29.88,47.737,10.233,1
2025-03-20,R01,31.01,0.7056,7.563,32.85,37.871,10.725,1
2025-03-21,R01,31.352,0.6613,15.407,29.651,55.173,9.478,1
2025-03-22,R01,32.227,0.8182,2.603,29.921,53.817,9.542,1
2025-03-23,R01,31.391,0.7854,3.315,30.479,48.536,10.201,1
2025-03-24,R01,29.01,0.7373,20.077,37.226,44.44,8.866,1
2025-03-25,R01,33.243,0.6109,5.711,28.034,45.369,9.936,1
2025-03-26,R01,30.38,0.663,9.607,36.629,49.239,9.565,1
2025-03-27,R01,30.533,0.6885,35.354,40.822,54.942,8.331,1
2025-03-28,R01,27.341,0.7974,23.357,33.134,63.796,7.593,1
2025-03-29,R01,30.024,0.6863,19.721,34.67,45.688,8.962,1
2025-03-30,R01,32.34,0.7306,8.787,26.918,62.983,10.426,1
2025-03-31,R01,29.353,0.6979,3.913,31.066,17.031,10.957,1
2025-04-01,R01,32.636,0.8099,18.762,32.715,62.283,9.629,1
2025-04-02,R01,30.819,0.7527,9.788,22.462,58.363,10.427,1
2025-04-03,R01,30.357,0.7592,4.335,32.939,56.784,8.568,1
2025-04-04,R01,30.925,0.7668,11.215,31.458,45.358,9.863,1
2025-04-05,R01,31.222,0.7305,3.761,28.946,41.877,10.515,1
2025-04-06,R01,29.958,0.7553,5.562,29.499,55.582,7.357,1
2025-04-07,R01,30.006,0.7269,6.707,31.109,60.703,9.237,1
2025-04-08,R01,32.048,0.7177,4.812,26.053,64.581,8.921,1
2025-04-09,R01,30.852,0.6605,8.347,35.656,75.541,8.68,1
2025-04-10,R01,33.674,0.7047,16.388,30.87,41.713,10.466,1
2025-04-11,R01,29.344,0.7786,7.141,24.717,38.394,9.383,1
2025-04-12,R01,31.461,0.7612,0.799,29.567,32.842,9.963,1
2025-04-13,R01,29.594,0.6717,10.559,30.321,27.626,10.835,1
2025-04-14,R01,35.574,0.5024,5.199,27.058,51.101,9.821,1
2025-04-15,R01,29.294,0.9114,8.51,32.058,60.441,9.346,1
2025-04-16,R01,31.72,0.7593,27.723,35.98,66.007,8.26,1
2025-04-17,R01,31.934,0.6651,6.336,30.789,53.489,9.279,1
2025-04-18,R01,30.603,0.7327,9.006,26.913,48.359,7.901,1
2025-04-19,R01,32.438,0.5986,9.661,30.078,50.236,9.757,1
2025-04-20,R01,29.256,0.7529,38.469,41.338,63.774,6.512,0
2025-04-21,R01,30.618,0.709,4.036,23.244,16.594,9.985,1
2025-04-22,R01,31.483,0.6614,24.043,33.116,86.286,6.72,1
2025-04-23,R01,30.569,0.7138,6.198,28.892,51.169,10.465,1
2025-04-24,R01,30.11,0.793,13.944,34.208,34.064,10.671,1
2025-04-25,R01,28.107,0.8522,3.838,28.703,69.711,8.48,1
2025-04-26,R01,31.945,0.7325,18.584,34.013,48.659,9.43,1
2025-04-27,R01,30.3,0.6833,7.403,30.596,30.918,9.26,1
2025-04-28,R01,28.991,0.6934,2.872,31.362,32.292,10.382,1
2025-04-29,R01,26.096,0.6966,3.508,31.459,36.006,8.084,1
2025-04-30,R01,32.644,0.6869,1.025,24.032,28.013,9.945,1
2025-05-01,R01,30.856,0.6307,4.892,22.639,46.336,8.414,1
2025-05-02,R01,30.896,0.7285,1.372,34.101,53.766,8.147,1
2025-05-03,R01,29.903,0.7705,7.622,31.634,31.504,10.061,1
2025-05-04,R01,32.229,0.8014,0.232,26.531,46.863,8.725,1
2025-05-05,R01,27.516,0.833,7.215,27.503,60.26,6.684,1
2025-05-06,R01,28.403,0.796,14.708,26.771,54.165,7.165,1
2025-05-07,R01,28.731,0.7076,3.862,26.003,23.945,9.974,1
2025-05-08,R01,28.685,0.6934,9.199,30.697,37.404,9.963,1
2025-05-09,R01,31.143,0.5821,19.25,35.771,30.992,10.371,1
2025-05-10,R01,32.741,0.7983,6.772,31.343,35.053,9.847,1
2025-05-11,R01,29.471,0.8379,16.141,38.915,41.735,10.325,1
2025-05-12,R01,30.846,0.5784,4.603,27.113,54.809,10.75,1
2025-05-13,R01,28.59,0.771,11.969,33.122,66.893,9.3,1
2025-05-14,R01,29.893,0.8055,9.883,28.542,70.662,7.9,1
2025-05-15,R01,29.549,0.6016,19.671,31.751,51.951,8.016,1
2025-05-16,R01,28.659,0.8409,4.209,33.561,40.503,8.094,1
2025-05-17,R01,24.779,0.8698,9.513,43.134,60.001,6.393,0
2025-05-18,R01,29.986,0.7772,13.582,24.565,58.761,9.794,1
2025-05-19,R01,29.995,0.7874,2.961,31.491,62.191,8.55,1
2025-05-20,R01,28.523,0.7297,1.047,26.91,72.345,6.872,1
2025-05-21,R01,29.84,0.8685,17.579,32.933,48.467,10.645,1
2025-05-22,R01,28.934,0.7195,2.277,30.372,29.59,10.396,1
2025-05-23,R01,29.886,0.6939,5.644,30.37,44.786,8.516,1
2025-05-24,R01,26.966,0.7325,2.783,34.803,54.436,7.904,1
2025-05-25,R01,28.49,0.7903,1.98,29.114,55.271,8.05,1
2025-05-26,R01,27.983,0.8333,8.807,32.231,49.146,9.925,1
2025-05-27,R01,27.283,0.8568,32.823,42.744,80.183,6.636,1
2025-05-28,R01,30.564,0.7489,9.521,29.065,61.06,8.021,1
2025-05-29,R01,30.129,0.7301,8.697,30.347,51.602,9.392,1
2025-05-30,R01,25.019,0.7733,9.545,31.466,68.715,5.612,1
2025-05-31,R01,28.151,0.7318,6.358,31.989,72.387,7.366,1
2025-06-01,R01,30.248,0.7043,12.106,30.324,60.158,8.788,1
2025-06-02,R01,32.972,0.7246,5.449,22.509,37.732,9.653,1
2025-06-03,R01,29.237,0.6799,3.885,34.05,40.714,10.435,1
2025-06-04,R01,28.71,0.8255,7.85,30.233,47.877,8.408,1
2025-06-05,R01,26.022,0.8167,1.397,33.646,58.648,9.211,1
2025-06-06,R01,29.034,0.8222,10.563,29.244,64.843,9.036,1
2025-06-07,R01,24.568,0.8193,25.241,41.208,45.323,8.887,1
2025-06-08,R01,25.9,0.709,20.887,32.255,58.14,7.234,1
2025-06-09,R01,30.688,0.6833,6.232,28.897,28.646,10.768,1
2025-06-10,R01,28.113,0.8351,2.108,33.761,46.481,8.325,1
2025-06-11,R01,27.393,0.7308,4.932,27.738,21.831,11.108,1
2025-06-12,R01,28.734,0.7304,13.422,30.24,60.338,7.985,1
2025-06-13,R01,27.16,0.6454,10.289,34.765,45.605,8.534,1
2025-06-14,R01,24.814,0.9181,3.451,35.995,88.077,6.387,1
2025-06-15,R01,26.567,0.7377,4.51,29.112,43.456,9.002,1
2025-06-16,R01,28.488,0.8743,5.214,29.64,35.298,9.821,1
2025-06-17,R01,28.513,0.843,1.486,27.129,54.639,6.804,1
2025-06-18,R01,30.454,0.7116,3.939,25.89,34.584,9.808,1
2025-06-19,R01,27.858,0.6961,5.087,29.864,35.849,9.234,1
2025-06-20,R01,23.985,0.7097,2.182,32.844,57.703,7.236,1
2025-06-21,R01,28.55,0.7082,12.251,35.212,40.94,8.9,1
2025-06-22,R01,29.33,0.7301,4.857,28.415,67.358,8.912,1
2025-06-23,R01,29.029,0.7722,14.149,33.745,64.904,7.026,1
2025-06-24,R01,28.824,0.7747,12.97,34.874,76.238,7.771,1
2025-06-25,R01,27.53,0.8231,15.287,38.103,56.093,9.899,1
2025-06-26,R01,29.5,0.8245,1.483,23.789,30.981,10.139,1
2025-06-27,R01,24.76,0.7954,1.711,33.185,33.148,7.289,1
2025-06-28,R01,22.68,0.8569,7.152,33.211,42.263,8.272,1
2025-06-29,R01,27.414,0.801,0.709,28.172,5,11.222,1
2025-06-30,R01,26.088,0.8197,2.111,32.975,25.393,9.501,1
2025-07-01,R01,25.673,0.7203,20.289,33.672,58.473,6.921,1
2025-07-02,R01,19.946,0.7882,5.34,29.893,49.591,7.008,1
2025-07-03,R01,25.315,0.8357,7.163,32.227,32.189,9.107,1
2025-07-04,R01,24.376,0.774,0.668,32.714,44.897,7.944,1
2025-07-05,R01,23.017,0.8237,2.431,31.1,32.224,7.284,1
2025-07-06,R01,22.535,0.688,11.313,39.402,38.494,8.698,1
2025-07-07,R01,26.42,0.7063,5.982,30.567,45.506,6.71,1
2025-07-08,R01,22.131,0.847,3.146,27.575,81.411,5.037,1
2025-07-09,R01,25.563,0.7357,10.313,32.198,49.467,6.818,1
2025-07-10,R01,24.188,0.9468,14.196,37.787,43.393,8.049,1
2025-07-11,R01,22.703,0.7428,2.654,33.777,40.653,7.61,1
2025-07-12,R01,22.286,0.7813,8.468,34.232,75.232,5.795,1
2025-07-13,R01,28.578,0.7409,6.174,24.484,54.654,8.231,1
2025-07-14,R01,27.655,0.8075,6.286,25.693,40.821,9.503,1
2025-07-15,R01,26.164,0.6104,2.426,30.113,72.846,6.978,1
2025-07-16,R01,26.229,0.6547,3.557,30.84,66.687,7.82,1
2025-07-17,R01,26.526,0.7355,25.28,33.995,59.85,9.117,1
2025-07-18,R01,23.6,0.7731,8.039,34.268,59.771,7.516,1
2025-07-19,R01,23.314,0.7703,13.177,33.757,35.472,6.499,1
2025-07-20,R01,25.623,0.8709,5.558,27.157,47.191,6.94,1
2025-07-21,R01,25.499,0.7807,13.807,35.071,66.266,9.603,1
2025-07-22,R01,24.677,0.7182,11.4,35.315,34.86,9.722,1
2025-07-23,R01,23.446,0.7196,4.852,31.583,69.621,6.543,1
2025-07-24,R01,27.533,0.8551,20.058,38.11,96.577,6.356,1
2025-07-25,R01,22.748,0.7858,4.695,34.683,49.702,7.979,1
2025-07-26,R01,24.448,0.6364,16.069,34.258,48.017,7.423,1
2025-07-27,R01,24.432,0.6957,27.603,37.391,69.623,6.774,1
2025-07-28,R01,23.947,0.9356,9.671,33.254,60.76,7.384,1
2025-07-29,R01,24.583,0.7523,0.176,35.175,35.959,7.474,1
2025-07-30,R01,21.524,0.8489,2.765,34.423,23.066,8.731,1
2025-07-31,R01,22.018,0.9098,24.444,41.742,53.43,7.693,0
2025-08-01,R01,20.863,0.7595,2.096,36.047,39.85,9.026,1
2025-08-02,R01,20.989,0.816,3.59,29.295,57.161,5.808,1
2025-08-03,R01,28.753,0.7437,1.681,29.518,49.808,7.889,1
2025-08-04,R01,27.851,0.7643,3.273,27.868,58.089,9.991,1
2025-08-05,R01,22.037,0.7902,3.847,33.506,38.724,7.896,1
2025-08-06,R01,23.132,0.8169,18.066,36.298,55.951,8.044,1
2025-08-07,R01,19.005,0.7812,7.051,36.073,37.589,8.865,1
2025-08-08,R01,22.384,0.8335,4.368,34.282,54.994,7.459,1
2025-08-09,R01,20.926,0.7637,1.994,34.013,51.28,7.728,1
2025-08-10,R01,24.746,0.7351,32.757,38.785,79.545,6.225,0
2025-08-11,R01,21.317,0.846,14.737,37.609,43.225,6.603,1
2025-08-12,R01,22.173,0.7447,5.884,36.826,30.97,7.566,1
2025-08-13,R01,26.362,0.8174,0.799,26.673,52.147,7.578,1
2025-08-14,R01,23.434,0.8176,7.539,39.387,28.302,7.202,1
2025-08-15,R01,23.427,0.8806,11.981,37.95,70.324,4.603,1
2025-08-16,R01,25.168,0.7511,1.617,34.016,33.331,7.552,1
2025-08-17,R01,26.321,0.8186,1.028,24.815,19.307,9.697,1
2025-08-18,R01,23.002,0.7734,11.054,33.651,76.625,6.956,1
2025-08-19,R01,23.777,0.8085,7.856,27.988,50.113,7.38,1
2025-08-20,R01,22.744,0.8267,5.077,33.507,34.467,7.658,1
2025-08-21,R01,22.031,0.8597,10.07,33.608,48.492,6.356,1
2025-08-22,R01,20.617,0.6969,1.744,34.129,69.662,7.28,1
2025-08-23,R01,23.023,0.8755,11.682,33.316,72.431,6.07,1
2025-08-24,R01,26.574,0.7672,23.038,33.143,85.374,6.831,1
2025-08-25,R01,21.845,0.8453,7.067,33.639,58.421,8.011,1
2025-08-26,R01,25.076,0.7807,6.782,30.278,32.438,9.038,1
2025-08-27,R01,19.002,0.8693,33.7,46.122,82.608,4.329,0
2025-08-28,R01,20.151,0.8262,8.479,35.544,47.265,6.307,0
2025-08-29,R01,21.434,0.8562,5.911,33.364,30.406,8.102,1
2025-08-30,R01,20.591,0.8597,9.908,38.863,30.584,7.316,1
2025-08-31,R01,21.959,0.7051,3.4,34.889,84.065,5.295,1
2025-09-01,R01,23.851,0.8445,8.074,28.125,63.458,8.005,1
2025-09-02,R01,21.626,0.7257,13.814,38.394,48.634,8.288,1
2025-09-03,R01,21.168,0.756,23.725,45.744,61.098,7.019,1
2025-09-04,R01,21.486,0.95,8.802,37.69,50.313,7.343,1
2025-09-05,R01,22.159,0.8377,6.482,33.845,57.85,8.478,1
2025-09-06,R01,23.671,0.8354,4.036,33.874,48.68,8.799,1
2025-09-07,R01,22.233,0.9062,8.871,40.187,75.036,7.395,1
2025-09-08,R01,18.738,0.8843,2.961,32.25,42.539,7.378,1
2025-09-09,R01,23.517,0.7747,2.504,35.574,36.24,8.457,1
2025-09-10,R01,20.77,0.905,1.295,32.277,50.485,7.789,1
2025-09-11,R01,21.889,0.8465,3.629,30.873,25.539,9.428,1
2025-09-12,R01,24.129,0.6321,3.848,35.214,49.874,7.772,1
2025-09-13,R01,22.086,0.8263,3.107,33.062,43.722,8.666,1
2025-09-14,R01,23.93,0.822,27.216,41.447,81.085,4.653,0
2025-09-15,R01,22.73,0.8699,13.978,38.427,67.399,5.886,1
2025-09-16,R01,26.821,0.8489,6.393,28.7,37.481,10.162,1
2025-09-17,R01,16.952,0.95,30.355,48.059,50.314,4.812,0
2025-09-18,R01,22.505,0.9499,5.299,33.168,55.882,6.653,1
2025-09-19,R01,17.276,0.923,24.331,44.448,100,3.048,0
2025-09-20,R01,24.321,0.7866,22.166,41.323,70.966,9.093,1
2025-09-21,R01,18.942,0.7751,4.964,32.997,44.94,5.429,1
2025-09-22,R01,23.305,0.8702,12.986,36.457,81.63,7.692,1
2025-09-23,R01,19.473,0.8521,9.103,38.177,70.766,4.937,0
2025-09-24,R01,21.942,0.7795,10.946,35.64,76.241,5.2,1
2025-09-25,R01,22.289,0.8431,8.609,32.08,70.781,6.696,1
2025-09-26,R01,20.252,0.7841,12.698,40.007,29.938,7.216,1
2025-09-27,R01,23.212,0.8913,1.866,27.015,23.605,8.324,1
2025-09-28,R01,20.161,0.83,18.139,33.125,49.695,6.694,0
2025-09-29,R01,20.726,0.847,6.23,34.905,32.619,7.681,1
2025-09-30,R01,18.157,0.7619,15.046,41.462,78.293,5.889,1
2025-10-01,R01,22.436,0.7685,13.958,37.687,60.641,7.314,1
2025-10-02,R01,20.467,0.8426,2.306,32.562,64.689,6.647,1
2025-10-03,R01,19.946,0.8165,2.482,32.86,18.537,8.195,1
2025-10-04,R01,19.887,0.8579,8.275,36.284,65.494,6.992,1
2025-10-05,R01,18.981,0.7883,5.399,33.231,41.158,6.578,1
2025-10-06,R01,21.487,0.8637,4.436,31.029,47.648,5.837,1
2025-10-07,R01,21.071,0.8639,24.145,35.648,49.705,6.392,1
2025-10-08,R01,20.349,0.7621,1.611,31.79,68.278,6.019,1
2025-10-09,R01,24.111,0.7067,6.076,33.203,65.796,7.972,1
2025-10-10,R01,18.441,0.9156,1.211,35.453,52.359,5.585,1
2025-10-11,R01,20.844,0.839,3.267,27.99,34.886,7.336,1
2025-10-12,R01,21.962,0.8153,13.164,37.771,52.523,7.388,1
2025-10-13,R01,18.39,0.8964,6.369,35.111,100,4.096,1
2025-10-14,R01,18.369,0.8377,2.581,36.856,82.04,4.684,1
2025-10-15,R01,18.647,0.927,3.201,37.958,50.112,6.24,0
2025-10-16,R01,20.003,0.798,18.292,44.858,66.498,6.558,1
2025-10-17,R01,23.375,0.8202,6.773,30.626,16.157,9.693,1
2025-10-18,R01,19.158,0.7118,13.706,43.301,67.769,5.419,1
2025-10-19,R01,24.103,0.8578,9.013,28.093,64.935,7.626,1
2025-10-20,R01,22.437,0.8651,10.177,31.871,43.568,7.684,1
2025-10-21,R01,21.31,0.7455,9.059,35.666,33.281,8.684,1
2025-10-22,R01,20.582,0.7706,10.405,36.024,81.541,6.84,1
2025-10-23,R01,20.923,0.8704,5.677,35.424,39.885,6.98,1
2025-10-24,R01,23.846,0.7497,11.381,36.473,53.787,6.674,1
2025-10-25,R01,24.784,0.6489,3.293,33.596,40.533,7.819,1
2025-10-26,R01,20.44,0.8177,18.58,40.046,65.054,6.4,1
2025-10-27,R01,25.189,0.8292,16.061,34.779,76.613,6.602,1
2025-10-28,R01,22.277,0.8633,30.846,43.07,60.636,7.219,0
2025-10-29,R01,21.31,0.8729,9.659,32.306,41.523,6.626,1
2025-10-30,R01,21.812,0.9186,1.123,34.626,83.164,5.096,1
2025-10-31,R01,22.958,0.7332,17.877,35.454,44.37,7.376,1
2025-11-01,R01,18.856,0.8967,4.966,33.17,56.513,5.888,1
2025-11-02,R01,22.414,0.7837,11.457,35.414,74.833,5.569,1
2025-11-03,R01,21.792,0.7431,7.906,36.271,48.204,8.137,1
2025-11-04,R01,22.833,0.8047,5.978,37.768,51.696,7.358,1
2025-11-05,R01,21.541,0.8773,3.167,31.211,50.781,9.387,1
2025-11-06,R01,23.062,0.8688,10.789,33.623,55.712,6.38,1
2025-11-07,R01,22.437,0.8704,7.583,38.423,42.42,7.396,1
2025-11-08,R01,24.731,0.72,2.219,28.891,52.262,7.835,1
2025-11-09,R01,20.519,0.8079,6.151,33.619,39.599,7.693,1
2025-11-10,R01,21.222,0.8287,6.042,31.709,68.822,5.881,1
2025-11-11,R01,21.419,0.8599,5.478,28.481,23.204,7.993,1
2025-11-12,R01,24.226,0.7107,4.665,31.852,42.566,7.28,1
2025-11-13,R01,21.629,0.7509,16.643,39.287,84.54,4.632,0
2025-11-14,R01,22.509,0.8273,10.497,36.723,54.217,6.383,1
2025-11-15,R01,24.005,0.6993,7.342,37.036,18.481,8.715,1
2025-11-16,R01,26.067,0.7814,20.186,39.404,49.353,8.687,1
2025-11-17,R01,23.711,0.8367,14.34,33.687,62.276,6.389,1
2025-11-18,R01,20.491,0.8792,21.432,40.021,83.505,4.84,0
2025-11-19,R01,23.035,0.8562,4.962,32.504,49.249,6.939,1
2025-11-20,R01,21.415,0.89,0.411,29.836,48.286,7.222,1
2025-11-21,R01,21.041,0.7542,23.253,38.436,39.067,8.659,1
2025-11-22,R01,25.581,0.7069,4.591,27.454,64.549,8.064,1
2025-11-23,R01,23.586,0.7671,9.2,31.275,64.806,6.851,1
2025-11-24,R01,22.185,0.8604,3.987,37.321,23.762,9.053,1
2025-11-25,R01,22.272,0.7714,3.662,33.952,25.909,8.723,1
2025-11-26,R01,20.885,0.8227,2.435,33.196,41.019,7.817,1
2025-11-27,R01,25.721,0.8736,20.93,42.759,68.797,7.574,1
2025-11-28,R01,23.131,0.6947,1.247,33.82,74.013,7.727,1
2025-11-29,R01,21.303,0.9147,4.923,31.453,28.91,8.178,1
2025-11-30,R01,23.993,0.7607,3.306,31.742,62.744,5.627,1
2025-12-01,R01,23.954,0.7734,45.07,47.072,72.05,7.854,0
2025-12-02,R01,25.364,0.8999,14.526,35.886,56.255,7.181,1
2025-12-03,R01,22.445,0.7529,1.321,30.318,10.165,8.433,1
2025-12-04,R01,22.543,0.7398,13.164,37.833,56.451,8.018,1
2025-12-05,R01,22.883,0.8832,6.59,40.419,54.183,6.079,1
2025-12-06,R01,23.037,0.7297,9.169,34.127,77.252,7.481,1
2025-12-07,R01,22.418,0.8449,4.731,32.798,19.21,7.333,1
2025-12-08,R01,24.964,0.7752,4.98,32.765,38.227,7.778,1
2025-12-09,R01,23.024,0.8027,3.107,34.237,42.01,7.615,1
2025-12-10,R01,22.848,0.658,5.634,31.743,61.755,7.143,1
2025-12-11,R01,23.125,0.8824,5.55,35.207,29.934,8.963,1
2025-12-12,R01,21.314,0.6505,10.863,34.311,59.847,6.841,1
2025-12-13,R01,27.041,0.7712,9.414,30.564,34.831,8.458,1
2025-12-14,R01,21.697,0.8159,5.52,28.301,16.054,9.452,1
2025-12-15,R01,25.623,0.7124,35.856,42.821,64.994,9.133,1
2025-12-16,R01,27.02,0.7762,16.899,33.705,77.507,7.08,1
2025-12-17,R01,23.996,0.8024,8.188,37.758,56.066,7.641,1
2025-12-18,R01,24.415,0.7596,20.185,39.58,57.066,7.492,1
2025-12-19,R01,22.915,0.9263,9.301,29.753,78.159,4.496,1
2025-12-20,R01,22.023,0.7723,9.256,35.923,50.767,6.593,1
2025-12-21,R01,27.423,0.6976,4.225,22.033,21.26,9.785,1
2025-12-22,R01,23.484,0.7397,8.805,30.992,69.167,5.479,1
2025-12-23,R01,25.811,0.8023,24.818,40.579,76.505,7.131,1
2025-12-24,R01,26.295,0.7791,7.625,30.571,54.487,7.909,1
2025-12-25,R01,26.797,0.7325,2.716,30.822,59.438,7.423,1
2025-12-26,R01,26.695,0.7293,13.894,31.386,20.075,9.096,1
2025-12-27,R01,24.949,0.7551,3.32,26.273,29.661,8.829,1
2025-12-28,R01,24.341,0.8377,6.737,29.781,45.612,8.791,1
2025-12-29,R01,28.864,0.7921,6.436,28.059,54.746,8.884,1
2025-12-30,R01,26.861,0.6715,13.061,34.283,75.551,6.2,1
2025-12-31,R01,27.044,0.77,12.318,31.505,80.982,8.636,1
2025-01-01,R02,30.861,0.3499,14.438,39.863,82.638,8.501,1
2025-01-02,R02,35.708,0.4074,13.687,34.291,48.173,9.617,1
2025-01-03,R02,34.67,0.3462,13.415,31.534,73.698,10.739,1
2025-01-04,R02,33.455,0.3676,11.111,26.942,44.22,9.647,1
2025-01-05,R02,33.292,0.4493,9.179,30.316,48.211,8.699,1
2025-01-06,R02,32.264,0.386,4.744,32.188,49.111,10.115,1
2025-01-07,R02,35.914,0.3054,6.802,29.643,47.47,11.606,1
2025-01-08,R02,34.95,0.2799,11.503,36.874,64.148,9.376,1
2025-01-09,R02,31.253,0.4239,6.37,27.961,43.442,10.979,1
2025-01-10,R02,33.954,0.3196,2.475,28.46,42.844,9.24,1
2025-01-11,R02,31.412,0.2949,1.804,27.774,40.561,9.903,1
2025-01-12,R02,33.476,0.4079,13.833,36.025,44.414,9.908,1
2025-01-13,R02,33.496,0.4049,1.69,27.755,42.62,10.539,1
2025-01-14,R02,36.116,0.4263,1.234,26.961,42.9,10.803,1
2025-01-15,R02,31.951,0.3344,6.539,37.7,47.233,9.92,1
2025-01-16,R02,33.762,0.4207,6.159,33.441,46.615,10.679,1
2025-01-17,R02,31.4,0.392,4.427,31.636,61.854,6.673,1
2025-01-18,R02,34.871,0.3891,2.681,28.535,17.686,11.949,1
2025-01-19,R02,36.01,0.3476,2.074,24.285,34.555,12.261,1
2025-01-20,R02,36.892,0.2491,1.49,27.531,37.446,11.35,1
2025-01-21,R02,35.929,0.3347,15.906,27.961,47.515,10.998,1
2025-01-22,R02,35.196,0.3636,2.474,28.871,41.779,9.64,1
2025-01-23,R02,35.769,0.3472,2.187,20.237,9.652,12.074,1
2025-01-24,R02,37.723,0.321,0.764,24.35,16.755,12.51,1
2025-01-25,R02,36.495,0.346,6.224,27.667,29.871,12.444,1
2025-01-26,R02,36.444,0.2955,22.163,33.339,42.07,10.127,1
2025-01-27,R02,32.436,0.3314,3.693,31.741,38.901,11.159,1
2025-01-28,R02,34.567,0.295,22.835,34.444,70.128,10.043,1
2025-01-29,R02,32.397,0.2614,30.277,39.44,65.306,7.748,1
2025-01-30,R02,35.697,0.3433,11.222,30.145,77.243,10.936,1
2025-01-31,R02,37.793,0.3181,6.63,30.184,49.528,10.525,1
2025-02-01,R02,40.197,0.365,0.758,27.293,30.211,10.84,1
2025-02-02,R02,35.858,0.2992,12.481,27.614,57.382,10.355,1
2025-02-03,R02,34.758,0.3053,18.35,30.485,38.75,12.392,1
2025-02-04,R02,34.989,0.4012,6.38,31.055,56.931,9.236,1
2025-02-05,R02,35.275,0.2624,19.107,31.522,67.639,10.475,1
2025-02-06,R02,35.645,0.267,7.922,30.652,67.277,9.611,1
2025-02-07,R02,34.192,0.436,9.204,32.768,42.635,11.069,1
2025-02-08,R02,34.726,0.2623,16.41,39.236,60.973,7.818,1
2025-02-09,R02,35.838,0.3244,5.308,28.465,51.487,10.546,1
2025-02-10,R02,36.129,0.1524,2.775,27.935,23.388,11.062,1
2025-02-11,R02,33.514,0.3122,5.191,26.759,64.472,7.873,1
2025-02-12,R02,34.853,0.3665,9.712,23.204,55.025,9.298,1
2025-02-13,R02,35.655,0.3469,12.841,36.114,78.358,7.629,1
2025-02-14,R02,36.541,0.3076,11.625,28.64,78.825,9.169,1
2025-02-15,R02,36.486,0.4198,7.483,28.576,76.375,8.523,1
2025-02-16,R02,36.264,0.2745,6.911,34.082,45.161,11.473,1
2025-02-17,R02,34.203,0.3647,4.336,25.377,66.009,10.083,1
2025-02-18,R02,36.191,0.3786,13.109,29.286,63.054,8.872,1
2025-02-19,R02,38.007,0.2622,2.52,29.99,46.006,10.579,1
2025-02-20,R02,39.227,0.3004,6.559,25.809,42.0,11.503,1
2025-02-21,R02,35.897,0.3981,3.394,23.711,45.695,10.589,1
2025-02-22,R02,38.193,0.3912,10.701,32.591,51.476,9.604,1
2025-02-23,R02,37.954,0.303,11.613,29.237,35.971,11.016,1
2025-02-24,R02,35.859,0.3011,2.072,26.722,49.367,9.468,1
2025-02-25,R02,34.149,0.3333,15.427,37.828,61.188,9.221,1
2025-02-26,R02,37.453,0.4059,9.475,30.873,100,9.439,1
2025-02-27,R02,38.225,0.3196,16.05,33.232,84.658,8.943,1
2025-02-28,R02,34.913,0.4261,13.089,31.053,37.099,9.835,1
2025-03-01,R02,34.927,0.2854,3.826,25.742,33.282,9.375,1
2025-03-02,R02,36.672,0.3995,31.657,37.868,54.385,9.904,1
2025-03-03,R02,37.197,0.2087,7.438,32.933,43.843,10.047,1
2025-03-04,R02,33.925,0.292,40.598,40.771,73.259,9.815,1
2025-03-05,R02,36.123,0.3481,16.74,28.314,61.572,9.123,1
2025-03-06,R02,35.467,0.2707,29.044,39.528,48.396,9.608,1
2025-03-07,R02,40.287,0.4286,28.816,33.655,73.756,9.342,1
2025-03-08,R02,37.895,0.2279,6.97,24.774,64.623,11.088,1
2025-03-09,R02,34.532,0.3807,6.296,33.244,78.646,8.317,1
2025-03-10,R02,35.922,0.4656,4.558,34.567,50.723,10.956,1
2025-03-11,R02,38.526,0.4007,11.409,33.461,52.983,10.312,1
2025-03-12,R02,39.865,0.2552,10.8,30.898,48.824,11.608,1
2025-03-13,R02,37.083,0.3238,11.766,33.462,46.618,12.906,1
2025-03-14,R02,37.855,0.3042,5.245,22.502,58.175,9.817,1
2025-03-15,R02,32.177,0.4663,6.856,34.129,45.937,10.747,1
2025-03-16,R02,38.884,0.3641,7.246,26.883,82.456,7.994,1
2025-03-17,R02,37.428,0.2975,0.54,20.333,57.192,10.63,1
2025-03-18,R02,40.2,0.2908,8.653,25.865,59.372,10.513,1
2025-03-19,R02,38.143,0.4551,9.626,27.992,43.438,10.626,1
2025-03-20,R02,38.609,0.3116,9.767,23.038,59.553,10.432,1
2025-03-21,R02,39.313,0.3497,1.958,23.252,48.307,10.882,1
2025-03-22,R02,35.841,0.348,6.489,24.853,35.89,10.13,1
2025-03-23,R02,36.505,0.4755,14.215,28.732,68.805,10.338,1
2025-03-24,R02,37.181,0.2698,6.806,30.858,28.394,11.237,1
2025-03-25,R02,39.712,0.3025,6.956,27.71,62.522,10.972,1
2025-03-26,R02,36.144,0.383,4.247,29.907,59.706,9.602,1
2025-03-27,R02,39.014,0.1956,1.688,21.894,54.209,10.884,1
2025-03-28,R02,42.159,0.2575,14.397,27.1,78.287,9.924,1
2025-03-29,R02,36.262,0.3815,11.116,31.048,62.499,10.473,1
2025-03-30,R02,35.517,0.3002,43.66,45.266,59.537,10.153,1
2025-03-31,R02,37.327,0.3402,5.095,29.284,51.996,10.627,1
2025-04-01,R02,36.827,0.3302,4.746,27.414,39.82,12.028,1
2025-04-02,R02,36.515,0.4474,7.305,31.259,59.376,8.342,1
2025-04-03,R02,37.542,0.3882,3.006,26.09,52.752,9.973,1
2025-04-04,R02,38.958,0.3374,2.596,23.615,52.872,10.324,1
2025-04-05,R02,34.829,0.2857,7.444,31.698,42.121,9.66,1
2025-04-06,R02,36.908,0.3542,5.912,31.593,44.716,10.639,1
2025-04-07,R02,40.421,0.2293,6.22,23.793,28.197,10.799,1
2025-04-08,R02,39.86,0.3004,2.069,26.657,25.736,12.908,1
2025-04-09,R02,41.814,0.2757,7.206,31.033,39.828,13.405,1
2025-04-10,R02,37.135,0.321,11.271,28.308,53.453,10.184,1
2025-04-11,R02,34.296,0.4082,25.439,32.751,67.25,8.311,1
2025-04-12,R02,34.999,0.2926,3.645,31.964,33.351,10.837,1
2025-04-13,R02,39.491,0.329,0.332,24.359,5,12.466,1
2025-04-14,R02,36.802,0.3136,3.185,26.102,60.561,11.046,1
2025-04-15,R02,37.12,0.2913,4.425,27.874,61.955,11.058,1
2025-04-16,R02,34.22,0.5189,6.253,25.495,53.453,11.128,1
2025-04-17,R02,37.452,0.3582,8.004,25.52,49.846,8.687,1
2025-04-18,R02,37.218,0.3234,2.767,23.307,13.101,12.499,1
2025-04-19,R02,34.852,0.4135,27.858,38.597,82.787,9.056,1
2025-04-20,R02,37.321,0.354,11.401,32.591,35.045,12.183,1
2025-04-21,R02,37.389,0.3839,2.894,28.045,19.985,13.323,1
2025-04-22,R02,36.12,0.4226,3.922,28.023,44.618,11.418,1
2025-04-23,R02,36.242,0.3222,11.666,30.318,42.859,10.683,1
2025-04-24,R02,37.151,0.3238,7.998,26.746,21.645,12.016,1
2025-04-25,R02,36.245,0.3125,5.611,29.267,61.353,10.194,1
2025-04-26,R02,35.717,0.354,10.349,27.981,58.03,9.486,1
2025-04-27,R02,36.675,0.3053,12.919,29.418,61.363,10.56,1
2025-04-28,R02,34.051,0.3351,15.01,39.841,68.576,10.299,1
2025-04-29,R02,34.495,0.3789,1.653,23.353,55.805,8.918,1
2025-04-30,R02,38.42,0.245,13.197,28.828,57.408,11.044,1
2025-05-01,R02,37.578,0.3987,17.005,33.455,47.551,9.438,1
2025-05-02,R02,36.586,0.4471,6.601,23.43,32.59,12.003,1
2025-05-03,R02,36.525,0.4092,9.063,32.691,76.444,8.375,1
2025-05-04,R02,35.811,0.3828,7.406,29.605,39.361,9.908,1
2025-05-05,R02,36.858,0.2735,10.108,32.287,21.133,11.484,1
2025-05-06,R02,38.32,0.2871,5.528,30.853,49.929,11.307,1
2025-05-07,R02,37.397,0.4216,12.411,25.129,43.798,11.146,1
2025-05-08,R02,37.501,0.2961,17.614,31.68,68.218,9.436,1
2025-05-09,R02,37.423,0.3831,8.657,27.949,36.487,12.212,1
2025-05-10,R02,37.991,0.3589,3.652,22.791,52.79,11.735,1
2025-05-11,R02,37.954,0.3007,9.342,28.4,61.046,11.236,1
2025-05-12,R02,35.347,0.3747,9.208,30.752,50.153,10.517,1
2025-05-13,R02,36.081,0.2822,1.921,27.152,20.576,12.34,1
2025-05-14,R02,35.366,0.3253,5.612,26.883,46.027,9.967,1
2025-05-15,R02,38.892,0.3901,4.217,30.462,86.091,8.007,1
2025-05-16,R02,37.252,0.2922,10.045,30.956,46.066,11.878,1
2025-05-17,R02,34.63,0.4048,5.446,31.711,50.271,11.504,1
2025-05-18,R02,35.676,0.3138,10.35,31.836,63.588,10.299,1
2025-05-19,R02,38.234,0.3949,22.912,36.242,56.36,9.764,1
2025-05-20,R02,36.42,0.2857,28.372,34.922,75.215,9.909,1
2025-05-21,R02,35.795,0.378,9.145,34.643,77.326,9.615,1
2025-05-22,R02,36.562,0.3082,12.05,31.772,37.812,10.392,1
2025-05-23,R02,34.944,0.3935,22.626,36.935,50.034,9.955,1
2025-05-24,R02,37.072,0.2537,6.314,26.835,29.751,10.881,1
2025-05-25,R02,35.235,0.3525,9.316,31.398,51.775,8.762,1
2025-05-26,R02,34.716,0.3994,5.329,23.848,25.237,12.053,1
2025-05-27,R02,37.58,0.2564,17.418,30.056,41.239,10.23,1
2025-05-28,R02,36.583,0.4868,4.513,28.968,47.76,10.758,1
2025-05-29,R02,36.567,0.334,11.824,28.032,47.586,10.162,1
2025-05-30,R02,35.193,0.4539,1.493,27.475,5.54,13.265,1
2025-05-31,R02,35.111,0.3121,12.408,29.324,64.432,9.248,1
2025-06-01,R02,35.427,0.3488,5.637,31.904,23.94,9.139,1
2025-06-02,R02,31.675,0.3912,2.538,33.902,38.556,10.187,1
2025-06-03,R02,35.149,0.3235,6.904,29.005,48.104,9.43,1
2025-06-04,R02,37.761,0.2935,19.32,34.063,63.256,10.991,1
2025-06-05,R02,38.853,0.405,2.328,25.664,35.923,12.488,1
2025-06-06,R02,36.267,0.3687,1.136,24.178,42.305,9.666,1
2025-06-07,R02,33.068,0.3584,15.067,28.47,52.884,10.285,1
2025-06-08,R02,34.184,0.3354,13.218,31.187,67.127,11.109,1
2025-06-09,R02,36.275,0.3868,36.64,41.962,63.961,10.595,1
2025-06-10,R02,36.461,0.3411,7.853,25.991,44.371,9.673,1
2025-06-11,R02,35.66,0.3875,6.59,30.305,53.41,11.168,1
2025-06-12,R02,35.733,0.4355,16.86,35.733,44.464,11.29,1
2025-06-13,R02,33.99,0.3623,6.518,28.405,24.511,10.833,1
2025-06-14,R02,31.948,0.35,8.958,33.156,54.029,8.833,1
2025-06-15,R02,34.779,0.2826,4.26,31.787,66.936,8.915,1
2025-06-16,R02,36.638,0.3692,13.704,25.027,42.339,10.474,1
2025-06-17,R02,35.583,0.2852,6.855,29.259,56.275,8.561,1
2025-06-18,R02,35.634,0.342,3.984,31.866,53.27,10.606,1
2025-06-19,R02,34.638,0.2707,0.72,28.624,22.134,11.036,1
2025-06-20,R02,35.418,0.3207,7.975,30.426,33.624,10.817,1
2025-06-21,R02,34.686,0.3461,5.158,26.254,52.079,8.614,1
2025-06-22,R02,35.904,0.2344,7.416,30.059,23.314,11.273,1
2025-06-23,R02,33.361,0.454,2.942,33.069,32.445,10.625,1
2025-06-24,R02,34.916,0.3282,15.376,34.078,69.054,8.535,1
2025-06-25,R02,33.515,0.3516,5.714,30.567,21.727,11.408,1
2025-06-26,R02,37.878,0.3328,4.584,30.183,39.855,10.904,1
2025-06-27,R02,33.6,0.3756,7.878,31.479,43.252,11.613,1
2025-06-28,R02,32.485,0.3819,14.59,35.201,91.33,7.665,1
2025-06-29,R02,33.51,0.4425,8.365,34.381,33.662,10.446,1
2025-06-30,R02,29.895,0.4597,18.007,40.815,52.314,7.697,1
2025-07-01,R02,33.39,0.3392,5.574,31.4,40.648,10.999,1
2025-07-02,R02,30.707,0.4138,7.334,32.543,56.203,7.978,1
2025-07-03,R02,32.222,0.3909,13.012,31.002,65.804,8.743,1
2025-07-04,R02,31.008,0.4017,31.519,40.637,51.762,8.606,1
2025-07-05,R02,34.846,0.2511,5.447,24.012,34.115,12.83,1
2025-07-06,R02,32.451,0.3185,7.318,30.037,61.052,8.163,1
2025-07-07,R02,32.535,0.3887,7.401,35.222,48.46,8.252,1
2025-07-08,R02,33.216,0.4124,14.726,31.813,37.977,10.525,1
2025-07-09,R02,32.171,0.31,5.026,30.009,20.104,10.938,1
2025-07-10,R02,30.387,0.3721,2.934,30.965,46.084,9.027,1
2025-07-11,R02,32.739,0.3444,2.774,24.375,43.622,9.464,1
2025-07-12,R02,31.92,0.416,3.723,30.426,62.184,9.718,1
2025-07-13,R02,30.143,0.483,2.522,28.186,17.907,10.594,1
2025-07-14,R02,30.075,0.3918,2.355,29.326,55.228,8.624,1
2025-07-15,R02,27.219,0.3175,2.216,34.515,40.826,8.12,1
2025-07-16,R02,33.451,0.3258,12.161,32.888,50.212,9.686,1
2025-07-17,R02,34.061,0.4324,2.748,29.318,19.116,10.371,1
2025-07-18,R02,34.437,0.3309,20.267,34.737,75.799,9.038,1
2025-07-19,R02,33.25,0.3532,9.609,38.954,56.889,9.691,1
2025-07-20,R02,33.234,0.4156,8.377,35.185,54.661,9.707,1
2025-07-21,R02,29.92,0.4012,2.545,32.537,21.792,10.396,1
2025-07-22,R02,29.86,0.4351,16.001,32.096,64.337,8.713,1
2025-07-23,R02,33.503,0.4106,8.259,28.633,54.179,9.49,1
2025-07-24,R02,29.597,0.4789,1.985,40.713,40.246,10.14,1
2025-07-25,R02,30.923,0.3098,18.242,30.761,52.232,8.945,1
2025-07-26,R02,30.924,0.3631,6.969,31.787,44.921,8.178,1
2025-07-27,R02,29.074,0.4038,16.366,34.993,84.348,7.288,1
2025-07-28,R02,28.005,0.4558,6.094,34.629,47.168,10.99,1
2025-07-29,R02,29.273,0.4339,13.114,34.272,39.444,9.216,1
2025-07-30,R02,28.85,0.5005,3.373,34.836,26.372,9.918,1
2025-07-31,R02,30.356,0.3813,1.851,33.588,23.864,10.147,1
2025-08-01,R02,28.945,0.4444,13.878,42.809,42.591,8.779,1
2025-08-02,R02,30.82,0.3779,0.923,29.43,51.804,8.705,1
2025-08-03,R02,30.814,0.4573,8.919,35.628,55.929,9.991,1
2025-08-04,R02,33.626,0.3481,1.1,24.288,58.536,9.233,1
2025-08-05,R02,32.01,0.4414,11.079,32.75,59.55,8.665,1
2025-08-06,R02,29.956,0.4252,3.671,34.203,19.002,9.553,1
2025-08-07,R02,32.526,0.4157,11.72,30.175,61.052,10.278,1
2025-08-08,R02,31.163,0.3684,11.464,34.756,42.471,9.696,1
2025-08-09,R02,29.082,0.3693,5.956,32.982,83.737,7.806,1
2025-08-10,R02,35.003,0.3668,2.785,31.105,42.772,8.785,1
2025-08-11,R02,27.894,0.3377,1.419,32.626,35.443,8.597,1
2025-08-12,R02,29.421,0.332,10.155,35.1,25.349,10.37,1
2025-08-13,R02,28.647,0.4204,29.024,37.572,63.577,8.638,1
2025-08-14,R02,30.228,0.4152,2.232,33.778,57.526,7.378,1
2025-08-15,R02,28.826,0.2642,7.581,33.067,32.326,7.912,1
2025-08-16,R02,29.454,0.3675,6.756,30.157,46.087,8.757,1
2025-08-17,R02,29.294,0.4542,4.953,30.888,55.055,7.821,1
2025-08-18,R02,28.77,0.4868,8.276,34.073,35.239,7.969,1
2025-08-19,R02,25.948,0.428,21.493,43.542,66.464,6.305,1
2025-08-20,R02,29.975,0.3576,8.725,25.694,61.733,8.089,1
2025-08-21,R02,32.403,0.3475,15.02,29.426,47.892,10.379,1
2025-08-22,R02,32.275,0.3992,2.989,23.3,31.22,10.921,1
2025-08-23,R02,32.469,0.3261,3.074,31.032,40.325,10.279,1
2025-08-24,R02,32.176,0.4154,19.8,36.337,78.568,8.933,1
2025-08-25,R02,32.788,0.3662,7.244,34.653,27.925,10.815,1
2025-08-26,R02,28.11,0.4441,22.236,43.151,77.03,8.042,1
2025-08-27,R02,28.258,0.4189,6.062,35.908,68.674,6.141,1
2025-08-28,R02,29.05,0.4118,2.056,34.946,38.431,8.996,1
2025-08-29,R02,28.137,0.4486,14.846,35.357,75.158,7.629,1
2025-08-30,R02,31.652,0.3371,7.515,28.561,72.633,9.719,1
2025-08-31,R02,31.476,0.3913,1.766,33.311,41.622,10.254,1
2025-09-01,R02,30.383,0.5407,2.851,36.271,59.293,8.45,1
2025-09-02,R02,28.76,0.4069,6.846,32.252,38.776,8.128,1
2025-09-03,R02,27.399,0.4419,3.667,35.883,55.796,8.79,1
2025-09-04,R02,29.925,0.4019,4.675,35.22,47.605,8.856,1
2025-09-05,R02,28.422,0.5054,2.64,38.015,25.556,9.048,1
2025-09-06,R02,31.253,0.326,6.275,31.283,26.916,10.613,1
2025-09-07,R02,27.944,0.4376,11.67,33.314,77.679,7.583,1
2025-09-08,R02,29.018,0.3129,7.062,33.928,71.737,6.761,1
2025-09-09,R02,28.18,0.3534,5.868,34.951,66.936,7.815,1
2025-09-10,R02,25.748,0.3907,3.93,30.627,59.356,8.81,1
2025-09-11,R02,30.457,0.4009,9.428,35.346,42.606,8.266,1
2025-09-12,R02,28.828,0.4788,12.236,42.72,84.395,7.74,1
2025-09-13,R02,28.297,0.4102,5.388,40.351,50.732,9.477,1
2025-09-14,R02,28.352,0.413,4.193,33.698,69.717,6.932,1
2025-09-15,R02,28.825,0.3299,21.619,35.193,55.076,9.627,1
2025-09-16,R02,27.992,0.3737,2.165,33.365,67.471,6.748,1
2025-09-17,R02,28.376,0.4325,15.673,32.727,62.636,8.303,1
2025-09-18,R02,26.392,0.3427,14.396,35.296,78.358,8.04,1
2025-09-19,R02,25.395,0.4922,9.462,29.849,51.757,8.441,1
2025-09-20,R02,26.521,0.3167,20.509,39.021,40.305,8.408,1
2025-09-21,R02,28.569,0.4482,13.97,35.156,54.581,9.504,1
2025-09-22,R02,26.114,0.4228,13.663,34.579,45.001,7.986,1
2025-09-23,R02,27.632,0.5178,4.306,38.606,58.818,8.665,1
2025-09-24,R02,33.486,0.4045,2.45,29.717,47.993,8.895,1
2025-09-25,R02,27.988,0.4451,11.686,33.182,75.563,6.961,1
2025-09-26,R02,27.285,0.4165,0.221,32.388,9.732,9.964,1
2025-09-27,R02,28.299,0.5056,11.749,36.191,78.56,6.831,1
2025-09-28,R02,27.012,0.4312,20.041,35.561,69.152,6.227,1
2025-09-29,R02,26.113,0.436,3.286,27.478,78.343,6.159,1
2025-09-30,R02,27.162,0.4158,17.25,37.873,70.911,6.767,1
2025-10-01,R02,28.276,0.3974,32.351,42.455,78.381,6.5,0
2025-10-02,R02,26.271,0.4601,7.204,37.68,72.688,8.19,1
2025-10-03,R02,30.108,0.5489,10.639,27.104,57.671,9.028,1
2025-10-04,R02,29.563,0.3582,11.038,36.148,61.289,8.522,1
2025-10-05,R02,28.899,0.486,31.57,39.135,70.762,8.587,1
2025-10-06,R02,25.074,0.3931,15.371,40.703,60.155,5.405,1
2025-10-07,R02,25.744,0.3623,20.77,39.782,56.649,8.839,1
2025-10-08,R02,24.943,0.5947,7.102,41.254,49.904,7.9,1
2025-10-09,R02,29.894,0.4342,9.268,32.822,72.527,8.243,1
2025-10-10,R02,27.951,0.4436,16.632,42.129,59.916,7.255,1
2025-10-11,R02,26.558,0.3887,4.275,32.546,79.001,7.8,1
2025-10-12,R02,31.409,0.382,2.401,33.005,37.87,11.134,1
2025-10-13,R02,28.344,0.4559,2.126,33.883,27.037,10.856,1
2025-10-14,R02,28.483,0.4407,8.332,35.625,54.594,7.222,1
2025-10-15,R02,29.042,0.4265,11.866,29.066,65.328,7.639,1
2025-10-16,R02,29.296,0.4199,14.422,28.586,78.669,7.008,1
2025-10-17,R02,26.909,0.4291,4.688,31.964,48.833,7.369,1
2025-10-18,R02,30.059,0.2896,10.686,33.936,41.878,11.042,1
2025-10-19,R02,28.822,0.42,10.469,33.427,60.564,7.942,1
2025-10-20,R02,25.971,0.5077,6.818,37.998,25.965,8.518,1
2025-10-21,R02,27.569,0.4463,2.522,27.4,52.78,8.184,1
2025-10-22,R02,26.838,0.3736,25.249,40.168,80.79,6.637,1
2025-10-23,R02,26.098,0.5203,6.26,34.621,41.865,7.493,1
2025-10-24,R02,28.549,0.4437,9.022,37.798,71.843,7.727,1
2025-10-25,R02,31.566,0.2596,12.819,33.768,54.312,8.157,1
2025-10-26,R02,27.238,0.3805,0.8,33.487,56.656,7.879,1
2025-10-27,R02,27.295,0.4689,1.0,36.362,39.699,10.039,1
2025-10-28,R02,31.206,0.3331,11.306,34.29,45.811,9.418,1
2025-10-29,R02,27.688,0.3891,3.503,34.436,47.368,8.915,1
2025-10-30,R02,25.637,0.496,2.835,34.493,62.949,8.452,1
2025-10-31,R02,26.039,0.4502,5.581,33.38,45.292,8.395,1
2025-11-01,R02,28.252,0.4371,11.449,38.196,46.88,9.177,1
2025-11-02,R02,28.056,0.3429,9.436,36.77,38.856,9.183,1
2025-11-03,R02,28.36,0.4047,7.214,35.369,55.842,8.069,1
2025-11-04,R02,27.888,0.4539,20.986,36.577,55.326,8.593,1
2025-11-05,R02,28.375,0.3579,6.148,31.544,76.016,6.321,1
2025-11-06,R02,28.626,0.4594,1.86,35.775,50.214,9.345,1
2025-11-07,R02,26.678,0.4575,6.886,33.448,35.819,10.612,1
2025-11-08,R02,31.101,0.3831,6.808,33.972,62.731,8.815,1
2025-11-09,R02,29.306,0.4375,6.84,35.753,89.683,7.916,1
2025-11-10,R02,29.172,0.361,4.314,32.532,83.706,7.373,1
2025-11-11,R02,30.085,0.3515,13.68,38.587,53.485,8.552,1
2025-11-12,R02,31.04,0.3989,13.167,35.18,50.881,10.166,1
2025-11-13,R02,30.838,0.3053,10.297,32.585,63.105,9.522,1
2025-11-14,R02,31.047,0.4368,0.193,30.457,42.904,9.619,1
2025-11-15,R02,28.806,0.4133,1.235,32.744,80.959,8.068,1
2025-11-16,R02,29.311,0.3137,16.186,30.532,80.064,8.772,1
2025-11-17,R02,35.172,0.4144,10.111,32.899,45.2,9.795,1
2025-11-18,R02,31.472,0.3911,6.794,32.975,53.17,8.645,1
2025-11-19,R02,31.988,0.3504,5.601,31.957,31.324,11.107,1
2025-11-20,R02,31.01,0.423,5.037,31.0,69.03,8.875,1
2025-11-21,R02,28.71,0.3718,1.448,32.529,8.707,11.697,1
2025-11-22,R02,28.8,0.3697,1.332,31.458,6.92,11.33,1
2025-11-23,R02,30.827,0.4249,1.438,33.344,46.526,9.336,1
2025-11-24,R02,28.154,0.3842,2.807,29.813,47.73,7.701,1
2025-11-25,R02,29.896,0.4242,28.012,41.325,72.857,8.163,1
2025-11-26,R02,29.917,0.4319,3.524,27.325,37.346,9.284,1
2025-11-27,R02,31.021,0.4563,10.105,32.022,40.069,11.289,1
2025-11-28,R02,27.296,0.5416,2.125,35.185,35.722,9.876,1
2025-11-29,R02,28.257,0.4643,18.201,38.631,73.225,8.439,1
2025-11-30,R02,34.301,0.2956,5.689,33.121,20.61,10.461,1
2025-12-01,R02,29.29,0.3467,25.737,32.804,74.521,7.808,1
2025-12-02,R02,29.941,0.4466,9.017,32.422,72.393,9.167,1
2025-12-03,R02,30.418,0.3969,4.178,26.021,24.617,10.589,1
2025-12-04,R02,28.151,0.377,15.324,36.396,47.319,7.145,1
2025-12-05,R02,31.945,0.4248,4.99,30.059,21.887,11.282,1
2025-12-06,R02,27.53,0.4188,8.821,34.117,48.812,8.55,1
2025-12-07,R02,28.492,0.4219,9.65,30.916,67.81,7.45,1
2025-12-08,R02,31.579,0.3799,15.05,28.291,51.429,9.039,1
2025-12-09,R02,30.827,0.4031,1.846,30.563,62.771,8.558,1
2025-12-10,R02,32.222,0.3435,21.173,30.792,50.462,8.62,1
2025-12-11,R02,29.042,0.4623,5.694,33.452,28.902,10.868,1
2025-12-12,R02,32.595,0.2823,8.122,28.938,79.293,7.709,1
2025-12-13,R02,32.597,0.3868,17.014,35.564,64.889,8.568,1
2025-12-14,R02,34.922,0.3752,10.312,28.467,58.213,9.937,1
2025-12-15,R02,32.178,0.3974,12.149,38.249,52.992,9.452,1
2025-12-16,R02,32.81,0.4108,2.812,29.659,30.894,12.097,1
2025-12-17,R02,30.863,0.3975,12.518,29.38,80.178,8.353,1
2025-12-18,R02,34.643,0.3363,1.438,26.525,38.325,10.529,1
2025-12-19,R02,27.629,0.4518,13.319,38.944,52.688,8.781,1
2025-12-20,R02,31.577,0.3355,9.6,36.611,44.244,8.783,1
2025-12-21,R02,30.213,0.2349,12.688,35.621,58.137,9.206,1
2025-12-22,R02,30.984,0.3981,9.583,26.305,64.912,9.222,1
2025-12-23,R02,31.299,0.3452,25.004,34.2,77.644,7.709,1
2025-12-24,R02,31.771,0.2957,7.213,30.369,56.264,8.518,1
2025-12-25,R02,34.212,0.2758,1.922,34.387,33.674,11.091,1
2025-12-26,R02,29.937,0.4146,2.275,33.121,26.184,10.773,1
2025-12-27,R02,33.75,0.3121,6.032,31.742,57.787,8.588,1
2025-12-28,R02,32.675,0.3277,5.957,30.514,37.184,11.073,1
2025-12-29,R02,34.342,0.3508,13.183,36.364,57.641,9.825,1
2025-12-30,R02,36.467,0.3631,15.679,30.248,36.965,10.616,1
2025-12-31,R02,32.423,0.2401,3.874,28.903,30.646,10.013,1
2025-01-01,R03,22.344,0.4666,0.245,32.779,27.369,8.663,1
2025-01-02,R03,19.75,0.3709,10.101,38.494,63.504,4.469,1
2025-01-03,R03,20.473,0.3803,16.656,42.848,84.67,3.851,0
2025-01-04,R03,20.664,0.409,7.143,37.714,52.512,6.833,1
2025-01-05,R03,19.932,0.424,13.565,39.811,58.892,5.926,1
2025-01-06,R03,19.132,0.5206,22.359,42.365,61.558,6.289,1
2025-01-07,R03,24.678,0.4048,6.843,32.805,43.135,8.376,1
2025-01-08,R03,21.66,0.3087,3.628,38.526,42.211,5.737,1
2025-01-09,R03,23.006,0.4109,6.134,36.707,65.514,7.248,1
2025-01-10,R03,21.733,0.392,3.933,37.732,66.182,7.131,1
2025-01-11,R03,22.536,0.2553,10.516,36.075,48.947,6.684,1
2025-01-12,R03,19.992,0.4877,12.634,35.719,38.568,7.943,1
2025-01-13,R03,24.033,0.3546,0.295,36.36,32.022,8.266,1
2025-01-14,R03,23.58,0.3783,15.686,40.115,46.523,8.876,1
2025-01-15,R03,23.45,0.2377,39.362,47.717,76.715,7.508,1
2025-01-16,R03,22.498,0.3191,13.829,36.329,67.158,7.714,1
2025-01-17,R03,22.282,0.3764,5.844,37.352,57.18,7.921,1
2025-01-18,R03,24.723,0.3423,12.7,35.559,44.193,8.13,1
2025-01-19,R03,21.017,0.346,3.092,33.806,40.94,7.061,1
2025-01-20,R03,22.844,0.3332,20.67,42.278,83.495,5.507,1
2025-01-21,R03,24.08,0.3315,17.491,38.14,66.432,7.051,1
2025-01-22,R03,21.793,0.3888,19.564,36.036,66.454,8.86,1
2025-01-23,R03,26.485,0.2339,10.963,36.108,49.154,9.239,1
2025-01-24,R03,21.251,0.3539,5.456,40.6,49.796,8.903,1
2025-01-25,R03,21.014,0.3054,22.695,40.659,62.92,7.169,1
2025-01-26,R03,22.956,0.3241,0.391,31.404,23.631,8.247,1
2025-01-27,R03,25.101,0.3866,4.002,30.937,40.391,7.761,1
2025-01-28,R03,22.908,0.4607,9.823,41.075,45.484,7.809,1
2025-01-29,R03,21.351,0.3625,7.38,38.487,59.369,6.699,1
2025-01-30,R03,27.079,0.3651,3.298,34.204,53.58,8.44,1
2025-01-31,R03,22.839,0.4502,3.825,35.815,58.162,7.336,1
2025-02-01,R03,22.788,0.2722,17.887,41.072,40.085,7.31,1
2025-02-02,R03,21.511,0.389,13.239,33.548,57.143,6.637,1
2025-02-03,R03,26.491,0.2949,5.71,28.487,27.041,9.102,1
2025-02-04,R03,22.62,0.4244,5.218,36.927,27.172,8.428,1
2025-02-05,R03,24.592,0.3587,8.305,33.468,47.285,7.146,1
2025-02-06,R03,24.268,0.4126,3.808,30.527,70.121,8.652,1
2025-02-07,R03,23.992,0.3051,1.24,32.975,20.265,9.596,1
2025-02-08,R03,23.981,0.3553,13.791,41.767,70.563,7.254,1
2025-02-09,R03,26.218,0.2477,4.109,30.896,32.115,7.651,1
2025-02-10,R03,25.383,0.2988,4.827,35.498,23.249,9.366,1
2025-02-11,R03,24.453,0.3757,8.729,33.258,40.805,9.001,1
2025-02-12,R03,26.79,0.363,8.755,35.918,21.972,10.008,1
2025-02-13,R03,23.352,0.3249,7.874,32.948,50.23,7.516,1
2025-02-14,R03,24.518,0.3108,16.142,36.921,44.166,8.792,1
2025-02-15,R03,26.949,0.3986,12.816,35.188,60.307,7.812,1
2025-02-16,R03,26.822,0.3285,0.211,30.23,15.431,9.934,1
2025-02-17,R03,25.572,0.3008,4.089,35.102,65.686,7.089,1
2025-02-18,R03,24.023,0.3144,9.166,35.652,62.353,5.986,1
2025-02-19,R03,26.517,0.2809,5.627,37.836,37.273,8.178,1
2025-02-20,R03,26.473,0.3119,8.473,37.423,66.262,8.282,1
2025-02-21,R03,23.55,0.3132,2.302,38.786,48.304,7.916,1
2025-02-22,R03,22.38,0.2762,6.79,34.652,40.15,7.315,1
2025-02-23,R03,26.057,0.3604,5.302,29.654,84.361,6.503,1
2025-02-24,R03,26.333,0.3246,7.8,33.452,39.842,9.703,1
2025-02-25,R03,23.686,0.4879,2.389,34.317,12.482,9.868,1
2025-02-26,R03,23.683,0.3325,16.311,39.934,52.808,7.571,1
2025-02-27,R03,27.596,0.2192,8.452,25.162,34.515,8.426,1
2025-02-28,R03,26.389,0.3006,0.341,34.413,42.18,8.179,1
2025-03-01,R03,24.633,0.4146,4.671,35.421,40.368,8.542,1
2025-03-02,R03,22.237,0.3149,1.13,35.37,19.694,9.516,1
2025-03-03,R03,25.933,0.2084,7.436,32.941,40.455,6.828,1
2025-03-04,R03,25.384,0.1657,5.446,30.611,64.72,6.742,1
2025-03-05,R03,25.804,0.2899,10.092,32.288,78.509,6.535,1
2025-03-06,R03,29.188,0.3588,4.815,32.743,59.387,8.639,1
2025-03-07,R03,26.971,0.3016,4.914,36.589,65.462,7.857,1
2025-03-08,R03,24.338,0.2093,16.043,39.906,54.698,8.087,1
2025-03-09,R03,26.604,0.2154,0.343,34.768,6.526,10.15,1
2025-03-10,R03,25.219,0.3267,11.087,31.122,71.737,6.07,1
2025-03-11,R03,25.985,0.4222,2.887,32.858,95.145,5.492,1
2025-03-12,R03,25.347,0.3736,6.752,30.944,50.22,7.699,1
2025-03-13,R03,25.754,0.2756,2.909,30.339,33.705,9.353,1
2025-03-14,R03,22.786,0.4536,18.721,35.27,57.284,7.017,1
2025-03-15,R03,27.484,0.2414,2.901,35.645,47.934,9.098,1
2025-03-16,R03,24.012,0.3614,1.041,32.758,69.723,7.091,1
2025-03-17,R03,22.949,0.4943,5.022,38.182,24.881,8.615,1
2025-03-18,R03,25.488,0.2645,3.94,35.638,77.497,6.016,1
2025-03-19,R03,27.418,0.3396,2.534,34.109,29.008,9.619,1
2025-03-20,R03,24.753,0.2713,4.404,28.618,71.71,7.617,1
2025-03-21,R03,25.328,0.2979,19.893,37.248,69.817,8.976,1
2025-03-22,R03,22.129,0.3265,3.521,33.902,27.962,9.263,1
2025-03-23,R03,24.273,0.3273,4.939,29.489,42.319,7.649,1
2025-03-24,R03,27.606,0.33,2.39,28.633,60.823,8.593,1
2025-03-25,R03,24.804,0.3102,9.017,34.521,58.684,7.945,1
2025-03-26,R03,23.713,0.3149,7.051,37.343,71.726,7.118,1
2025-03-27,R03,29.04,0.2121,3.225,30.354,51.001,7.844,1
2025-03-28,R03,27.57,0.3056,6.681,25.157,60.052,8.366,1
2025-03-29,R03,26.271,0.3912,1.796,28.301,42.697,8.916,1
2025-03-30,R03,26.474,0.2901,2.347,39.839,18.012,9.388,1
2025-03-31,R03,23.765,0.2643,15.232,32.144,45.375,7.996,1
2025-04-01,R03,21.21,0.3904,11.861,42.619,60.945,6.054,1
2025-04-02,R03,26.135,0.4316,16.594,37.018,53.679,8.745,1
2025-04-03,R03,26.441,0.3598,10.91,38.427,38.026,9.322,1
2025-04-04,R03,25.665,0.3935,1.919,31.267,33.397,11.324,1
2025-04-05,R03,27.895,0.364,31.454,44.042,71.431,7.637,1
2025-04-06,R03,24.285,0.327,9.912,32.495,40.305,8.272,1
2025-04-07,R03,26.766,0.3761,7.327,31.357,77.236,5.999,1
2025-04-08,R03,24.698,0.3561,14.669,40.541,59.48,8.121,1
2025-04-09,R03,25.972,0.2599,0.461,33.982,22.564,9.0,1
2025-04-10,R03,28.52,0.2757,22.539,33.521,70.954,7.611,1
2025-04-11,R03,24.108,0.3464,10.058,36.631,43.629,7.559,1
2025-04-12,R03,22.233,0.3874,20.736,40.302,80.574,4.988,1
2025-04-13,R03,22.726,0.4448,4.789,34.144,45.004,8.14,1
2025-04-14,R03,23.776,0.4181,11.139,41.501,79.294,5.585,1
2025-04-15,R03,26.045,0.4516,10.243,39.714,81.773,7.432,1
2025-04-16,R03,23.946,0.3493,6.838,37.608,62.751,6.431,1
2025-04-17,R03,27.015,0.3431,41.612,43.377,66.57,7.226,1
2025-04-18,R03,28.993,0.2023,16.999,42.117,52.836,7.607,1
2025-04-19,R03,24.761,0.3485,29.547,48.897,67.718,7.019,1
2025-04-20,R03,24.819,0.2629,11.484,31.477,59.952,6.498,1
2025-04-21,R03,25.505,0.2827,13.664,39.488,71.963,5.241,1
2025-04-22,R03,25.936,0.4101,1.305,33.825,10.703,11.229,1
2025-04-23,R03,27.675,0.3266,6.133,32.79,66.937,8.617,1
2025-04-24,R03,25.9,0.3408,7.431,36.484,46.75,8.085,1
2025-04-25,R03,25.689,0.2529,9.017,34.493,36.559,9.911,1
2025-04-26,R03,24.664,0.2882,4.454,36.825,53.542,8.282,1
2025-04-27,R03,25.441,0.2836,14.839,34.918,41.482,8.635,1
2025-04-28,R03,26.751,0.468,3.077,33.649,27.693,10.089,1
2025-04-29,R03,23.501,0.3289,22.272,37.89,66.676,8.213,1
2025-04-30,R03,27.392,0.2528,8.547,32.504,62.691,7.772,1
2025-05-01,R03,23.129,0.4232,28.379,38.011,90.454,4.801,1
2025-05-02,R03,25.384,0.34,10.477,41.593,49.708,8.859,1
2025-05-03,R03,25.62,0.2219,12.301,36.387,47.99,7.804,1
2025-05-04,R03,26.709,0.3921,0.687,34.409,54.959,9.124,1
2025-05-05,R03,26.805,0.3538,1.431,30.901,21.723,8.426,1
2025-05-06,R03,24.472,0.4086,13.313,33.027,43.584,8.286,1
2025-05-07,R03,24.412,0.381,2.099,35.531,40.485,7.826,1
2025-05-08,R03,25.204,0.3016,2.827,35.185,26.855,8.122,1
2025-05-09,R03,25.343,0.4216,4.454,33.07,40.004,8.544,1
2025-05-10,R03,25.608,0.3982,5.323,32.346,45.836,7.74,1
2025-05-11,R03,22.584,0.4529,5.227,33.974,43.31,7.444,1
2025-05-12,R03,24.423,0.4774,7.367,33.992,63.858,7.98,1
2025-05-13,R03,26.215,0.3355,15.498,36.962,69.537,8.043,1
2025-05-14,R03,25.125,0.3022,1.515,37.642,12.769,9.389,1
2025-05-15,R03,25.753,0.3859,2.96,38.236,47.928,8.815,1
2025-05-16,R03,23.276,0.3174,0.749,34.185,31.288,8.602,1
2025-05-17,R03,27.091,0.326,3.219,29.94,42.433,9.282,1
2025-05-18,R03,24.353,0.3599,33.046,48.857,68.438,7.347,0
2025-05-19,R03,23.102,0.3733,8.073,32.545,49.389,5.843,1
2025-05-20,R03,24.663,0.2774,2.774,31.272,64.106,7.361,1
2025-05-21,R03,23.248,0.3666,1.892,33.55,42.81,9.167,1
2025-05-22,R03,23.466,0.3435,0.535,34.236,38.068,7.765,1
2025-05-23,R03,25.162,0.3852,1.472,33.69,53.323,6.781,1
2025-05-24,R03,23.816,0.3875,2.507,33.53,28.985,8.301,1
2025-05-25,R03,22.018,0.355,3.965,32.837,26.684,7.708,1
2025-05-26,R03,25.384,0.3821,0.942,32.375,48.253,8.952,1
2025-05-27,R03,23.123,0.322,5.991,31.497,36.17,9.333,1
2025-05-28,R03,23.137,0.4323,9.275,34.982,54.188,8.537,1
2025-05-29,R03,21.576,0.486,13.282,40.72,53.468,7.782,1
2025-05-30,R03,24.012,0.3175,8.262,38.429,50.154,7.705,1
2025-05-31,R03,23.33,0.3974,5.308,32.455,70.571,6.059,1
2025-06-01,R03,21.906,0.3037,3.704,39.222,54.379,6.935,1
2025-06-02,R03,24.16,0.3144,10.545,35.414,48.55,8.938,1
2025-06-03,R03,22.8,0.4014,6.689,38.47,55.444,7.517,1
2025-06-04,R03,25.384,0.3333,4.818,31.089,42.072,9.503,1
2025-06-05,R03,26.883,0.2208,6.282,33.412,45.52,9.374,1
2025-06-06,R03,24.822,0.36,2.211,31.957,19.078,10.635,1
2025-06-07,R03,20.754,0.4784,18.419,40.918,59.321,7.477,1
2025-06-08,R03,22.57,0.3241,12.613,36.453,59.371,6.354,1
2025-06-09,R03,25.163,0.4916,11.168,33.653,46.205,7.418,1
2025-06-10,R03,21.859,0.3812,6.518,33.663,29.458,8.584,1
2025-06-11,R03,24.001,0.3893,14.697,41.204,77.066,7.088,1
2025-06-12,R03,24.124,0.3751,0.989,32.719,29.826,8.714,1
2025-06-13,R03,19.164,0.4302,16.206,34.515,79.332,4.88,1
2025-06-14,R03,22.172,0.3844,4.756,32.016,67.263,6.238,1
2025-06-15,R03,25.781,0.3564,9.524,37.764,47.053,8.363,1
2025-06-16,R03,22.396,0.3613,2.253,36.307,27.611,9.077,1
2025-06-17,R03,22.637,0.4391,1.097,35.845,12.853,9.577,1
2025-06-18,R03,19.816,0.348,9.301,38.341,51.918,7.181,1
2025-06-19,R03,23.415,0.3654,5.63,35.202,27.114,9.331,1
2025-06-20,R03,21.442,0.3033,18.29,41.342,66.115,6.711,1
2025-06-21,R03,22.011,0.3497,33.959,42.461,54.815,7.545,1
2025-06-22,R03,22.585,0.3708,9.921,39.307,35.892,7.556,1
2025-06-23,R03,21.029,0.4142,21.712,42.995,71.587,6.06,1
2025-06-24,R03,21.216,0.3707,5.207,38.515,25.75,8.359,1
2025-06-25,R03,20.923,0.4794,15.092,41.431,65.306,6.421,1
2025-06-26,R03,23.857,0.3149,8.588,31.533,42.044,7.135,1
2025-06-27,R03,22.316,0.313,0.802,33.242,43.907,7.826,1
2025-06-28,R03,20.063,0.4002,4.804,38.176,51.52,5.562,1
2025-06-29,R03,19.487,0.398,8.261,38.924,39.02,6.141,1
2025-06-30,R03,21.793,0.413,17.299,41.986,93.665,3.649,0
2025-07-01,R03,19.938,0.3467,7.169,34.582,40.709,7.97,1
2025-07-02,R03,22.283,0.3379,17.519,36.142,60.298,7.378,1
2025-07-03,R03,20.179,0.345,5.827,37.827,42.014,6.742,1
2025-07-04,R03,20.657,0.2893,4.792,32.791,62.23,8.238,1
2025-07-05,R03,21.099,0.2633,11.984,35.571,55.02,7.016,1
2025-07-06,R03,19.742,0.4891,3.677,35.013,59.679,6.408,1
2025-07-07,R03,18.265,0.5061,5.985,40.896,56.771,6.807,1
2025-07-08,R03,24.125,0.3727,4.172,32.707,61.046,7.962,1
2025-07-09,R03,18.05,0.4486,1.84,37.181,44.834,6.827,1
2025-07-10,R03,21.296,0.276,2.683,33.773,45.368,6.921,1
2025-07-11,R03,17.996,0.4465,4.622,33.669,17.082,8.846,1
2025-07-12,R03,20.947,0.2699,5.006,35.934,35.484,8.221,1
2025-07-13,R03,20.945,0.4141,2.43,37.177,45.126,6.529,1
2025-07-14,R03,20.939,0.4159,7.238,33.597,46.685,7.057,1
2025-07-15,R03,20.578,0.3352,14.29,40.46,27.56,7.209,1
2025-07-16,R03,19.594,0.3821,21.092,48.377,45.359,4.533,0
2025-07-17,R03,22.057,0.3429,18.909,36.971,100,5.084,1
2025-07-18,R03,22.068,0.308,1.055,34.772,54.423,5.815,1
2025-07-19,R03,20.748,0.2698,4.926,31.551,39.131,6.299,1
2025-07-20,R03,20.682,0.4229,1.811,35.318,19.622,8.813,1
2025-07-21,R03,22.11,0.3272,9.365,40.709,75.786,7.001,1
2025-07-22,R03,22.33,0.3442,27.905,42.093,86.063,5.247,1
2025-07-23,R03,19.115,0.3852,9.922,37.268,63.833,6.148,1
2025-07-24,R03,19.947,0.3564,13.932,39.399,53.822,6.152,1
2025-07-25,R03,19.924,0.3255,12.374,36.186,58.048,6.532,1
2025-07-26,R03,17.122,0.4634,28.69,49.57,53.59,6.189,0
2025-07-27,R03,18.344,0.3796,7.123,45.665,68.024,5.903,1
2025-07-28,R03,16.847,0.4753,16.901,45.324,81.815,4.427,0
2025-07-29,R03,18.3,0.5214,3.461,33.51,27.067,8.299,1
2025-07-30,R03,18.992,0.409,6.758,34.81,57.948,6.333,1
2025-07-31,R03,19.625,0.4667,15.69,40.907,55.561,7.223,1
2025-08-01,R03,17.951,0.4513,2.379,33.127,44.862,6.959,1
2025-08-02,R03,18.898,0.4189,6.122,36.654,66.288,5.502,1
2025-08-03,R03,19.799,0.3598,3.148,37.619,37.445,7.437,1
2025-08-04,R03,20.752,0.4023,7.789,44.212,67.566,6.664,1
2025-08-05,R03,20.605,0.3873,7.375,39.04,30.792,6.892,1
2025-08-06,R03,20.224,0.3984,8.496,37.807,55.502,5.922,1
2025-08-07,R03,19.078,0.3925,14.058,39.658,36.243,7.797,1
2025-08-08,R03,18.845,0.3885,4.041,40.476,44.759,7.514,1
2025-08-09,R03,19.869,0.3399,4.435,34.525,22.664,8.541,1
2025-08-10,R03,18.501,0.3682,2.864,30.109,20.173,7.517,1
2025-08-11,R03,16.203,0.5259,21.631,46.246,66.331,6.21,0
2025-08-12,R03,17.797,0.4175,3.04,41.836,49.475,6.495,1
2025-08-13,R03,17.672,0.4846,9.351,37.805,61.674,6.084,1
2025-08-14,R03,17.868,0.4279,9.375,40.372,42.95,8.226,1
2025-08-15,R03,20.317,0.4294,11.178,33.901,74.03,5.011,1
2025-08-16,R03,17.908,0.506,7.102,37.937,76.428,4.076,1
2025-08-17,R03,18.581,0.4521,5.279,34.053,31.525,6.242,1
2025-08-18,R03,22.441,0.2621,2.198,33.606,48.864,6.824,1
2025-08-19,R03,19.284,0.378,16.251,35.52,58.879,5.778,1
2025-08-20,R03,15.513,0.4594,24.652,46.996,65.617,4.065,0
2025-08-21,R03,18.584,0.4229,9.65,37.578,38.094,7.598,1
2025-08-22,R03,16.355,0.4385,1.675,38.398,37.872,7.386,1
2025-08-23,R03,18.064,0.4913,8.346,40.22,85.849,5.632,1
2025-08-24,R03,14.809,0.4224,12.532,38.252,49.9,5.201,1
2025-08-25,R03,17.334,0.394,0.286,38.718,75.21,4.339,0
2025-08-26,R03,17.981,0.4118,5.66,35.095,59.519,5.439,1
2025-08-27,R03,17.708,0.4453,9.737,32.155,62.096,5.455,1
2025-08-28,R03,16.663,0.3866,11.285,41.713,34.736,6.617,1
2025-08-29,R03,16.702,0.4551,2.91,39.677,43.435,6.604,1
2025-08-30,R03,14.783,0.4121,7.66,37.441,55.099,5.937,1
2025-08-31,R03,15.037,0.309,1.767,41.783,48.683,6.657,1
2025-09-01,R03,15.166,0.5198,8.589,41.179,32.162,6.223,1
2025-09-02,R03,15.236,0.4352,3.539,39.653,35.425,5.848,1
2025-09-03,R03,17.588,0.5248,14.057,39.464,48.805,8.637,1
2025-09-04,R03,15.641,0.4737,5.394,35.759,32.956,7.104,1
2025-09-05,R03,16.648,0.2782,7.553,40.99,52.793,4.673,1
2025-09-06,R03,17.343,0.375,19.029,40.711,42.088,6.152,0
2025-09-07,R03,18.503,0.2739,39.332,47.831,83.794,4.345,0
2025-09-08,R03,17.796,0.3648,8.939,41.133,53.547,6.786,1
2025-09-09,R03,15.531,0.4599,16.672,43.578,78.574,3.975,0
2025-09-10,R03,17.288,0.3996,2.625,36.687,56.322,4.49,1
2025-09-11,R03,16.643,0.4633,8.82,42.843,24.527,7.9,1
2025-09-12,R03,16.05,0.3795,1.96,32.679,29.332,7.22,1
2025-09-13,R03,17.585,0.313,9.759,37.056,32.913,6.759,1
2025-09-14,R03,14.824,0.3554,15.612,36.477,37.873,5.773,1
2025-09-15,R03,16.834,0.4425,2.595,36.363,57.375,6.934,1
2025-09-16,R03,17.528,0.4032,9.287,37.135,56.593,6.816,1
2025-09-17,R03,19.114,0.3254,3.792,36.17,73.798,4.26,0
2025-09-18,R03,19.364,0.2951,6.864,42.041,42.895,7.707,1
2025-09-19,R03,17.727,0.4785,1.935,37.924,27.344,8.465,1
2025-09-20,R03,16.244,0.3404,8.908,35.164,76.487,5.746,1
2025-09-21,R03,16.089,0.5463,14.911,45.982,63.112,7.477,1
2025-09-22,R03,18.096,0.3542,9.007,42.237,53.576,5.479,1
2025-09-23,R03,16.682,0.4542,0.969,40.933,45.691,6.524,1
2025-09-24,R03,17.054,0.4215,21.815,40.672,64.69,4.902,0
2025-09-25,R03,16.349,0.4444,10.012,39.649,63.49,4.773,0
2025-09-26,R03,17.551,0.3827,3.229,39.6,70.339,5.133,1
2025-09-27,R03,15.615,0.4365,13.204,41.555,59.244,5.493,1
2025-09-28,R03,15.522,0.4648,4.045,35.385,41.621,6.933,1
2025-09-29,R03,17.077,0.2973,10.824,42.062,81.432,4.583,1
2025-09-30,R03,15.928,0.3436,9.779,43.899,93.193,4.09,0
2025-10-01,R03,12.541,0.4668,5.609,45.379,58.159,5.53,0
2025-10-02,R03,15.524,0.483,10.819,46.647,100,2.971,0
2025-10-03,R03,15.247,0.4643,39.109,51.626,71.692,5.911,0
2025-10-04,R03,15.416,0.371,7.295,43.379,36.201,6.885,1
2025-10-05,R03,17.24,0.4811,8.673,39.643,52.606,7.148,1
2025-10-06,R03,16.207,0.4179,9.909,40.29,76.982,6.35,1
2025-10-07,R03,15.561,0.5155,1.101,33.755,41.014,6.035,1
2025-10-08,R03,18.632,0.5344,10.757,32.999,49.807,6.844,1
2025-10-09,R03,16.83,0.3789,0.354,34.456,14.315,8.713,1
2025-10-10,R03,18.901,0.449,8.655,42.082,56.599,7.232,1
2025-10-11,R03,18.188,0.4448,15.398,42.232,55.174,6.928,1
2025-10-12,R03,18.716,0.3467,10.746,43.831,58.693,6.386,1
2025-10-13,R03,15.167,0.4163,16.191,45.639,64.09,5.384,1
2025-10-14,R03,14.316,0.4316,2.898,34.237,36.411,7.972,1
2025-10-15,R03,15.482,0.3685,6.765,44.2,57.708,4.229,0
2025-10-16,R03,15.571,0.4016,7.688,42.51,71.088,4.833,1
2025-10-17,R03,15.356,0.4382,8.072,40.442,62.614,5.569,1
2025-10-18,R03,16.159,0.3693,2.566,41.084,77.654,3.85,0
2025-10-19,R03,16.535,0.4616,18.717,46.579,68.177,5.56,0
2025-10-20,R03,15.135,0.5069,4.256,37.818,70.719,5.267,1
2025-10-21,R03,13.619,0.5594,10.601,35.485,33.208,7.862,1
2025-10-22,R03,16.894,0.3988,10.941,42.146,50.285,8.043,1
2025-10-23,R03,19.146,0.3818,12.744,36.131,63.377,6.139,1
2025-10-24,R03,14.343,0.459,4.168,35.895,38.27,4.612,1
2025-10-25,R03,13.858,0.5444,4.696,44.168,44.833,6.355,0
2025-10-26,R03,18.643,0.4811,3.6,40.09,39.855,7.428,1
2025-10-27,R03,17.8,0.4125,22.973,40.901,83.88,5.682,0
2025-10-28,R03,16.575,0.4596,3.466,39.938,45.869,6.113,1
2025-10-29,R03,18.744,0.3971,5.258,35.546,64.162,5.565,1
2025-10-30,R03,17.616,0.4048,6.908,38.81,48.257,6.837,1
2025-10-31,R03,18.191,0.3503,8.842,40.417,57.469,7.575,1
2025-11-01,R03,15.395,0.4988,32.014,49.658,78.222,4.895,0
2025-11-02,R03,14.136,0.5891,3.589,39.838,60.5,4.962,0
2025-11-03,R03,18.819,0.555,11.966,33.783,28.652,7.738,1
2025-11-04,R03,19.161,0.5054,9.815,35.039,68.529,5.023,1
2025-11-05,R03,17.171,0.4776,15.917,41.789,54.748,7.025,0
2025-11-06,R03,17.792,0.3295,11.597,41.972,79.01,5.322,1
2025-11-07,R03,18.466,0.4814,21.615,47.12,75.125,6.109,0
2025-11-08,R03,18.631,0.4448,24.187,42.895,68.082,4.961,0
2025-11-09,R03,18.294,0.4278,5.626,35.884,50.274,7.019,1
2025-11-10,R03,16.195,0.4434,2.905,38.161,47.564,5.307,1
2025-11-11,R03,18.452,0.4486,6.802,39.375,20.658,9.268,1
2025-11-12,R03,16.95,0.403,6.389,42.051,33.574,6.735,1
2025-11-13,R03,15.087,0.4919,5.438,41.558,44.754,5.524,1
2025-11-14,R03,19.488,0.3805,3.862,36.422,45.633,7.206,1
2025-11-15,R03,18.955,0.4112,0.203,43.625,9.801,8.496,1
2025-11-16,R03,19.412,0.4979,16.344,40.959,43.85,6.999,1
2025-11-17,R03,17.628,0.3774,10.654,35.951,56.227,5.145,1
2025-11-18,R03,16.893,0.4219,17.687,40.687,73.354,5.465,0
2025-11-19,R03,18.125,0.3051,17.077,41.437,38.478,6.931,1
2025-11-20,R03,19.812,0.4699,17.434,39.606,77.992,4.035,0
2025-11-21,R03,19.196,0.4132,8.053,40.107,100,4.164,1
2025-11-22,R03,20.449,0.4237,14.083,42.224,69.049,7.274,1
2025-11-23,R03,18.815,0.2784,3.67,31.041,36.76,7.561,1
2025-11-24,R03,19.033,0.3965,11.151,39.168,33.158,6.65,1
2025-11-25,R03,18.708,0.5733,3.841,42.241,61.315,4.418,1
2025-11-26,R03,20.163,0.4372,7.261,41.299,42.926,8.033,1
2025-11-27,R03,16.382,0.4219,8.292,40.192,82.454,3.764,0
2025-11-28,R03,15.467,0.4793,6.29,42.467,87.09,5.335,1
2025-11-29,R03,22.632,0.2655,9.352,37.211,64.886,7.05,1
2025-11-30,R03,22.149,0.5679,15.91,43.389,64.861,6.768,1
2025-12-01,R03,21.822,0.2948,6.525,39.792,29.108,9.158,1
2025-12-02,R03,19.928,0.3246,23.255,45.596,50.498,6.121,1
2025-12-03,R03,18.509,0.3988,15.389,40.385,67.64,5.379,0
2025-12-04,R03,22.01,0.3875,8.553,35.477,71.931,5.72,1
2025-12-05,R03,18.439,0.419,0.311,31.992,65.114,6.053,1
2025-12-06,R03,18.329,0.3684,5.637,36.637,70.962,5.465,1
2025-12-07,R03,18.548,0.402,38.143,51.15,73.874,5.718,0
2025-12-08,R03,18.708,0.3723,15.003,38.663,53.019,5.852,1
2025-12-09,R03,20.938,0.4064,3.891,39.199,55.262,8.033,1
2025-12-10,R03,19.135,0.3038,11.664,40.558,55.858,7.225,1
2025-12-11,R03,20.21,0.3646,2.987,32.339,47.25,8.726,1
2025-12-12,R03,20.389,0.3171,22.5,37.113,70.135,5.329,1
2025-12-13,R03,17.172,0.3232,7.175,42.107,55.715,6.753,1
2025-12-14,R03,21.308,0.3523,19.195,37.442,63.2,6.878,1
2025-12-15,R03,20.267,0.2578,5.764,28.606,77.962,4.291,1
2025-12-16,R03,21.819,0.2753,6.157,40.707,82.683,7.35,1
2025-12-17,R03,19.861,0.3696,4.851,34.561,32.804,6.363,1
2025-12-18,R03,19.666,0.4587,26.303,41.169,72.216,4.777,0
2025-12-19,R03,20.638,0.5061,4.335,32.276,49.995,6.94,1
2025-12-20,R03,20.087,0.4356,7.76,38.909,86.878,4.574,1
2025-12-21,R03,19.704,0.3607,3.598,38.67,34.224,7.949,1
2025-12-22,R03,22.078,0.3589,5.33,33.392,28.873,8.672,1
2025-12-23,R03,20.957,0.3771,10.905,34.662,62.113,5.689,1
2025-12-24,R03,22.481,0.3554,13.667,41.834,50.918,8.485,1
2025-12-25,R03,21.512,0.5241,10.369,37.721,63.495,6.369,1
2025-12-26,R03,21.573,0.425,24.634,45.729,48.803,7.499,1
2025-12-27,R03,21.86,0.4371,21.58,40.865,63.563,6.348,1
2025-12-28,R03,20.489,0.3903,2.462,36.241,44.3,7.694,1
2025-12-29,R03,20.355,0.3823,3.372,40.239,54.578,6.736,1
2025-12-30,R03,21.628,0.4186,8.404,33.278,68.719,6.242,1
2025-12-31,R03,25.514,0.2367,10.111,37.744,48.299,8.233,1
2025-01-01,R04,27.512,0.4342,5.098,23.03,47.962,7.573,1
2025-01-02,R04,26.913,0.4243,2.305,20.377,23.393,10.508,1
2025-01-03,R04,30.559,0.5218,15.293,28.739,65.398,8.056,1
2025-01-04,R04,26.219,0.4742,14.342,26.948,98.602,6.279,1
2025-01-05,R04,30.682,0.4316,11.589,26.897,73.394,9.148,1
2025-01-06,R04,29.268,0.2765,4.249,22.285,36.18,9.387,1
2025-01-07,R04,26.876,0.4761,20.934,33.166,61.239,8.847,1
2025-01-08,R04,29.047,0.5397,7.447,23.584,40.683,9.069,1
2025-01-09,R04,30.726,0.2959,18.904,25.524,48.455,8.632,1
2025-01-10,R04,32.648,0.3829,32.74,28.189,75.421,9.002,1
2025-01-11,R04,34.149,0.4254,5.395,27.61,53.79,9.549,1
2025-01-12,R04,28.294,0.4629,10.959,31.64,73.173,8.352,1
2025-01-13,R04,30.749,0.3953,6.577,21.56,20.804,9.206,1
2025-01-14,R04,26.78,0.4799,11.062,30.311,55.912,8.412,1
2025-01-15,R04,33.903,0.323,11.706,24.663,37.208,10.701,1
2025-01-16,R04,30.555,0.4984,5.434,24.882,68.879,8.433,1
2025-01-17,R04,28.916,0.4319,5.921,24.455,26.397,8.016,1
2025-01-18,R04,32.617,0.4588,1.726,18.999,37.719,12.299,1
2025-01-19,R04,28.646,0.3341,5.067,27.957,37.454,8.62,1
2025-01-20,R04,30.421,0.3966,10.687,26.463,47.245,8.671,1
2025-01-21,R04,29.132,0.4152,5.113,22.953,24.697,9.3,1
2025-01-22,R04,29.961,0.356,7.486,21.053,49.037,9.181,1
2025-01-23,R04,32.394,0.3845,9.569,21.632,58.196,8.183,1
2025-01-24,R04,29.905,0.4561,4.936,29.196,60.467,9.599,1
2025-01-25,R04,27.877,0.4005,14.782,30.029,54.253,8.32,1
2025-01-26,R04,31.141,0.4445,3.114,24.128,49.082,8.987,1
2025-01-27,R04,32.922,0.3443,19.679,24.594,69.531,8.148,1
2025-01-28,R04,27.845,0.4151,0.814,23.362,5,10.656,1
2025-01-29,R04,32.703,0.4879,14.552,24.253,57.627,10.418,1
2025-01-30,R04,29.192,0.4369,6.048,18.872,30.581,9.689,1
2025-01-31,R04,27.704,0.5601,28.338,28.266,62.81,8.586,1
2025-02-01,R04,29.956,0.4071,1.726,23.4,63.222,9.066,1
2025-02-02,R04,31.642,0.3824,6.836,28.029,58.13,7.692,1
2025-02-03,R04,29.389,0.4443,3.011,20.268,56.454,9.269,1
2025-02-04,R04,30.115,0.3182,20.971,28.308,66.52,6.014,1
2025-02-05,R04,29.091,0.4137,16.417,29.206,61.361,7.529,1
2025-02-06,R04,34.885,0.4428,4.067,22.019,68.299,7.625,1
2025-02-07,R04,32.378,0.3338,8.697,19.554,59.525,10.379,1
2025-02-08,R04,33.59,0.2862,9.035,19.466,54.099,9.62,1
2025-02-09,R04,30.194,0.4727,5.187,27.0,32.674,9.605,1
2025-02-10,R04,33.536,0.3557,2.643,21.159,32.269,12.253,1
2025-02-11,R04,27.867,0.3633,30.938,33.721,78.504,6.878,1
2025-02-12,R04,34.832,0.3173,14.755,26.371,45.488,10.268,1
2025-02-13,R04,32.961,0.346,8.633,26.115,45.355,9.803,1
2025-02-14,R04,32.595,0.3334,19.039,29.507,64.869,9.629,1
2025-02-15,R04,32.7,0.4113,7.393,19.349,51.269,9.727,1
2025-02-16,R04,34.147,0.4747,14.506,21.789,68.49,9.614,1
2025-02-17,R04,33.16,0.2885,2.051,22.896,24.565,10.024,1
2025-02-18,R04,31.636,0.3215,6.975,21.616,44.471,8.563,1
2025-02-19,R04,32.597,0.4026,13.129,22.3,75.34,7.996,1
2025-02-20,R04,32.409,0.2969,18.964,29.687,92.149,7.638,1
2025-02-21,R04,28.372,0.4185,23.194,33.987,81.535,6.938,1
2025-02-22,R04,29.315,0.4493,18.992,24.71,60.971,8.038,1
2025-02-23,R04,32.441,0.3366,11.338,24.131,64.205,8.17,1
2025-02-24,R04,34.213,0.375,3.769,19.858,63.432,10.555,1
2025-02-25,R04,34.473,0.3515,1.826,18.625,55.926,9.499,1
2025-02-26,R04,33.21,0.4669,3.319,26.791,54.631,8.459,1
2025-02-27,R04,35.733,0.4151,19.641,26.418,52.605,10.818,1
2025-02-28,R04,32.313,0.3045,11.404,20.329,78.691,8.606,1
2025-03-01,R04,32.393,0.4011,17.898,27.842,54.058,9.964,1
2025-03-02,R04,34.427,0.3058,51.586,37.227,83.963,7.348,1
2025-03-03,R04,30.845,0.3813,1.113,24.371,31.402,11.096,1
2025-03-04,R04,31.464,0.3444,15.596,24.241,58.624,9.092,1
2025-03-05,R04,34.134,0.4654,6.641,26.367,27.995,10.253,1
2025-03-06,R04,36.442,0.4062,12.281,22.912,61.851,9.769,1
2025-03-07,R04,33.654,0.4424,7.292,19.986,54.337,9.75,1
2025-03-08,R04,33.185,0.3452,2.787,26.762,43.337,8.619,1
2025-03-09,R04,33.907,0.2581,7.7,24.721,53.978,10.054,1
2025-03-10,R04,35.506,0.4264,4.813,19.636,71.988,8.567,1
2025-03-11,R04,33.331,0.3177,1.197,23.417,8.103,11.741,1
2025-03-12,R04,33.426,0.3705,12.936,27.573,54.339,10.365,1
2025-03-13,R04,35.894,0.4395,7.781,23.852,54.228,10.586,1
2025-03-14,R04,33.664,0.4964,5.606,25.257,81.205,8.685,1
2025-03-15,R04,31.241,0.435,5.14,16.648,48.393,8.867,1
2025-03-16,R04,29.021,0.4074,13.846,26.525,55.744,8.183,1
2025-03-17,R04,34.769,0.3997,17.873,27.363,79.874,9.732,1
2025-03-18,R04,31.445,0.3569,17.741,27.14,56.074,8.494,1
2025-03-19,R04,31.878,0.3226,0.578,24.785,5.913,12.366,1
2025-03-20,R04,36.582,0.389,13.155,22.426,55.394,11.577,1
2025-03-21,R04,30.937,0.4479,2.624,26.392,29.433,9.476,1
2025-03-22,R04,33.411,0.3698,2.842,20.27,18.956,9.787,1
2025-03-23,R04,33.777,0.4635,4.42,23.105,38.572,10.603,1
2025-03-24,R04,33.505,0.3521,8.29,20.398,65.879,9.549,1
2025-03-25,R04,35.203,0.2955,14.485,23.342,85.201,8.557,1
2025-03-26,R04,35.266,0.3096,6.786,18.439,89.963,8.566,1
2025-03-27,R04,34.453,0.3155,26.81,29.343,68.712,9.672,1
2025-03-28,R04,34.253,0.3826,4.647,17.355,26.891,11.589,1
2025-03-29,R04,35.672,0.3059,27.065,23.033,68.723,9.498,1
2025-03-30,R04,32.222,0.3671,25.535,27.407,74.143,7.784,1
2025-03-31,R04,32.464,0.389,8.078,25.776,66.363,6.971,1
2025-04-01,R04,35.013,0.3356,26.723,27.989,73.209,8.104,1
2025-04-02,R04,29.634,0.4318,4.894,25.975,66.609,8.012,1
2025-04-03,R04,35.961,0.3747,6.984,20.045,76.106,9.193,1
2025-04-04,R04,33.801,0.422,8.074,18.396,68.55,9.066,1
2025-04-05,R04,31.571,0.3708,5.586,24.706,51.621,10.085,1
2025-04-06,R04,32.589,0.348,6.843,22.937,87.763,8.811,1
2025-04-07,R04,31.029,0.3547,1.367,21.804,34.378,9.523,1
2025-04-08,R04,31.737,0.1773,46.338,32.405,57.822,8.958,1
2025-04-09,R04,34.153,0.3863,10.457,25.077,74.902,10.165,1
2025-04-10,R04,35.895,0.3175,3.728,22.952,67.015,8.827,1
2025-04-11,R04,36.62,0.4163,7.674,21.956,32.702,12.28,1
2025-04-12,R04,31.987,0.3757,8.751,33.128,42.049,9.014,1
2025-04-13,R04,35.321,0.275,17.059,22.12,73.104,9.318,1
2025-04-14,R04,30.236,0.4276,11.743,29.742,49.613,8.653,1
2025-04-15,R04,33.723,0.3612,12.644,26.617,51.292,10.513,1
2025-04-16,R04,34.165,0.3487,10.242,29.427,60.559,11.07,1
2025-04-17,R04,35.255,0.4409,19.882,26.805,97.82,7.108,1
2025-04-18,R04,34.606,0.3331,17.301,28.215,58.174,10.953,1
2025-04-19,R04,35.385,0.4204,6.87,22.047,34.055,11.937,1
2025-04-20,R04,32.014,0.4855,1.302,19.997,34.702,10.556,1
2025-04-21,R04,33.825,0.4122,6.036,23.636,51.693,10.119,1
2025-04-22,R04,32.634,0.3995,19.237,30.933,80.164,7.141,1
2025-04-23,R04,28.981,0.4033,8.436,24.943,51.791,9.581,1
2025-04-24,R04,36.774,0.3932,19.349,21.274,71.25,9.445,1
2025-04-25,R04,34.263,0.4022,11.379,19.241,58.513,10.187,1
2025-04-26,R04,33.172,0.396,24.24,30.259,42.728,10.375,1
2025-04-27,R04,30.875,0.4345,19.505,29.708,92.345,7.676,1
2025-04-28,R04,39.313,0.4124,9.779,21.696,42.358,12.57,1
2025-04-29,R04,31.744,0.2791,9.666,23.124,48.256,8.849,1
2025-04-30,R04,32.539,0.3392,5.23,21.113,47.106,10.854,1
2025-05-01,R04,30.248,0.4032,13.234,21.99,62.941,7.635,1
2025-05-02,R04,31.224,0.3135,11.061,29.957,95.79,6.161,1
2025-05-03,R04,32.01,0.4851,11.767,26.094,40.157,10.792,1
2025-05-04,R04,31.38,0.3754,4.985,21.846,21.685,12.316,1
2025-05-05,R04,31.419,0.4166,8.704,28.736,45.387,8.249,1
2025-05-06,R04,32.394,0.3603,22.96,36.493,58.09,9.19,1
2025-05-07,R04,29.833,0.3643,10.958,24.231,51.632,8.853,1
2025-05-08,R04,31.515,0.4206,35.398,35.614,82.973,7.214,1
2025-05-09,R04,32.965,0.4203,10.463,19.85,56.19,9.738,1
2025-05-10,R04,32.857,0.2807,32.538,37.973,60.824,7.737,1
2025-05-11,R04,33.656,0.2687,3.944,18.988,63.532,9.064,1
2025-05-12,R04,31.036,0.4151,6.957,20.849,64.712,8.199,1
2025-05-13,R04,33.775,0.4902,21.26,23.881,62.748,10.771,1
2025-05-14,R04,31.815,0.4986,15.715,27.537,59.433,9.065,1
2025-05-15,R04,33.669,0.4067,6.208,22.998,27.132,10.762,1
2025-05-16,R04,33.279,0.3394,1.956,19.734,30.124,10.713,1
2025-05-17,R04,31.681,0.3995,9.725,28.354,40.238,10.521,1
2025-05-18,R04,32.75,0.3655,25.164,28.172,49.112,10.161,1
2025-05-19,R04,32.264,0.3826,7.447,20.767,14.95,12.671,1
2025-05-20,R04,29.923,0.4295,6.206,25.497,48.014,9.658,1
2025-05-21,R04,31.98,0.2826,7.659,24.262,40.449,10.948,1
2025-05-22,R04,29.836,0.4326,18.05,28.295,34.731,9.804,1
2025-05-23,R04,34.048,0.2752,1.887,20.936,58.669,10.029,1
2025-05-24,R04,35.312,0.4307,13.506,22.935,78.077,9.268,1
2025-05-25,R04,28.349,0.3603,12.79,26.38,35.558,9.554,1
2025-05-26,R04,30.072,0.4321,5.019,24.459,41.36,8.313,1
2025-05-27,R04,33.566,0.3579,3.391,14.808,41.737,10.505,1
2025-05-28,R04,32.299,0.3892,31.586,28.557,73.703,8.188,1
2025-05-29,R04,32.687,0.4492,2.941,23.699,60.11,9.353,1
2025-05-30,R04,30.385,0.4175,4.208,27.023,52.652,9.126,1
2025-05-31,R04,29.642,0.3297,29.341,29.141,54.479,7.624,1
2025-06-01,R04,31.242,0.4883,6.444,21.087,42.002,9.844,1
2025-06-02,R04,29.481,0.4286,6.042,20.954,83.419,6.206,1
2025-06-03,R04,29.992,0.3379,9.334,24.524,37.487,9.71,1
2025-06-04,R04,33.942,0.3518,15.301,26.864,59.385,9.437,1
2025-06-05,R04,30.48,0.3529,3.507,21.709,67.33,7.971,1
2025-06-06,R04,31.572,0.4072,5.248,22.996,36.233,9.998,1
2025-06-07,R04,31.631,0.3825,3.011,17.438,15.434,10.593,1
2025-06-08,R04,29.718,0.4062,2.294,16.456,50.708,8.696,1
2025-06-09,R04,30.966,0.5256,5.713,24.856,42.342,10.589,1
2025-06-10,R04,33.923,0.2685,3.403,22.237,30.287,10.615,1
2025-06-11,R04,28.887,0.4526,8.075,27.759,45.067,8.732,1
2025-06-12,R04,28.667,0.377,9.229,26.999,52.097,8.273,1
2025-06-13,R04,31.502,0.3724,3.55,20.997,20.506,10.126,1
2025-06-14,R04,32.156,0.3827,5.602,21.157,26.573,10.616,1
2025-06-15,R04,32.494,0.4761,10.783,22.566,73.108,8.331,1
2025-06-16,R04,28.664,0.4328,0.657,15.038,69.769,8.414,1
2025-06-17,R04,33.331,0.3651,1.61,19.027,5,11.634,1
2025-06-18,R04,30.258,0.3866,23.606,28.473,54.841,9.156,1
2025-06-19,R04,31.307,0.3216,4.695,25.86,46.112,9.765,1
2025-06-20,R04,31.778,0.2793,10.551,21.142,61.993,9.806,1
2025-06-21,R04,29.908,0.4343,5.285,24.582,41.28,9.016,1
2025-06-22,R04,32.265,0.3741,3.152,17.866,38.83,10.549,1
2025-06-23,R04,31.533,0.3953,0.685,21.885,54.745,7.594,1
2025-06-24,R04,28.79,0.4043,3.568,26.918,42.278,8.444,1
2025-06-25,R04,29.385,0.3577,3.476,28.392,45.699,8.461,1
2025-06-26,R04,28.621,0.4163,9.566,28.68,46.588,8.764,1
2025-06-27,R04,26.354,0.5344,3.655,23.841,39.496,8.577,1
2025-06-28,R04,29.428,0.3815,9.3,22.808,81.178,7.501,1
2025-06-29,R04,28.753,0.4788,4.753,19.707,46.941,8.652,1
2025-06-30,R04,29.084,0.4218,5.662,22.076,41.766,8.016,1
2025-07-01,R04,29.404,0.5059,12.985,26.461,36.826,9.091,1
2025-07-02,R04,30.71,0.4416,13.725,28.982,66.45,8.13,1
2025-07-03,R04,28.015,0.4201,13.537,25.698,34.531,9.642,1
2025-07-04,R04,28.175,0.438,7.923,25.23,58.153,8.537,1
2025-07-05,R04,32.635,0.3781,6.259,21.239,94.842,7.044,1
2025-07-06,R04,25.671,0.4927,13.679,31.911,66.704,7.856,1
2025-07-07,R04,28.926,0.3896,6.965,25.358,38.619,8.294,1
2025-07-08,R04,28.027,0.4434,2.994,21.55,66.499,7.427,1
2025-07-09,R04,28.455,0.4604,6.435,29.272,51.563,7.465,1
2025-07-10,R04,27.848,0.4487,9.998,26.751,80.817,6.551,1
2025-07-11,R04,24.708,0.4811,0.941,26.532,62.814,7.687,1
2025-07-12,R04,25.522,0.593,7.176,24.22,45.332,7.548,1
2025-07-13,R04,28.262,0.4564,3.448,23.355,29.553,9.209,1
2025-07-14,R04,26.948,0.4852,26.528,32.158,65.144,6.864,1
2025-07-15,R04,28.729,0.3574,3.172,27.296,48.168,9.299,1
2025-07-16,R04,28.212,0.3824,11.326,23.815,47.235,8.96,1
2025-07-17,R04,26.112,0.3955,3.976,21.392,42.4,9.564,1
2025-07-18,R04,27.122,0.4016,3.79,26.996,74.939,7.57,1
2025-07-19,R04,24.785,0.4838,4.28,25.329,60.97,7.752,1
2025-07-20,R04,27.216,0.4245,1.958,23.263,69.863,7.829,1
2025-07-21,R04,31.525,0.3182,6.144,22.515,53.635,8.728,1
2025-07-22,R04,29.373,0.3392,16.454,28.222,47.996,10.159,1
2025-07-23,R04,28.332,0.3963,4.04,24.778,37.53,8.77,1
2025-07-24,R04,28.238,0.249,4.384,25.087,23.994,10.834,1
2025-07-25,R04,29.961,0.5443,10.837,22.864,85.319,7.846,1
2025-07-26,R04,27.843,0.5602,15.393,32.032,96.672,6.373,1
2025-07-27,R04,26.918,0.423,10.227,25.113,55.118,8.953,1
2025-07-28,R04,30.889,0.4048,12.374,24.006,54.576,9.357,1
2025-07-29,R04,23.582,0.3907,10.664,29.403,49.746,7.631,1
2025-07-30,R04,27.385,0.4733,13.194,28.689,59.513,7.747,1
2025-07-31,R04,23.468,0.372,1.827,22.658,16.411,8.912,1
2025-08-01,R04,25.09,0.3772,11.282,27.923,54.286,8.417,1
2025-08-02,R04,27.378,0.476,7.516,21.1,58.128,8.058,1
2025-08-03,R04,26.978,0.4635,8.138,24.69,36.761,8.96,1
2025-08-04,R04,23.894,0.4287,33.57,36.918,69.354,6.988,1
2025-08-05,R04,24.203,0.4466,5.474,25.992,57.481,7.295,1
2025-08-06,R04,27.814,0.3235,19.236,30.147,74.73,5.91,1
2025-08-07,R04,22.995,0.5226,2.55,31.166,46.059,6.966,1
2025-08-08,R04,24.771,0.3899,1.779,23.477,9.237,11.06,1
2025-08-09,R04,24.576,0.4796,13.426,23.884,73.476,7.568,1
2025-08-10,R04,25.253,0.5054,8.188,27.557,46.595,6.86,1
2025-08-11,R04,25.114,0.484,7.833,27.246,36.909,8.085,1
2025-08-12,R04,28.065,0.3786,19.413,26.428,48.548,6.506,1
2025-08-13,R04,25.626,0.3462,12.743,31.06,45.47,9.464,1
2025-08-14,R04,24.819,0.3774,3.299,27.322,60.787,7.961,1
2025-08-15,R04,26.623,0.5418,7.884,25.656,47.765,8.648,1
2025-08-16,R04,27.081,0.4383,8.255,22.792,29.347,8.658,1
2025-08-17,R04,24.975,0.4775,1.107,21.216,42.382,8.451,1
2025-08-18,R04,26.821,0.3981,4.235,25.574,40.298,9.561,1
2025-08-19,R04,26.895,0.4738,6.318,23.463,71.609,7.832,1
2025-08-20,R04,27.178,0.4487,14.571,24.792,60.37,6.762,1
2025-08-21,R04,23.979,0.4455,4.195,26.929,20.305,9.278,1
2025-08-22,R04,24.529,0.4752,5.39,28.943,62.05,7.007,1
2025-08-23,R04,26.259,0.4348,1.796,20.985,44.341,8.868,1
2025-08-24,R04,26.585,0.4714,13.432,31.943,61.356,8.688,1
2025-08-25,R04,25.231,0.5712,16.941,28.768,60.984,8.069,1
2025-08-26,R04,27.154,0.5149,20.155,26.761,76.547,7.966,1
2025-08-27,R04,27.119,0.4313,12.229,26.07,76.631,7.796,1
2025-08-28,R04,25.85,0.5576,2.428,18.88,33.36,8.804,1
2025-08-29,R04,25.47,0.4756,3.208,25.134,36.408,9.241,1
2025-08-30,R04,23.195,0.4126,2.596,26.897,81.332,5.282,1
2025-08-31,R04,25.531,0.4417,9.006,20.732,72.314,6.688,1
2025-09-01,R04,24.861,0.4682,9.933,27.258,77.235,7.127,1
2025-09-02,R04,22.785,0.405,6.616,25.574,52.991,7.857,1
2025-09-03,R04,23.799,0.4171,4.229,22.667,22.311,9.765,1
2025-09-04,R04,26.792,0.4688,10.305,30.607,59.976,8.12,1
2025-09-05,R04,21.575,0.476,13.324,30.867,72.848,8.271,1
2025-09-06,R04,27.226,0.5485,10.355,25.221,61.698,7.585,1
2025-09-07,R04,25.988,0.4433,6.711,24.41,33.796,9.602,1
2025-09-08,R04,26.068,0.497,13.946,32.134,55.267,7.553,1
2025-09-09,R04,27.036,0.4709,2.137,29.274,28.425,10.322,1
2025-09-10,R04,28.367,0.4271,5.846,26.513,38.642,10.462,1
2025-09-11,R04,26.393,0.4906,2.686,22.021,50.792,7.619,1
2025-09-12,R04,23.342,0.4806,5.531,29.044,33.439,7.655,1
2025-09-13,R04,30.679,0.4139,2.888,18.471,43.89,9.646,1
2025-09-14,R04,24.497,0.3995,3.951,19.548,50.88,7.114,1
2025-09-15,R04,24.444,0.4734,12.267,25.379,48.463,6.583,1
2025-09-16,R04,22.888,0.549,3.549,26.944,38.518,7.541,1
2025-09-17,R04,25.107,0.4064,5.615,23.287,61.143,8.198,1
2025-09-18,R04,25.243,0.5028,10.01,27.708,73.045,6.671,1
2025-09-19,R04,27.106,0.4608,4.147,20.745,61.521,7.735,1
2025-09-20,R04,24.397,0.2942,3.554,28.945,61.169,6.007,1
2025-09-21,R04,23.854,0.4207,5.93,28.854,32.614,8.075,1
2025-09-22,R04,25.412,0.3669,3.041,24.191,54.764,7.459,1
2025-09-23,R04,23.505,0.45,6.622,27.991,33.221,7.827,1
2025-09-24,R04,26.361,0.3633,27.594,32.272,49.452,7.769,1
2025-09-25,R04,26.912,0.4524,3.182,23.284,55.59,8.845,1
2025-09-26,R04,23.073,0.4859,8.143,24.234,62.09,6.152,1
2025-09-27,R04,18.161,0.559,7.079,29.44,28.01,8.415,1
2025-09-28,R04,25.998,0.4344,10.456,22.731,56.406,8.276,1
2025-09-29,R04,24.888,0.3567,6.456,29.016,43.278,8.733,1
2025-09-30,R04,25.957,0.4453,23.039,29.206,78.907,7.47,1
2025-10-01,R04,26.028,0.4498,15.263,31.699,81.586,7.185,1
2025-10-02,R04,22.576,0.456,5.639,24.425,34.514,7.548,1
2025-10-03,R04,25.488,0.4838,0.625,27.49,43.984,8.19,1
2025-10-04,R04,27.672,0.5473,11.625,24.25,74.791,8.285,1
2025-10-05,R04,26.6,0.51,20.195,30.694,37.685,9.082,1
2025-10-06,R04,23.127,0.3323,6.791,27.7,36.07,7.786,1
2025-10-07,R04,21.832,0.5772,12.206,32.471,56.896,6.892,1
2025-10-08,R04,25.818,0.3481,10.493,31.201,46.653,7.035,1
2025-10-09,R04,24.856,0.4601,14.19,28.781,40.001,6.67,1
2025-10-10,R04,27.123,0.3519,2.407,27.948,43.289,9.787,1
2025-10-11,R04,24.339,0.465,3.406,28.384,41.989,8.332,1
2025-10-12,R04,25.229,0.446,4.594,25.281,49.136,8.249,1
2025-10-13,R04,26.547,0.4593,6.329,23.403,70.667,7.453,1
2025-10-14,R04,22.72,0.4912,13.433,23.734,45.799,8.644,1
2025-10-15,R04,27.221,0.4045,29.928,35.087,53.797,7.996,1
2025-10-16,R04,29.233,0.4648,36.861,38.757,78.498,8.091,1
2025-10-17,R04,23.871,0.5679,5.522,27.723,52.038,6.067,1
2025-10-18,R04,23.822,0.4775,12.454,29.013,29.848,9.797,1
2025-10-19,R04,23.431,0.4563,32.192,34.948,92.34,6.527,1
2025-10-20,R04,22.56,0.4938,38.464,36.842,83.827,3.519,0
2025-10-21,R04,25.496,0.4404,5.227,29.402,61.559,6.338,1
2025-10-22,R04,23.886,0.4329,10.114,27.844,68.997,6.593,1
2025-10-23,R04,28.291,0.362,15.069,25.525,59.097,9.138,1
2025-10-24,R04,26.814,0.5087,21.515,29.377,67.752,7.094,1
2025-10-25,R04,23.364,0.4638,5.363,26.458,27.663,7.772,1
2025-10-26,R04,25.539,0.4071,6.22,26.39,29.157,8.725,1
2025-10-27,R04,24.455,0.5108,4.724,25.808,63.352,7.481,1
2025-10-28,R04,23.091,0.5355,3.426,24.914,38.107,8.617,1
2025-10-29,R04,24.857,0.3475,7.571,30.768,73.399,6.558,1
2025-10-30,R04,24.622,0.4697,3.738,26.325,30.289,8.453,1
2025-10-31,R04,27.017,0.4577,5.054,22.658,21.508,11.029,1
2025-11-01,R04,26.492,0.4896,12.25,25.544,55.36,7.751,1
2025-11-02,R04,26.05,0.4771,4.064,32.367,60.411,7.973,1
2025-11-03,R04,25.976,0.4258,16.609,30.575,46.733,9.106,1
2025-11-04,R04,25.751,0.478,2.697,24.86,11.151,10.89,1
2025-11-05,R04,27.864,0.4665,1.693,20.709,51.958,8.218,1
2025-11-06,R04,28.342,0.429,4.003,23.891,70.713,7.749,1
2025-11-07,R04,26.445,0.5063,5.777,26.544,52.625,7.716,1
2025-11-08,R04,24.506,0.4981,14.745,27.059,62.104,6.89,1
2025-11-09,R04,26.042,0.4018,3.345,24.933,17.503,9.357,1
2025-11-10,R04,25.268,0.3261,2.174,26.879,20.578,10.695,1
2025-11-11,R04,23.373,0.5209,8.553,26.436,68.908,7.25,1
2025-11-12,R04,24.368,0.5089,6.743,32.459,38.105,10.273,1
2025-11-13,R04,27.637,0.4522,0.787,20.387,40.171,9.649,1
2025-11-14,R04,26.722,0.3588,3.843,22.5,36.913,8.854,1
2025-11-15,R04,25.022,0.4859,16.803,32.076,71.298,6.997,1
2025-11-16,R04,28.171,0.4965,8.004,21.73,56.815,8.955,1
2025-11-17,R04,23.124,0.3292,3.647,25.7,67.814,6.475,1
2025-11-18,R04,24.924,0.2982,19.387,28.332,77.927,7.575,1
2025-11-19,R04,26.431,0.4449,9.065,20.418,41.523,6.957,1
2025-11-20,R04,25.35,0.4252,9.49,24.795,80.146,5.802,1
2025-11-21,R04,22.857,0.3672,3.858,29.804,42.685,7.424,1
2025-11-22,R04,25.459,0.3557,11.147,25.181,37.605,10.678,1
2025-11-23,R04,23.156,0.5091,7.077,32.029,40.721,9.479,1
2025-11-24,R04,26.42,0.4138,2.034,26.917,68.223,8.057,1
2025-11-25,R04,26.723,0.4445,12.69,26.873,56.968,8.124,1
2025-11-26,R04,24.559,0.3811,23.176,32.422,56.083,6.151,1
2025-11-27,R04,25.053,0.4964,1.918,22.655,64.582,5.673,1
2025-11-28,R04,26.869,0.4456,6.76,24.353,42.095,9.067,1
2025-11-29,R04,30.822,0.4689,1.25,18.814,49.495,10.554,1
2025-11-30,R04,24.214,0.3215,3.616,32.785,44.749,7.718,1
2025-12-01,R04,27.912,0.411,19.24,28.063,62.73,7.066,1
2025-12-02,R04,25.629,0.4043,5.432,23.591,61.454,7.914,1
2025-12-03,R04,32.041,0.366,5.365,22.481,57.851,9.466,1
2025-12-04,R04,26.319,0.394,8.636,22.736,38.95,9.401,1
2025-12-05,R04,28.317,0.4077,3.513,25.322,41.852,9.532,1
2025-12-06,R04,27.752,0.4376,7.941,30.514,27.616,9.638,1
2025-12-07,R04,27.743,0.4192,5.952,21.454,64.958,7.376,1
2025-12-08,R04,28.238,0.3705,7.12,23.854,68.042,8.426,1
2025-12-09,R04,27.524,0.4082,7.124,27.481,37.52,9.646,1
2025-12-10,R04,26.499,0.4218,10.216,33.83,42.534,9.426,1
2025-12-11,R04,29.154,0.3267,2.86,22.823,86.604,7.356,1
2025-12-12,R04,26.379,0.3972,2.887,27.417,11.221,10.18,1
2025-12-13,R04,28.744,0.3052,3.653,21.73,42.194,8.571,1
2025-12-14,R04,26.37,0.3738,15.945,23.541,66.397,8.009,1
2025-12-15,R04,26.342,0.4006,11.456,31.236,43.431,8.917,1
2025-12-16,R04,27.474,0.403,28.255,27.46,72.232,6.954,1
2025-12-17,R04,30.555,0.2883,2.671,23.118,70.949,8.135,1
2025-12-18,R04,27.81,0.4268,10.18,25.536,56.597,9.972,1
2025-12-19,R04,28.507,0.3924,13.345,25.709,60.461,9.54,1
2025-12-20,R04,29.421,0.4936,15.968,28.623,56.44,7.784,1
2025-12-21,R04,29.059,0.421,16.785,29.505,51.441,9.768,1
2025-12-22,R04,29.586,0.3759,3.524,22.874,41.373,10.337,1
2025-12-23,R04,28.489,0.4396,5.942,25.138,61.295,7.229,1
2025-12-24,R04,29.177,0.4432,4.139,19.485,30.767,8.173,1
2025-12-25,R04,26.86,0.5156,14.12,30.037,62.433,7.274,1
2025-12-26,R04,30.416,0.4372,1.627,23.492,52.63,8.742,1
2025-12-27,R04,28.824,0.391,10.573,26.852,31.518,9.447,1
2025-12-28,R04,25.824,0.4871,21.493,29.896,71.816,8.212,1
2025-12-29,R04,28.571,0.4226,4.141,34.59,90.573,7.411,1
2025-12-30,R04,28.92,0.5759,9.045,22.06,43.961,10.512,1
2025-12-31,R04,28.46,0.364,5.245,26.411,45.778,8.982,1
2025-01-01,R05,20.229,0.2271,18.791,61.77,77.38,6.461,0
2025-01-02,R05,23.819,0.372,14.939,56.828,57.826,4.599,0
2025-01-03,R05,23.929,0.3131,8.953,56.08,40.121,8.008,1
2025-01-04,R05,24.38,0.3629,6.298,52.621,27.297,8.929,1
2025-01-05,R05,25.831,0.2935,0.944,49.118,51.32,8.15,1
2025-01-06,R05,25.455,0.3131,18.772,63.73,76.299,7.77,1
2025-01-07,R05,25.358,0.2256,1.94,50.771,41.116,9.973,1
2025-01-08,R05,24.708,0.4288,9.508,55.191,87.119,5.635,0
2025-01-09,R05,21.083,0.4041,29.501,61.504,51.082,5.499,0
2025-01-10,R05,25.348,0.3923,0.921,47.288,16.6,9.377,1
2025-01-11,R05,23.16,0.3417,2.642,54.265,29.496,8.884,1
2025-01-12,R05,23.129,0.3464,24.792,57.834,63.288,6.815,1
2025-01-13,R05,24.305,0.3292,7.137,59.194,40.591,8.289,1
2025-01-14,R05,25.746,0.3107,6.211,57.497,63.826,6.776,1
2025-01-15,R05,24.161,0.326,6.765,54.812,64.713,7.035,1
2025-01-16,R05,24.714,0.3473,6.054,51.873,40.287,7.797,1
2025-01-17,R05,22.872,0.4114,1.779,52.654,63.877,7.542,1
2025-01-18,R05,24.241,0.3326,2.575,50.404,13.637,10.637,1
2025-01-19,R05,26.383,0.3324,1.407,49.122,72.442,7.24,1
2025-01-20,R05,27.011,0.1979,2.569,51.515,40.279,9.386,1
2025-01-21,R05,22.439,0.3614,17.922,60.493,28.395,8.673,1
2025-01-22,R05,25.531,0.2702,1.345,51.815,54.956,8.11,1
2025-01-23,R05,23.937,0.4497,13.338,58.088,71.683,6.537,1
2025-01-24,R05,21.487,0.4062,17.105,55.787,53.864,7.587,1
2025-01-25,R05,22.577,0.4028,9.462,54.562,75.074,6.326,0
2025-01-26,R05,28.68,0.1976,4.445,49.752,27.992,8.882,1
2025-01-27,R05,27.829,0.3981,8.07,56.25,53.872,7.909,1
2025-01-28,R05,29.389,0.2498,5.227,48.047,65.233,8.126,1
2025-01-29,R05,26.446,0.3292,10.796,56.082,54.358,8.64,1
2025-01-30,R05,24.964,0.2525,9.984,53.887,59.446,6.641,1
2025-01-31,R05,24.841,0.2147,4.695,57.184,42.351,9.314,1
2025-02-01,R05,27.006,0.2828,15.153,54.436,68.343,7.008,1
2025-02-02,R05,27.69,0.3548,6.445,48.334,51.36,11.202,1
2025-02-03,R05,23.844,0.3312,19.203,61.758,58.676,8.157,1
2025-02-04,R05,27.878,0.4213,5.09,48.376,21.024,11.418,1
2025-02-05,R05,25.151,0.3474,3.435,47.506,65.41,6.822,1
2025-02-06,R05,24.332,0.3321,6.96,49.1,67.543,6.822,1
2025-02-07,R05,25.227,0.2355,6.27,49.379,69.4,7.377,1
2025-02-08,R05,29.372,0.2628,9.134,52.237,36.433,9.878,1
2025-02-09,R05,28.257,0.2636,6.104,54.753,48.882,8.706,1
2025-02-10,R05,29.501,0.2979,9.41,45.68,50.07,9.593,1
2025-02-11,R05,26.663,0.3235,8.133,52.31,52.741,9.392,1
2025-02-12,R05,28.13,0.2816,7.09,50.064,30.609,10.93,1
2025-02-13,R05,27.219,0.2459,4.093,48.177,51.114,7.188,1
2025-02-14,R05,26.794,0.2536,4.413,49.843,48.399,8.351,1
2025-02-15,R05,23.11,0.3984,15.349,62.653,72.573,5.392,0
2025-02-16,R05,27.221,0.3958,6.195,53.855,97.445,7.337,1
2025-02-17,R05,26.756,0.2799,13.248,60.434,55.299,7.725,1
2025-02-18,R05,30.769,0.2612,13.7,51.034,74.73,8.43,1
2025-02-19,R05,25.781,0.344,2.092,48.438,13.733,11.452,1
2025-02-20,R05,25.517,0.2652,8.913,54.71,46.817,8.37,1
2025-02-21,R05,27.451,0.348,4.87,56.189,59.942,8.193,1
2025-02-22,R05,26.887,0.2045,5.55,53.903,55.877,7.531,1
2025-02-23,R05,27.292,0.2361,6.453,52.972,60.193,8.44,1
2025-02-24,R05,24.407,0.4382,5.89,55.523,55.501,7.429,1
2025-02-25,R05,23.864,0.304,3.586,53.633,30.101,8.124,1
2025-02-26,R05,26.3,0.3237,16.591,57.589,85.376,5.881,0
2025-02-27,R05,28.222,0.3026,6.501,45.501,51.179,8.713,1
2025-02-28,R05,26.953,0.3108,0.274,50.453,45.869,8.178,1
2025-03-01,R05,23.912,0.248,32.69,57.129,82.296,6.052,0
2025-03-02,R05,25.553,0.3536,6.803,56.742,63.197,7.202,1
2025-03-03,R05,27.385,0.3276,5.437,49.668,33.749,7.995,1
2025-03-04,R05,26.548,0.3266,3.937,52.179,62.813,7.596,1
2025-03-05,R05,29.177,0.1669,6.755,51.994,54.469,9.546,1
2025-03-06,R05,26.372,0.2359,6.417,57.449,47.844,8.18,1
2025-03-07,R05,26.045,0.3993,3.171,50.098,32.025,8.962,1
2025-03-08,R05,26.236,0.4402,8.314,53.389,55.871,7.866,1
2025-03-09,R05,28.351,0.3285,2.147,49.017,32.308,9.55,1
2025-03-10,R05,27.917,0.3002,34.365,62.87,54.75,9.345,0
2025-03-11,R05,24.995,0.3029,14.786,59.778,72.951,6.242,0
2025-03-12,R05,25.259,0.309,17.363,61.565,72.848,6.35,0
2025-03-13,R05,26.594,0.2501,11.213,48.782,56.657,9.202,1
2025-03-14,R05,25.374,0.3779,13.786,63.518,91.932,5.336,0
2025-03-15,R05,26.899,0.2452,5.319,53.928,49.528,7.084,1
2025-03-16,R05,28.306,0.2356,0.291,52.638,10.857,10.223,1
2025-03-17,R05,25.777,0.2031,3.717,56.63,31.531,8.92,1
2025-03-18,R05,26.576,0.2738,16.714,61.686,61.952,7.164,0
2025-03-19,R05,24.04,0.2403,1.59,51.677,55.373,5.556,1
2025-03-20,R05,27.777,0.2948,5.785,50.919,32.124,9.424,1
2025-03-21,R05,29.017,0.2018,6.92,56.487,30.219,9.454,1
2025-03-22,R05,28.347,0.312,7.684,50.19,54.17,6.675,1
2025-03-23,R05,24.996,0.3703,4.244,52.546,44.932,7.313,1
2025-03-24,R05,28.959,0.3106,14.458,52.495,54.687,8.663,1
2025-03-25,R05,29.865,0.2948,2.929,54.113,83.069,7.75,1
2025-03-26,R05,28.944,0.318,11.477,58.464,60.843,7.428,1
2025-03-27,R05,28.501,0.2803,14.446,53.419,56.253,7.805,1
2025-03-28,R05,26.03,0.2864,21.477,58.964,50.843,9.032,1
2025-03-29,R05,28.469,0.2427,1.797,48.261,25.999,9.158,1
2025-03-30,R05,27.508,0.3732,3.514,51.358,30.948,9.092,1
2025-03-31,R05,28.386,0.2541,8.24,53.844,72.214,7.194,1
2025-04-01,R05,28.328,0.2574,18.167,54.558,50.456,8.716,1
2025-04-02,R05,26.619,0.2996,2.454,50.89,41.479,8.735,1
2025-04-03,R05,25.382,0.4216,2.484,54.924,44.574,8.336,1
2025-04-04,R05,25.666,0.3649,10.547,54.99,27.399,9.055,1
2025-04-05,R05,29.598,0.3773,2.712,50.035,20.229,10.604,1
2025-04-06,R05,30.658,0.2173,10.349,50.093,71.612,7.898,1
2025-04-07,R05,25.395,0.2319,9.27,54.019,84.43,6.37,1
2025-04-08,R05,27.34,0.2826,7.835,51.096,69.117,8.017,1
2025-04-09,R05,30.495,0.2353,14.392,51.105,55.336,9.05,1
2025-04-10,R05,27.628,0.3641,5.212,52.712,64.405,8.863,1
2025-04-11,R05,28.131,0.2406,4.17,48.238,77.105,6.217,1
2025-04-12,R05,25.983,0.3316,7.436,51.353,51.271,8.997,1
2025-04-13,R05,26.71,0.3324,7.583,57.779,51.652,7.778,1
2025-04-14,R05,26.698,0.2772,1.974,52.0,73.006,6.975,1
2025-04-15,R05,31.577,0.141,3.913,48.424,57.287,9.233,1
2025-04-16,R05,27.704,0.2156,2.005,50.327,29.694,8.631,1
2025-04-17,R05,28.854,0.217,15.696,53.131,54.772,8.833,1
2025-04-18,R05,26.686,0.235,9.047,53.273,45.308,8.624,1
2025-04-19,R05,26.236,0.3542,11.126,57.529,76.843,8.389,1
2025-04-20,R05,28.18,0.2839,16.681,55.007,69.325,7.295,1
2025-04-21,R05,27.359,0.2704,10.037,58.711,32.322,8.522,1
2025-04-22,R05,24.177,0.381,9.996,53.31,43.74,9.128,1
2025-04-23,R05,27.265,0.3396,3.367,51.571,40.731,8.909,1
2025-04-24,R05,22.449,0.2398,15.35,60.468,77.302,4.591,0
2025-04-25,R05,28.192,0.2651,8.412,54.064,26.929,9.759,1
2025-04-26,R05,28.91,0.2743,3.739,48.829,35.947,9.414,1
2025-04-27,R05,26.931,0.31,11.767,55.465,49.272,7.709,1
2025-04-28,R05,26.589,0.3116,3.988,51.576,53.709,8.124,1
2025-04-29,R05,26.397,0.2912,10.173,54.191,68.208,7.491,1
2025-04-30,R05,24.272,0.3616,3.261,52.044,36.218,9.12,1
2025-05-01,R05,28.261,0.2295,6.236,46.508,30.908,9.852,1
2025-05-02,R05,24.206,0.4389,7.185,53.716,50.232,8.366,1
2025-05-03,R05,28.032,0.2581,11.196,52.628,60.759,9.131,1
2025-05-04,R05,26.575,0.3072,25.13,60.285,39.82,9.058,0
2025-05-05,R05,26.065,0.2861,9.709,53.037,72.603,6.945,1
2025-05-06,R05,27.037,0.3482,11.541,54.358,50.719,8.61,1
2025-05-07,R05,25.249,0.3017,4.682,53.222,29.605,9.267,1
2025-05-08,R05,26.308,0.2502,12.908,47.704,42.79,8.88,1
2025-05-09,R05,26.242,0.4172,5.465,53.403,46.64,9.458,1
2025-05-10,R05,26.188,0.2759,5.529,53.134,63.876,7.956,1
2025-05-11,R05,21.373,0.3721,10.406,58.232,42.995,8.434,1
2025-05-12,R05,28.291,0.377,18.334,53.592,89.037,6.732,1
2025-05-13,R05,29.968,0.2185,7.638,51.845,69.708,9.228,1
2025-05-14,R05,25.284,0.307,5.556,54.523,47.331,6.687,1
2025-05-15,R05,26.877,0.3964,3.394,51.484,74.712,7.064,1
2025-05-16,R05,23.271,0.2881,2.562,51.298,21.842,9.685,1
2025-05-17,R05,26.342,0.3076,26.584,56.104,68.622,8.239,1
2025-05-18,R05,24.064,0.3038,4.997,54.699,71.154,6.051,1
2025-05-19,R05,26.84,0.2889,5.123,52.594,27.953,8.977,1
2025-05-20,R05,26.493,0.2913,4.52,49.76,39.61,8.183,1
2025-05-21,R05,22.855,0.3785,5.848,55.163,59.186,7.203,1
2025-05-22,R05,25.632,0.3289,7.508,48.275,64.039,6.549,1
2025-05-23,R05,26.024,0.3638,15.41,58.174,52.791,9.041,1
2025-05-24,R05,24.794,0.2721,13.121,58.717,59.425,7.699,1
2025-05-25,R05,21.841,0.233,8.475,53.537,58.198,7.039,1
2025-05-26,R05,27.762,0.274,5.856,52.327,65.046,7.814,1
2025-05-27,R05,24.741,0.3659,3.049,49.935,54.5,8.067,1
2025-05-28,R05,26.062,0.3244,22.034,55.433,52.857,8.111,1
2025-05-29,R05,24.16,0.4158,7.789,54.36,55.777,7.119,1
2025-05-30,R05,22.905,0.3739,12.041,55.531,58.956,6.434,1
2025-05-31,R05,26.293,0.311,8.315,55.4,46.816,9.042,1
2025-06-01,R05,25.363,0.3537,5.085,51.162,31.028,11.331,1
2025-06-02,R05,24.541,0.3662,13.314,51.833,60.079,6.14,0
2025-06-03,R05,23.503,0.3234,3.992,53.15,19.812,7.007,1
2025-06-04,R05,26.294,0.249,10.825,56.902,43.61,6.989,1
2025-06-05,R05,25.058,0.3156,5.491,50.788,52.222,8.134,1
2025-06-06,R05,26.161,0.1741,46.296,68.716,69.816,6.425,0
2025-06-07,R05,26.282,0.2893,21.313,56.004,50.787,8.881,1
2025-06-08,R05,27.337,0.3364,1.763,55.662,44.927,8.021,1
2025-06-09,R05,24.023,0.3206,18.642,56.763,42.768,9.477,1
2025-06-10,R05,26.075,0.2055,3.197,52.163,44.818,9.582,1
2025-06-11,R05,23.137,0.3354,32.667,64.275,64.689,7.734,0
2025-06-12,R05,27.222,0.4112,11.252,56.601,62.436,8.08,1
2025-06-13,R05,25.307,0.3076,1.621,54.153,12.49,10.956,1
2025-06-14,R05,25.018,0.3719,11.851,54.625,29.001,9.709,1
2025-06-15,R05,26.653,0.3328,1.25,50.253,66.523,7.344,1
2025-06-16,R05,25.437,0.2498,14.54,51.377,55.124,7.358,1
2025-06-17,R05,25.118,0.3096,1.623,46.33,35.291,8.092,1
2025-06-18,R05,24.138,0.2979,1.93,55.998,23.912,9.884,1
2025-06-19,R05,22.278,0.344,9.385,56.556,72.409,7.39,1
2025-06-20,R05,23.743,0.3483,12.505,55.614,53.324,7.218,1
2025-06-21,R05,24.851,0.3123,19.953,59.744,52.924,8.399,1
2025-06-22,R05,23.157,0.4132,17.706,51.635,51.766,7.58,1
2025-06-23,R05,23.759,0.2937,16.481,58.834,76.196,6.77,1
2025-06-24,R05,24.666,0.2931,2.009,49.705,57.674,7.655,1
2025-06-25,R05,23.567,0.4107,2.064,50.882,46.482,6.956,1
2025-06-26,R05,25.477,0.3175,4.023,52.358,51.23,8.105,1
2025-06-27,R05,24.574,0.2826,4.31,49.966,24.304,9.195,1
2025-06-28,R05,22.364,0.3054,7.27,54.674,30.688,7.495,1
2025-06-29,R05,23.295,0.3629,13.527,55.307,64.325,6.607,1
2025-06-30,R05,23.43,0.2819,2.506,50.725,20.217,9.655,1
2025-07-01,R05,24.321,0.399,1.715,51.221,46.919,8.196,1
2025-07-02,R05,24.607,0.2015,4.216,53.845,36.137,8.619,1
2025-07-03,R05,25.966,0.3624,23.21,59.107,56.05,7.653,1
2025-07-04,R05,19.113,0.3822,30.466,66.875,90.106,4.805,0
2025-07-05,R05,22.124,0.4595,8.343,52.605,27.886,8.986,1
2025-07-06,R05,19.944,0.4069,13.935,56.917,77.591,5.288,0
2025-07-07,R05,22.793,0.365,33.751,61.418,73.322,6.114,0
2025-07-08,R05,21.822,0.3756,7.631,47.96,45.66,8.687,1
2025-07-09,R05,19.928,0.3713,4.963,56.78,30.116,7.77,1
2025-07-10,R05,22.928,0.32,4.206,52.831,37.434,7.675,1
2025-07-11,R05,19.757,0.336,4.951,60.54,35.122,6.728,1
2025-07-12,R05,18.798,0.418,7.746,60.651,45.992,6.163,0
2025-07-13,R05,22.949,0.3309,1.699,52.304,41.103,7.973,1
2025-07-14,R05,24.159,0.2996,9.983,57.757,48.073,6.581,0
2025-07-15,R05,23.02,0.4265,27.083,60.39,68.181,5.766,0
2025-07-16,R05,25.087,0.3738,8.24,52.236,56.756,6.416,1
2025-07-17,R05,20.544,0.353,1.439,56.334,63.943,5.406,0
2025-07-18,R05,20.767,0.3897,5.733,56.604,64.781,6.171,0
2025-07-19,R05,22.316,0.3113,13.017,59.004,57.58,7.57,1
2025-07-20,R05,21.652,0.438,9.549,56.367,16.383,10.087,1
2025-07-21,R05,22.831,0.3398,11.819,57.082,61.495,7.172,1
2025-07-22,R05,20.432,0.2573,44.837,67.876,69.961,6.405,0
2025-07-23,R05,24.54,0.3314,4.475,54.243,44.652,7.721,1
2025-07-24,R05,18.784,0.4903,7.559,60.992,43.546,6.846,1
2025-07-25,R05,17.58,0.3416,12.425,61.508,18.591,8.732,0
2025-07-26,R05,22.976,0.4136,10.87,54.539,53.8,5.117,0
2025-07-27,R05,20.31,0.3855,20.089,61.248,57.024,6.602,0
2025-07-28,R05,19.329,0.3834,9.481,61.232,31.79,7.461,1
2025-07-29,R05,19.927,0.4477,2.902,57.033,67.782,4.94,0
2025-07-30,R05,22.216,0.4197,21.378,61.786,47.859,6.787,0
2025-07-31,R05,21.826,0.3643,12.067,53.926,46.118,6.985,1
2025-08-01,R05,20.87,0.3541,4.132,56.558,75.476,6.794,1
2025-08-02,R05,22.122,0.3568,4.102,49.338,25.958,9.126,1
2025-08-03,R05,17.557,0.3924,2.214,57.185,36.241,8.936,1
2025-08-04,R05,18.96,0.2854,27.802,68.391,48.137,7.662,0
2025-08-05,R05,21.264,0.3484,1.058,50.635,39.864,8.792,1
2025-08-06,R05,19.86,0.3835,5.453,58.048,52.655,7.375,1
2025-08-07,R05,21.931,0.3645,20.089,60.399,67.127,6.521,0
2025-08-08,R05,20.88,0.291,16.789,57.21,70.749,6.791,1
2025-08-09,R05,19.013,0.4194,11.741,59.995,52.161,5.891,0
2025-08-10,R05,18.258,0.3552,5.26,56.646,27.244,6.706,0
2025-08-11,R05,21.655,0.2924,10.191,58.592,73.253,5.378,1
2025-08-12,R05,21.374,0.3052,14.849,59.274,62.652,5.534,1
2025-08-13,R05,22.104,0.3101,9.223,53.725,67.086,5.814,1
2025-08-14,R05,22.091,0.2538,11.278,52.513,76.525,5.6,1
2025-08-15,R05,17.979,0.3607,9.28,60.573,70.51,5.477,0
2025-08-16,R05,19.368,0.3097,0.566,50.487,19.963,9.06,1
2025-08-17,R05,21.687,0.37,12.441,58.303,49.245,7.412,1
2025-08-18,R05,19.784,0.2831,5.844,60.474,50.205,6.29,0
2025-08-19,R05,22.251,0.3973,6.515,56.548,31.229,7.241,1
2025-08-20,R05,19.839,0.4607,5.207,53.286,31.672,8.111,1
2025-08-21,R05,18.096,0.3915,7.047,57.891,59.286,5.996,0
2025-08-22,R05,19.344,0.4454,11.451,59.065,58.3,6.664,0
2025-08-23,R05,18.636,0.3181,4.176,48.976,85.011,4.22,1
2025-08-24,R05,18.513,0.4817,17.463,61.083,58.609,5.471,0
2025-08-25,R05,25.31,0.4114,8.046,58.824,59.585,7.996,1
2025-08-26,R05,20.961,0.2918,3.978,58.804,43.558,7.316,1
2025-08-27,R05,19.209,0.3542,27.565,67.556,85.216,4.471,0
2025-08-28,R05,21.296,0.4446,3.555,55.31,34.089,7.249,1
2025-08-29,R05,18.039,0.3434,25.7,64.812,86.738,4.342,0
2025-08-30,R05,18.83,0.3476,5.398,57.938,38.5,7.837,1
2025-08-31,R05,20.134,0.327,1.137,52.495,27.455,9.676,1
2025-09-01,R05,20.62,0.4315,25.631,64.711,63.676,7.583,0
2025-09-02,R05,18.451,0.3762,3.197,61.049,36.957,8.153,1
2025-09-03,R05,17.615,0.4075,16.277,57.054,75.326,4.94,0
2025-09-04,R05,18.802,0.3419,4.16,54.17,31.854,7.241,1
2025-09-05,R05,18.177,0.2946,14.529,64.225,60.093,5.533,0
2025-09-06,R05,17.522,0.3983,35.158,67.289,75.959,4.508,0
2025-09-07,R05,20.878,0.2975,30.221,70.515,57.23,6.823,0
2025-09-08,R05,20.925,0.3626,1.411,54.18,48.679,6.156,1
2025-09-09,R05,22.538,0.3224,5.683,57.321,67.962,7.243,1
2025-09-10,R05,21.511,0.4312,11.303,59.323,77.362,7.082,0
2025-09-11,R05,16.043,0.3201,14.922,61.52,56.937,5.517,0
2025-09-12,R05,19.677,0.3751,14.874,60.053,40.857,7.152,1
2025-09-13,R05,20.528,0.3625,9.319,58.036,76.901,4.322,0
2025-09-14,R05,20.539,0.3601,16.336,62.1,47.567,7.447,0
2025-09-15,R05,19.055,0.4241,5.684,55.635,31.673,7.798,1
2025-09-16,R05,19.164,0.2681,3.231,53.954,57.651,6.664,1
2025-09-17,R05,15.952,0.448,6.711,57.566,64.195,4.625,0
2025-09-18,R05,16.88,0.3546,8.744,57.879,54.377,4.525,0
2025-09-19,R05,19.029,0.4478,2.745,58.461,79.682,4.164,0
2025-09-20,R05,17.484,0.3936,13.142,56.895,61.971,7.528,0
2025-09-21,R05,20.255,0.4095,11.878,56.027,61.676,5.572,0
2025-09-22,R05,16.423,0.4991,17.291,66.337,70.434,4.723,0
2025-09-23,R05,20.862,0.3417,2.852,53.62,37.602,7.919,1
2025-09-24,R05,16.334,0.4265,10.546,61.495,50.273,6.998,0
2025-09-25,R05,15.162,0.3631,1.076,56.45,5,7.075,0
2025-09-26,R05,16.796,0.476,14.675,56.622,24.583,6.112,0
2025-09-27,R05,20.887,0.3592,4.652,48.817,59.141,5.79,1
2025-09-28,R05,18.167,0.4023,6.342,57.65,51.941,7.581,1
2025-09-29,R05,15.211,0.3102,2.695,64.444,28.517,7.32,0
2025-09-30,R05,19.073,0.4504,0.073,49.603,8.627,9.355,1
2025-10-01,R05,17.872,0.3813,5.75,52.781,34.096,6.881,1
2025-10-02,R05,19.528,0.3877,8.669,58.538,72.522,6.524,1
2025-10-03,R05,18.665,0.2954,8.684,60.079,52.933,5.939,0
2025-10-04,R05,18.052,0.429,12.671,58.423,64.36,6.356,0
2025-10-05,R05,18.865,0.4471,15.656,60.42,69.68,6.029,0
2025-10-06,R05,16.473,0.21,11.343,55.826,48.077,5.538,0
2025-10-07,R05,22.806,0.1277,11.428,57.846,50.049,7.421,1
2025-10-08,R05,17.056,0.4103,2.483,53.735,34.067,7.737,1
2025-10-09,R05,19.445,0.3763,3.988,55.424,29.558,8.26,1
2025-10-10,R05,20.872,0.455,0.705,55.023,32.259,8.901,1
2025-10-11,R05,19.794,0.4374,9.25,57.741,69.224,6.111,0
2025-10-12,R05,18.768,0.3734,1.619,59.808,49.4,7.511,0
2025-10-13,R05,18.225,0.3439,9.577,57.997,66.399,6.623,0
2025-10-14,R05,19.349,0.412,17.574,67.057,59.012,5.239,0
2025-10-15,R05,18.988,0.3834,1.314,53.76,53.211,6.697,1
2025-10-16,R05,19.597,0.3547,24.413,64.47,52.812,7.681,0
2025-10-17,R05,18.144,0.3608,18.921,60.493,57.434,6.787,0
2025-10-18,R05,22.14,0.271,6.088,62.085,35.255,7.511,1
2025-10-19,R05,18.7,0.311,1.447,57.639,53.969,7.005,0
2025-10-20,R05,17.652,0.3984,6.721,60.802,31.009,8.51,1
2025-10-21,R05,19.955,0.3686,6.416,59.091,29.72,7.865,1
2025-10-22,R05,17.634,0.4469,35.554,66.944,46.368,6.377,0
2025-10-23,R05,17.328,0.3907,0.822,54.833,24.464,8.219,1
2025-10-24,R05,18.925,0.3081,19.332,60.666,50.048,6.375,0
2025-10-25,R05,17.485,0.3377,16.637,56.483,59.755,6.979,0
2025-10-26,R05,19.512,0.4462,28.761,65.281,64.34,6.358,0
2025-10-27,R05,18.19,0.4636,21.04,60.108,100,2.375,0
2025-10-28,R05,19.072,0.435,7.509,59.215,37.763,7.655,0
2025-10-29,R05,19.183,0.3927,5.2,56.067,59.63,6.203,1
2025-10-30,R05,19.216,0.2984,2.673,52.163,35.813,8.025,1
2025-10-31,R05,20.552,0.2935,3.216,52.317,23.801,7.454,1
2025-11-01,R05,19.644,0.3172,6.408,58.671,50.721,7.681,0
2025-11-02,R05,19.652,0.4563,4.236,59.82,34.409,7.865,1
2025-11-03,R05,20.515,0.3913,14.085,62.72,78.737,5.389,0
2025-11-04,R05,19.691,0.2729,8.224,56.311,53.707,5.497,1
2025-11-05,R05,20.351,0.2819,14.147,57.727,81.716,5.682,0
2025-11-06,R05,19.148,0.3635,6.853,51.971,47.381,7.948,1
2025-11-07,R05,20.312,0.3615,4.083,58.144,67.541,6.292,1
2025-11-08,R05,17.029,0.4024,3.698,59.946,19.617,8.044,1
2025-11-09,R05,20.803,0.2975,19.18,60.852,60.856,5.859,0
2025-11-10,R05,18.598,0.4654,10.732,54.589,46.959,6.036,0
2025-11-11,R05,18.529,0.4355,11.273,60.727,58.158,6.666,0
2025-11-12,R05,19.108,0.2894,8.977,58.21,63.962,6.213,1
2025-11-13,R05,21.104,0.3297,3.486,51.366,59.608,6.528,1
2025-11-14,R05,18.169,0.3904,2.722,52.792,51.012,6.428,1
2025-11-15,R05,21.691,0.3416,13.66,58.604,63.494,6.285,0
2025-11-16,R05,21.321,0.4224,3.2,55.791,13.486,8.311,1
2025-11-17,R05,19.319,0.2569,2.25,53.566,39.298,7.94,1
2025-11-18,R05,20.958,0.2775,3.245,56.269,45.281,6.32,1
2025-11-19,R05,20.128,0.3659,11.123,56.688,64.552,4.966,0
2025-11-20,R05,18.567,0.3737,7.202,58.782,31.318,7.184,1
2025-11-21,R05,19.664,0.3447,14.859,61.22,76.94,5.147,0
2025-11-22,R05,18.653,0.3543,5.365,59.971,42.968,7.525,1
2025-11-23,R05,18.697,0.3629,6.324,56.308,42.586,8.395,1
2025-11-24,R05,22.041,0.3551,2.104,52.0,49.032,6.695,1
2025-11-25,R05,21.759,0.3041,8.819,52.694,52.667,7.49,1
2025-11-26,R05,17.23,0.4058,3.033,55.031,59.31,6.405,0
2025-11-27,R05,19.087,0.4921,6.985,55.383,48.942,6.757,0
2025-11-28,R05,20.445,0.4507,26.613,62.911,65.313,6.347,0
2025-11-29,R05,21.312,0.3853,1.911,48.266,22.688,9.776,1
2025-11-30,R05,21.891,0.3278,4.149,55.952,58.871,6.516,1
2025-12-01,R05,17.961,0.5212,2.657,59.694,49.428,6.311,0
2025-12-02,R05,24.605,0.3636,8.64,53.622,43.617,9.887,1
2025-12-03,R05,19.684,0.3777,12.914,64.367,71.244,3.772,0
2025-12-04,R05,20.597,0.3813,21.553,62.195,68.42,6.588,0
2025-12-05,R05,22.332,0.3388,11.339,54.004,66.459,7.095,1
2025-12-06,R05,20.719,0.318,8.883,61.816,35.432,7.937,1
2025-12-07,R05,21.781,0.4213,9.109,55.142,52.287,7.563,1
2025-12-08,R05,22.418,0.3306,10.027,55.667,77.884,6.92,1
2025-12-09,R05,21.515,0.3784,0.439,52.436,17.077,9.047,1
2025-12-10,R05,24.482,0.3748,4.831,50.99,50.207,8.127,1
2025-12-11,R05,24.643,0.3312,1.083,54.288,79.159,7.895,1
2025-12-12,R05,23.506,0.2765,11.848,59.122,39.791,6.275,0
2025-12-13,R05,19.162,0.4132,3.692,55.315,48.405,7.759,1
2025-12-14,R05,24.659,0.2993,4.158,48.075,15.468,10.53,1
2025-12-15,R05,22.534,0.4038,6.107,53.156,20.335,8.9,1
2025-12-16,R05,18.436,0.4322,11.098,61.897,47.267,7.259,0
2025-12-17,R05,22.416,0.4063,19.648,55.796,61.225,7.067,0
2025-12-18,R05,25.608,0.3674,9.434,54.41,63.381,8.001,1
2025-12-19,R05,22.01,0.3922,6.185,55.08,30.552,8.394,1
2025-12-20,R05,20.806,0.237,2.759,55.605,34.505,6.45,1
2025-12-21,R05,25.688,0.3199,35.618,64.158,66.456,7.699,0
2025-12-22,R05,18.092,0.4363,2.739,56.907,68.65,5.661,0
2025-12-23,R05,21.466,0.3294,5.715,50.534,16.931,9.537,1
2025-12-24,R05,24.219,0.2871,5.66,50.88,62.647,6.496,1
2025-12-25,R05,22.849,0.3662,12.526,63.234,50.247,7.67,0
2025-12-26,R05,22.297,0.4007,5.64,48.557,23.615,8.393,1
2025-12-27,R05,21.118,0.3287,10.101,59.557,50.869,6.286,0
2025-12-28,R05,26.647,0.2486,5.069,49.33,65.834,7.339,1
2025-12-29,R05,24.181,0.2715,4.573,55.972,17.92,8.628,1
2025-12-30,R05,20.205,0.3765,2.017,55.565,45.302,7.553,1
2025-12-31,R05,21.9,0.268,4.453,50.636,42.471,8.655,1
2025-01-01,R06,25.825,0.6485,3.976,26.634,69.026,7.24,1
2025-01-02,R06,33.377,0.5493,23.522,28.55,59.038,10.094,1
2025-01-03,R06,31.284,0.5651,14.346,26.573,50.071,9.525,1
2025-01-04,R06,27.882,0.712,26.652,32.221,58.949,7.77,1
2025-01-05,R06,30.531,0.5504,2.278,23.697,77.688,9.752,1
2025-01-06,R06,29.379,0.583,4.862,25.7,57.076,6.824,1
2025-01-07,R06,25.086,0.6553,35.549,36.882,55.575,8.777,1
2025-01-08,R06,29.021,0.4833,5.93,24.669,57.864,9.307,1
2025-01-09,R06,31.063,0.6011,0.671,19.788,26.099,10.504,1
2025-01-10,R06,26.446,0.6335,20.815,26.502,82.268,6.35,1
2025-01-11,R06,28.191,0.4882,13.402,32.212,52.344,8.952,1
2025-01-12,R06,31.508,0.5473,12.038,26.138,75.019,8.651,1
2025-01-13,R06,29.664,0.5867,8.216,22.383,57.785,8.806,1
2025-01-14,R06,28.967,0.701,5.772,26.293,63.68,7.395,1
2025-01-15,R06,29.474,0.4803,3.057,22.937,36.527,10.366,1
2025-01-16,R06,29.619,0.6837,9.061,25.306,80.675,8.038,1
2025-01-17,R06,30.311,0.4456,0.295,19.633,43.357,7.668,1
2025-01-18,R06,29.944,0.6073,10.859,23.555,45.793,8.514,1
2025-01-19,R06,30.061,0.5448,19.154,24.572,44.502,9.186,1
2025-01-20,R06,31.783,0.4858,16.336,24.807,63.11,9.059,1
2025-01-21,R06,29.246,0.5298,0.156,19.216,30.162,8.853,1
2025-01-22,R06,27.048,0.6229,9.701,32.785,37.474,10.475,1
2025-01-23,R06,29.968,0.4821,7.425,25.362,40.126,8.492,1
2025-01-24,R06,30.515,0.6084,2.822,19.825,82.985,7.016,1
2025-01-25,R06,32.08,0.5552,3.883,24.911,74.537,8.507,1
2025-01-26,R06,34.684,0.6069,9.472,25.008,68.886,9.779,1
2025-01-27,R06,33.075,0.5078,21.823,33.98,69.227,7.391,1
2025-01-28,R06,32.139,0.5595,24.431,29.119,77.0,6.883,1
2025-01-29,R06,30.967,0.5151,2.673,27.923,50.012,8.714,1
2025-01-30,R06,31.432,0.5971,4.642,25.73,80.867,6.768,1
2025-01-31,R06,32.335,0.459,15.83,24.511,55.366,10.866,1
2025-02-01,R06,33.961,0.5403,6.435,17.883,45.931,10.336,1
2025-02-02,R06,32.165,0.5905,2.372,20.566,61.662,10.544,1
2025-02-03,R06,31.828,0.4919,1.577,25.61,27.054,10.607,1
2025-02-04,R06,33.384,0.5289,10.935,22.215,70.753,9.562,1
2025-02-05,R06,34.261,0.4791,1.321,18.231,37.182,8.678,1
2025-02-06,R06,35.059,0.4701,3.625,22.546,67.52,9.228,1
2025-02-07,R06,35.332,0.6472,6.149,20.62,26.723,11.367,1
2025-02-08,R06,32.453,0.4743,1.718,24.329,75.87,7.516,1
2025-02-09,R06,31.699,0.4409,6.211,22.478,53.873,8.105,1
2025-02-10,R06,33.568,0.5543,11.457,23.708,77.759,10.477,1
2025-02-11,R06,31.252,0.5108,9.289,26.844,24.464,10.459,1
2025-02-12,R06,33.52,0.6248,28.0,28.419,65.005,9.628,1
2025-02-13,R06,31.289,0.5338,1.981,22.538,22.975,11.42,1
2025-02-14,R06,33.09,0.5994,10.813,21.917,58.016,10.834,1
2025-02-15,R06,32.996,0.6491,18.808,25.465,37.656,10.682,1
2025-02-16,R06,30.793,0.639,3.879,23.714,43.157,9.206,1
2025-02-17,R06,29.62,0.6109,15.396,30.801,44.996,9.517,1
2025-02-18,R06,29.725,0.6478,2.695,22.322,18.768,10.264,1
2025-02-19,R06,31.161,0.5062,9.309,23.094,47.368,10.586,1
2025-02-20,R06,34.116,0.6196,3.496,26.924,66.194,9.561,1
2025-02-21,R06,30.511,0.6263,17.825,27.088,84.47,7.84,1
2025-02-22,R06,30.994,0.4694,12.414,24.653,43.842,9.295,1
2025-02-23,R06,31.555,0.5941,1.6,16.513,22.4,12.121,1
2025-02-24,R06,30.533,0.591,4.044,19.515,17.605,10.696,1
2025-02-25,R06,35.136,0.3886,0.987,19.17,56.692,9.908,1
2025-02-26,R06,35.719,0.4324,16.601,29.282,57.282,11.315,1
2025-02-27,R06,31.853,0.4954,3.334,17.529,52.769,11.327,1
2025-02-28,R06,35.577,0.5469,11.286,25.751,44.88,9.745,1
2025-03-01,R06,30.006,0.441,4.775,21.105,75.453,8.071,1
2025-03-02,R06,34.507,0.5779,4.791,22.891,28.053,10.392,1
2025-03-03,R06,35.596,0.4455,2.982,20.749,38.831,9.445,1
2025-03-04,R06,35.134,0.5034,0.867,16.347,33.83,9.594,1
2025-03-05,R06,34.141,0.5532,8.776,27.539,50.186,10.12,1
2025-03-06,R06,31.361,0.4796,6.143,25.015,58.672,8.563,1
2025-03-07,R06,32.842,0.4898,0.485,19.243,18.895,10.751,1
2025-03-08,R06,32.671,0.5628,6.627,25.697,90.464,7.896,1
2025-03-09,R06,36.83,0.5871,11.715,21.439,62.59,9.611,1
2025-03-10,R06,33.707,0.4417,7.268,26.111,55.728,9.413,1
2025-03-11,R06,34.855,0.458,5.69,25.382,22.529,10.929,1
2025-03-12,R06,32.372,0.4901,31.458,33.247,37.588,10.693,1
2025-03-13,R06,35.064,0.5448,11.686,28.971,32.289,10.621,1
2025-03-14,R06,34.482,0.5196,11.861,25.353,57.898,10.006,1
2025-03-15,R06,34.44,0.5228,13.168,21.798,58.385,9.158,1
2025-03-16,R06,31.807,0.6667,29.482,36.503,66.6,9.065,1
2025-03-17,R06,33.984,0.5355,25.591,26.897,85.591,9.125,1
2025-03-18,R06,30.376,0.5346,4.281,25.402,61.677,9.608,1
2025-03-19,R06,29.028,0.5599,6.122,21.337,16.356,11.28,1
2025-03-20,R06,36.111,0.5123,4.365,22.556,61.427,9.687,1
2025-03-21,R06,36.261,0.4012,4.6,23.406,57.156,9.297,1
2025-03-22,R06,34.3,0.4976,8.702,28.001,46.974,11.908,1
2025-03-23,R06,33.779,0.5727,22.634,36.266,56.905,9.426,1
2025-03-24,R06,35.651,0.5038,25.416,30.452,66.301,9.462,1
2025-03-25,R06,33.304,0.5245,15.348,29.521,79.38,6.995,1
2025-03-26,R06,33.881,0.5086,20.662,29.619,67.366,9.322,1
2025-03-27,R06,36.758,0.5018,3.24,20.569,21.599,13.493,1
2025-03-28,R06,31.971,0.6409,1.675,18.442,73.356,9.548,1
2025-03-29,R06,33.173,0.4503,5.767,24.212,46.153,9.762,1
2025-03-30,R06,32.802,0.5686,2.027,16.636,36.669,9.957,1
2025-03-31,R06,32.265,0.5418,14.981,20.575,80.624,8.365,1
2025-04-01,R06,34.806,0.4896,4.086,21.294,69.309,10.067,1
2025-04-02,R06,36.037,0.5555,8.089,23.203,49.282,9.657,1
2025-04-03,R06,34.569,0.4823,4.423,15.857,39.816,11.948,1
2025-04-04,R06,33.41,0.5418,2.509,26.093,32.312,10.665,1
2025-04-05,R06,31.58,0.4425,11.769,26.478,32.252,9.806,1
2025-04-06,R06,33.826,0.5961,1.426,15.283,43.511,10.809,1
2025-04-07,R06,34.507,0.5346,1.637,18.498,20.023,12.561,1
2025-04-08,R06,34.852,0.4614,9.694,27.362,60.41,10.025,1
2025-04-09,R06,33.245,0.5426,17.499,22.788,59.738,9.376,1
2025-04-10,R06,34.929,0.5049,0.71,21.413,19.735,11.462,1
2025-04-11,R06,33.532,0.5958,6.691,20.086,52.083,9.694,1
2025-04-12,R06,32.891,0.4539,1.112,19.427,43.844,10.095,1
2025-04-13,R06,34.252,0.5223,17.214,27.448,69.338,8.522,1
2025-04-14,R06,36.542,0.5815,12.42,17.897,47.371,11.627,1
2025-04-15,R06,33.83,0.5614,1.188,29.042,56.53,10.174,1
2025-04-16,R06,35.227,0.4416,2.91,15.922,31.204,10.698,1
2025-04-17,R06,34.536,0.5225,6.375,19.364,40.147,9.19,1
2025-04-18,R06,32.455,0.5065,7.045,22.972,35.634,9.741,1
2025-04-19,R06,33.491,0.5283,1.665,24.811,17.36,11.714,1
2025-04-20,R06,34.77,0.5346,9.52,22.236,91.362,9.228,1
2025-04-21,R06,28.817,0.6338,2.348,23.098,46.097,10.438,1
2025-04-22,R06,30.934,0.4991,7.005,27.008,43.876,10.266,1
2025-04-23,R06,35.748,0.5825,14.506,30.188,63.655,9.794,1
2025-04-24,R06,36.926,0.4849,1.435,14.59,5,13.992,1
2025-04-25,R06,33.429,0.5939,6.943,20.947,46.976,9.799,1
2025-04-26,R06,36.204,0.5004,6.884,18.877,80.275,8.913,1
2025-04-27,R06,33.938,0.6467,2.007,25.478,25.269,9.784,1
2025-04-28,R06,31.15,0.4708,11.098,29.63,61.663,9.937,1
2025-04-29,R06,34.904,0.5648,8.138,23.22,71.418,9.794,1
2025-04-30,R06,35.788,0.5494,19.725,24.572,57.048,12.338,1
2025-05-01,R06,32.587,0.6383,12.814,29.856,68.586,8.39,1
2025-05-02,R06,33.906,0.6029,2.147,25.595,79.698,8.935,1
2025-05-03,R06,34.555,0.5493,2.499,21.34,29.088,11.49,1
2025-05-04,R06,35.823,0.4153,3.589,26.493,47.008,10.737,1
2025-05-05,R06,31.175,0.6507,19.534,29.419,61.355,8.173,1
2025-05-06,R06,34.519,0.5767,6.418,19.349,29.186,10.024,1
2025-05-07,R06,33.101,0.5056,4.656,23.996,36.214,11.281,1
2025-05-08,R06,33.277,0.5087,2.346,25.022,57.389,10.173,1
2025-05-09,R06,36.899,0.4121,3.564,27.331,56.03,11.679,1
2025-05-10,R06,30.729,0.5967,2.674,25.978,37.385,9.332,1
2025-05-11,R06,36.982,0.508,2.818,25.259,56.956,10.45,1
2025-05-12,R06,35.123,0.4619,6.723,18.529,65.928,9.259,1
2025-05-13,R06,32.827,0.482,7.429,21.338,48.301,8.925,1
2025-05-14,R06,29.29,0.5839,19.126,26.486,72.262,7.379,1
2025-05-15,R06,32.628,0.5183,7.89,22.762,78.095,8.776,1
2025-05-16,R06,35.467,0.5724,11.21,17.878,51.778,9.745,1
2025-05-17,R06,34.598,0.4651,18.309,28.698,52.303,10.031,1
2025-05-18,R06,32.333,0.6385,26.46,31.768,83.426,8.312,1
2025-05-19,R06,34.296,0.5625,13.663,30.204,61.21,9.377,1
2025-05-20,R06,33.747,0.665,9.308,23.435,55.131,10.273,1
2025-05-21,R06,34.66,0.5362,8.687,19.61,42.295,9.841,1
2025-05-22,R06,31.565,0.5732,15.28,25.497,55.673,8.752,1
2025-05-23,R06,31.755,0.5568,8.558,18.709,78.611,7.945,1
2025-05-24,R06,32.872,0.4431,7.192,21.778,67.569,8.126,1
2025-05-25,R06,30.88,0.6216,4.541,21.089,53.107,8.671,1
2025-05-26,R06,33.634,0.58,6.007,20.019,68.506,8.015,1
2025-05-27,R06,32.546,0.5353,2.234,21.106,62.287,8.605,1
2025-05-28,R06,32.596,0.5776,14.563,26.608,79.136,7.159,1
2025-05-29,R06,32.513,0.4863,8.842,21.128,63.211,10.5,1
2025-05-30,R06,31.965,0.5072,5.493,21.066,44.701,10.84,1
2025-05-31,R06,31.952,0.5223,4.829,22.779,53.354,9.155,1
2025-06-01,R06,29.201,0.5333,3.17,21.424,40.501,10.328,1
2025-06-02,R06,32.682,0.6175,8.043,21.699,41.158,9.328,1
2025-06-03,R06,32.318,0.6059,18.275,31.125,59.402,10.218,1
2025-06-04,R06,32.644,0.5473,10.567,19.431,50.105,9.282,1
2025-06-05,R06,29.817,0.5541,5.0,25.781,21.693,10.795,1
2025-06-06,R06,32.169,0.6014,5.219,16.799,57.224,9.526,1
2025-06-07,R06,34.101,0.4987,3.384,23.052,54.508,10.684,1
2025-06-08,R06,33.033,0.5195,23.365,24.698,71.795,9.119,1
2025-06-09,R06,30.461,0.4475,9.849,29.546,59.397,9.038,1
2025-06-10,R06,33.65,0.5321,4.338,26.881,37.48,11.417,1
2025-06-11,R06,30.722,0.5943,3.031,19.0,60.898,8.043,1
2025-06-12,R06,32.069,0.584,2.369,17.538,33.803,9.101,1
2025-06-13,R06,31.728,0.5213,2.93,22.603,47.171,8.886,1
2025-06-14,R06,30.691,0.5801,2.715,21.293,76.27,7.152,1
2025-06-15,R06,31.263,0.7177,14.509,29.358,39.804,9.148,1
2025-06-16,R06,27.738,0.6005,17.644,28.502,68.738,7.532,1
2025-06-17,R06,29.955,0.6501,4.365,23.23,48.795,9.694,1
2025-06-18,R06,31.119,0.5426,5.6,26.237,45.94,9.595,1
2025-06-19,R06,33.146,0.4566,5.203,16.569,67.159,8.653,1
2025-06-20,R06,27.95,0.6002,23.181,36.251,56.296,7.874,1
2025-06-21,R06,35.237,0.5314,12.481,24.583,59.574,9.772,1
2025-06-22,R06,32.142,0.6414,28.703,31.035,57.991,8.0,1
2025-06-23,R06,31.667,0.5249,17.244,28.122,75.55,7.862,1
2025-06-24,R06,32.558,0.5523,43.898,37.425,97.341,7.843,1
2025-06-25,R06,28.828,0.5804,6.982,30.475,33.787,7.855,1
2025-06-26,R06,29.194,0.6126,13.524,27.016,44.701,9.638,1
2025-06-27,R06,32.93,0.4944,8.211,20.572,58.156,8.888,1
2025-06-28,R06,29.194,0.4762,8.776,27.376,35.314,9.485,1
2025-06-29,R06,27.586,0.5996,11.424,31.206,66.978,7.694,1
2025-06-30,R06,28.522,0.6592,6.666,22.939,80.933,8.238,1
2025-07-01,R06,29.527,0.4899,15.994,22.392,45.116,8.523,1
2025-07-02,R06,30.178,0.5061,5.509,27.74,75.659,7.845,1
2025-07-03,R06,28.569,0.609,8.761,27.924,29.748,10.548,1
2025-07-04,R06,27.029,0.6064,19.053,27.107,80.56,7.53,1
2025-07-05,R06,31.106,0.5685,18.149,26.816,48.825,9.713,1
2025-07-06,R06,27.085,0.6151,3.491,17.903,46.96,8.696,1
2025-07-07,R06,28.196,0.4966,3.532,24.169,45.279,9.474,1
2025-07-08,R06,29.078,0.5333,14.895,25.033,80.375,8.767,1
2025-07-09,R06,27.947,0.6295,14.302,29.173,66.977,7.859,1
2025-07-10,R06,28.505,0.5411,11.307,26.217,57.683,9.258,1
2025-07-11,R06,28.952,0.666,7.837,28.307,64.04,8.298,1
2025-07-12,R06,32.524,0.6155,9.365,26.239,76.531,8.407,1
2025-07-13,R06,27.454,0.5011,3.052,34.158,24.498,9.57,1
2025-07-14,R06,30.709,0.5412,7.179,21.693,85.973,6.654,1
2025-07-15,R06,25.196,0.6957,2.391,21.615,33.66,8.152,1
2025-07-16,R06,28.388,0.5844,3.864,21.979,66.599,7.211,1
2025-07-17,R06,28.757,0.5937,7.426,23.803,42.379,10.076,1
2025-07-18,R06,25.396,0.6758,10.607,27.032,73.714,7.068,1
2025-07-19,R06,24.869,0.6257,8.779,30.277,93.848,4.813,1
2025-07-20,R06,30.147,0.5371,16.204,26.132,85.183,8.417,1
2025-07-21,R06,27.209,0.7137,11.12,30.187,87.634,5.904,1
2025-07-22,R06,27.059,0.7021,3.37,25.708,45.932,7.961,1
2025-07-23,R06,27.163,0.6846,4.508,26.195,38.281,9.25,1
2025-07-24,R06,25.259,0.656,11.456,31.587,55.946,8.874,1
2025-07-25,R06,29.083,0.5662,20.281,33.526,39.72,8.992,1
2025-07-26,R06,26.215,0.6627,3.566,28.333,21.72,9.224,1
2025-07-27,R06,28.762,0.6494,19.847,30.508,63.843,8.263,1
2025-07-28,R06,26.559,0.6341,32.915,37.289,65.712,6.929,1
2025-07-29,R06,29.883,0.5879,4.836,23.463,44.297,8.942,1
2025-07-30,R06,27.553,0.5964,2.965,26.462,22.048,10.61,1
2025-07-31,R06,26.753,0.5758,6.916,29.506,59.015,7.707,1
2025-08-01,R06,29.634,0.5766,13.723,27.026,37.85,9.611,1
2025-08-02,R06,27.042,0.5992,3.459,26.79,53.341,6.909,1
2025-08-03,R06,29.194,0.5305,7.235,27.116,53.175,7.555,1
2025-08-04,R06,25.64,0.5813,21.284,33.118,68.188,7.206,1
2025-08-05,R06,26.733,0.6708,17.526,31.377,85.045,4.521,1
2025-08-06,R06,23.153,0.6403,6.405,32.427,75.15,6.23,1
2025-08-07,R06,27.806,0.6428,4.705,24.503,40.043,8.022,1
2025-08-08,R06,28.004,0.5161,1.923,25.202,7.645,10.236,1
2025-08-09,R06,28.534,0.5485,11.077,27.669,82.416,7.825,1
2025-08-10,R06,26.452,0.6568,17.837,34.189,64.2,6.361,1
2025-08-11,R06,25.309,0.6241,31.065,38.409,65.092,7.075,0
2025-08-12,R06,24.331,0.7685,1.592,29.123,37.788,7.583,1
2025-08-13,R06,28.114,0.557,7.315,29.0,50.992,7.908,1
2025-08-14,R06,25.245,0.6909,3.312,29.846,35.883,9.219,1
2025-08-15,R06,29.005,0.6684,14.412,28.501,42.92,10.466,1
2025-08-16,R06,29.868,0.5637,8.802,25.8,67.598,7.113,1
2025-08-17,R06,26.174,0.57,12.098,30.336,41.79,7.769,1
2025-08-18,R06,28.87,0.5727,3.879,22.883,15.583,11.645,1
2025-08-19,R06,24.271,0.5346,6.891,31.754,34.892,9.421,1
2025-08-20,R06,26.068,0.5245,22.088,31.567,59.399,7.376,1
2025-08-21,R06,25.646,0.5961,3.678,23.492,70.536,6.083,1
2025-08-22,R06,24.996,0.7306,10.067,32.832,70.662,6.382,1
2025-08-23,R06,28.235,0.5972,1.542,23.929,41.874,9.829,1
2025-08-24,R06,26.157,0.631,25.503,37.898,95.105,7.57,1
2025-08-25,R06,23.096,0.6566,9.128,32.088,66.026,7.147,1
2025-08-26,R06,25.885,0.6456,15.086,28.204,71.722,6.768,1
2025-08-27,R06,25.434,0.6399,6.308,28.488,72.316,7.915,1
2025-08-28,R06,27.969,0.6054,4.45,27.92,59.133,9.06,1
2025-08-29,R06,26.179,0.6008,42.352,39.069,63.736,8.578,1
2025-08-30,R06,26.693,0.6313,5.441,26.384,20.001,10.048,1
2025-08-31,R06,28.884,0.6409,2.092,20.384,21.384,12.365,1
2025-09-01,R06,25.397,0.6293,5.006,26.575,39.919,9.423,1
2025-09-02,R06,25.266,0.613,1.866,20.394,25.64,10.604,1
2025-09-03,R06,24.511,0.5179,5.748,26.866,42.865,8.534,1
2025-09-04,R06,26.404,0.4886,10.36,27.946,46.217,9.27,1
2025-09-05,R06,24.968,0.5594,11.071,27.031,51.894,7.545,1
2025-09-06,R06,26.974,0.5896,5.735,27.803,75.468,8.291,1
2025-09-07,R06,22.229,0.7312,1.012,25.379,65.75,5.85,1
2025-09-08,R06,23.301,0.7829,1.265,31.784,23.41,9.686,1
2025-09-09,R06,22.147,0.6719,9.129,26.964,51.828,7.727,1
2025-09-10,R06,26.895,0.55,3.208,26.826,43.486,7.269,1
2025-09-11,R06,24.536,0.6002,10.446,31.708,54.989,7.3,1
2025-09-12,R06,27.304,0.5992,5.34,22.826,70.181,8.299,1
2025-09-13,R06,23.482,0.5763,4.274,29.241,46.987,8.274,1
2025-09-14,R06,23.363,0.6983,18.041,28.806,67.498,6.55,1
2025-09-15,R06,23.092,0.6309,9.207,31.089,62.529,6.114,1
2025-09-16,R06,25.551,0.7155,9.905,23.242,41.343,7.584,1
2025-09-17,R06,27.265,0.7098,7.001,31.72,66.655,6.849,1
2025-09-18,R06,25.561,0.6331,2.676,25.732,46.048,6.857,1
2025-09-19,R06,23.583,0.597,9.783,31.064,51.392,8.121,1
2025-09-20,R06,24.555,0.5722,3.762,32.844,28.737,7.82,1
2025-09-21,R06,24.142,0.5623,3.924,23.486,64.557,6.778,1
2025-09-22,R06,21.9,0.7403,25.02,44.165,64.498,6.334,0
2025-09-23,R06,24.883,0.6067,2.136,24.935,60.18,7.937,1
2025-09-24,R06,27.211,0.6123,2.663,26.846,56.8,6.278,1
2025-09-25,R06,23.173,0.6253,12.351,29.215,46.722,8.399,1
2025-09-26,R06,26.644,0.62,35.361,42.198,72.549,7.912,1
2025-09-27,R06,27.773,0.6067,8.114,26.502,53.757,7.618,1
2025-09-28,R06,23.615,0.5918,11.658,32.46,27.533,7.377,1
2025-09-29,R06,25.171,0.7026,8.712,25.144,81.366,6.417,1
2025-09-30,R06,24.391,0.6332,4.153,23.966,41.129,7.668,1
2025-10-01,R06,25.769,0.6135,11.069,32.009,57.492,8.442,1
2025-10-02,R06,25.328,0.518,3.903,28.098,56.019,9.28,1
2025-10-03,R06,26.828,0.6094,3.578,30.284,60.978,8.514,1
2025-10-04,R06,27.158,0.5385,2.268,29.984,37.931,7.251,1
2025-10-05,R06,23.481,0.6376,7.818,29.359,51.098,7.792,1
2025-10-06,R06,24.665,0.6214,7.162,27.478,67.386,7.092,1
2025-10-07,R06,23.045,0.5728,4.91,28.75,48.811,7.817,1
2025-10-08,R06,26.285,0.6032,11.242,28.345,66.793,7.712,1
2025-10-09,R06,25.186,0.5159,5.269,31.255,42.992,7.246,1
2025-10-10,R06,29.354,0.5398,7.437,27.41,38.153,10.113,1
2025-10-11,R06,26.05,0.611,2.614,22.525,46.407,8.453,1
2025-10-12,R06,24.057,0.6792,8.545,28.592,26.723,9.276,1
2025-10-13,R06,25.553,0.5731,15.538,24.719,79.919,7.939,1
2025-10-14,R06,23.477,0.6894,7.737,26.246,68.182,6.858,1
2025-10-15,R06,26.334,0.5518,6.903,28.088,65.728,7.658,1
2025-10-16,R06,27.239,0.6124,2.486,23.877,55.395,7.982,1
2025-10-17,R06,23.203,0.6532,7.373,25.892,40.49,8.731,1
2025-10-18,R06,23.521,0.6628,5.146,26.866,62.125,6.98,1
2025-10-19,R06,29.292,0.5355,1.788,21.904,22.288,9.783,1
2025-10-20,R06,25.002,0.6589,6.382,27.86,52.143,7.42,1
2025-10-21,R06,24.47,0.5454,1.867,25.596,13.59,10.548,1
2025-10-22,R06,24.302,0.6432,12.194,28.469,42.493,7.777,1
2025-10-23,R06,26.986,0.6829,39.671,35.869,99.662,7.319,0
2025-10-24,R06,25.352,0.7321,21.408,31.698,76.074,6.634,1
2025-10-25,R06,22.098,0.6254,16.449,30.83,60.5,7.831,1
2025-10-26,R06,26.157,0.6268,8.614,27.688,52.898,8.744,1
2025-10-27,R06,24.353,0.6231,4.645,28.748,37.181,8.187,1
2025-10-28,R06,28.775,0.5871,4.395,25.093,30.683,8.889,1
2025-10-29,R06,25.531,0.6742,4.529,24.525,28.794,9.675,1
2025-10-30,R06,22.832,0.5867,16.582,32.473,66.623,7.593,1
2025-10-31,R06,25.718,0.7251,2.182,22.387,21.934,9.264,1
2025-11-01,R06,23.768,0.6555,2.629,28.516,40.047,9.095,1
2025-11-02,R06,26.98,0.6225,10.892,31.076,58.718,8.097,1
2025-11-03,R06,24.425,0.6865,12.954,27.482,72.502,6.364,1
2025-11-04,R06,27.682,0.6351,6.156,26.578,70.636,7.509,1
2025-11-05,R06,26.295,0.5894,12.188,31.873,50.948,7.659,1
2025-11-06,R06,27.454,0.6169,9.021,24.515,81.973,6.616,1
2025-11-07,R06,24.871,0.5903,8.979,28.887,42.381,9.275,1
2025-11-08,R06,25.25,0.75,3.582,23.773,46.05,9.871,1
2025-11-09,R06,26.512,0.5967,8.466,28.036,32.671,9.687,1
2025-11-10,R06,25.311,0.5223,8.572,28.44,34.178,8.048,1
2025-11-11,R06,25.261,0.6679,4.393,20.674,67.35,8.789,1
2025-11-12,R06,25.297,0.5404,13.005,25.384,75.668,6.346,1
2025-11-13,R06,25.105,0.6316,9.517,32.175,85.421,6.266,1
2025-11-14,R06,26.756,0.5946,3.846,26.402,29.987,8.169,1
2025-11-15,R06,25.579,0.6035,9.693,29.391,38.076,6.545,1
2025-11-16,R06,25.673,0.6031,8.258,22.671,57.258,9.133,1
2025-11-17,R06,28.223,0.4971,13.536,28.109,57.644,7.944,1
2025-11-18,R06,25.815,0.5968,3.726,27.613,43.87,7.856,1
2025-11-19,R06,23.614,0.6497,3.29,30.072,47.248,7.059,1
2025-11-20,R06,23.543,0.612,13.838,32.613,45.792,7.776,1
2025-11-21,R06,27.067,0.5044,4.311,23.008,48.567,9.167,1
2025-11-22,R06,24.407,0.6788,11.778,34.278,54.141,7.048,1
2025-11-23,R06,27.372,0.7133,12.487,27.148,60.7,8.87,1
2025-11-24,R06,28.026,0.6884,15.778,25.315,79.248,5.88,1
2025-11-25,R06,24.913,0.6842,17.808,32.686,76.75,5.642,1
2025-11-26,R06,25.136,0.6605,15.728,32.849,74.585,6.538,1
2025-11-27,R06,26.551,0.5337,16.359,32.132,43.129,8.156,1
2025-11-28,R06,27.101,0.5937,16.623,27.331,58.579,8.879,1
2025-11-29,R06,28.068,0.6653,11.517,26.314,97.298,5.661,1
2025-11-30,R06,26.112,0.616,13.413,26.367,42.653,9.106,1
2025-12-01,R06,29.259,0.5037,9.061,26.315,41.883,8.908,1
2025-12-02,R06,27.605,0.6396,5.079,24.478,78.282,6.589,1
2025-12-03,R06,28.571,0.6158,1.63,24.787,48.074,8.561,1
2025-12-04,R06,27.657,0.6153,2.74,27.935,56.786,8.191,1
2025-12-05,R06,28.759,0.5602,2.064,24.142,20.981,11.289,1
2025-12-06,R06,26.33,0.7066,11.147,32.362,40.783,9.142,1
2025-12-07,R06,28.287,0.5752,1.523,23.346,46.702,10.581,1
2025-12-08,R06,30.182,0.6291,13.621,26.453,81.158,7.432,1
2025-12-09,R06,27.611,0.5808,6.863,24.138,45.712,7.138,1
2025-12-10,R06,25.291,0.5995,7.005,28.426,88.049,5.861,1
2025-12-11,R06,23.659,0.6361,11.666,30.191,66.424,6.157,1
2025-12-12,R06,28.978,0.5817,7.126,23.831,29.456,9.14,1
2025-12-13,R06,29.276,0.4565,5.391,23.262,64.606,7.72,1
2025-12-14,R06,27.756,0.5663,9.176,25.656,78.304,7.219,1
2025-12-15,R06,26.858,0.6312,6.493,28.411,67.189,7.523,1
2025-12-16,R06,30.514,0.6299,7.166,22.963,37.499,9.13,1
2025-12-17,R06,25.085,0.5854,12.831,28.129,63.945,7.02,1
2025-12-18,R06,26.786,0.6019,16.212,26.83,58.973,7.829,1
2025-12-19,R06,29.201,0.6221,5.96,19.783,58.467,9.032,1
2025-12-20,R06,28.014,0.6643,7.712,27.103,65.289,7.824,1
2025-12-21,R06,30.051,0.4819,9.193,27.451,30.121,11.528,1
2025-12-22,R06,29.065,0.6544,9.26,28.266,55.778,8.356,1
2025-12-23,R06,28.42,0.5521,2.117,23.179,31.356,10.499,1
2025-12-24,R06,28.613,0.6716,8.106,21.271,49.039,8.234,1
2025-12-25,R06,32.113,0.5775,1.693,27.73,16.849,12.549,1
2025-12-26,R06,29.268,0.489,16.804,26.571,45.434,9.85,1
2025-12-27,R06,27.463,0.558,5.01,27.495,33.573,9.294,1
2025-12-28,R06,30.189,0.5519,2.907,22.76,27.549,9.792,1
2025-12-29,R06,30.139,0.6877,17.288,33.711,39.907,9.572,1
2025-12-30,R06,27.67,0.617,10.37,30.266,66.446,8.171,1
2025-12-31,R06,29.941,0.5373,5.74,23.332,69.946,9.82,1
2025-01-01,R07,20.679,0.7267,11.346,57.552,25.991,9.753,0
2025-01-02,R07,24.875,0.95,20.864,58.88,82.14,7.535,0
2025-01-03,R07,23.244,0.7933,2.141,52.227,59.384,7.499,0
2025-01-04,R07,27.391,0.6919,18.521,56.611,39.071,9.261,1
2025-01-05,R07,24.538,0.7682,2.746,50.394,22.963,9.112,1
2025-01-06,R07,21.573,0.8401,8.095,53.069,55.91,6.607,0
2025-01-07,R07,26.96,0.7891,14.162,50.279,49.721,6.973,1
2025-01-08,R07,24.174,0.7685,24.313,58.66,61.026,6.621,0
2025-01-09,R07,20.458,0.7935,3.539,53.645,68.449,7.923,0
2025-01-10,R07,21.217,0.8134,4.222,45.972,25.618,7.816,1
2025-01-11,R07,25.503,0.7929,9.676,51.743,73.751,5.766,0
2025-01-12,R07,24.227,0.741,10.437,58.798,78.869,5.116,0
2025-01-13,R07,23.7,0.7945,17.65,58.198,60.598,7.088,0
2025-01-14,R07,27.945,0.8735,8.043,52.483,49.726,8.92,1
2025-01-15,R07,24.142,0.8112,4.732,48.472,42.119,7.2,1
2025-01-16,R07,24.569,0.6982,4.558,50.278,35.888,8.227,1
2025-01-17,R07,23.677,0.7986,13.847,52.067,70.317,7.19,1
2025-01-18,R07,26.07,0.8157,2.59,51.843,52.183,8.21,1
2025-01-19,R07,22.677,0.843,0.549,47.421,28.105,8.891,1
2025-01-20,R07,24.994,0.9415,2.868,46.409,29.859,9.398,1
2025-01-21,R07,25.788,0.7698,1.944,49.636,45.17,8.885,1
2025-01-22,R07,20.651,0.8387,7.628,52.916,67.471,5.774,0
2025-01-23,R07,24.132,0.7216,34.401,61.695,52.585,6.518,0
2025-01-24,R07,25.119,0.8249,0.156,47.337,45.778,8.441,1
2025-01-25,R07,24.181,0.7522,6.637,51.745,61.542,6.635,1
2025-01-26,R07,23.874,0.8296,16.465,56.443,49.202,8.762,0
2025-01-27,R07,24.67,0.8219,8.079,50.685,44.453,6.715,1
2025-01-28,R07,27.732,0.7473,0.56,49.551,33.841,9.124,1
2025-01-29,R07,26.06,0.7294,5.775,50.728,55.58,7.943,1
2025-01-30,R07,25.865,0.7348,13.658,51.357,75.062,6.225,1
2025-01-31,R07,26.485,0.7824,18.323,53.085,51.134,6.517,1
2025-02-01,R07,24.652,0.8855,4.946,52.434,44.035,9.457,1
2025-02-02,R07,24.772,0.839,5.621,53.442,29.819,8.677,1
2025-02-03,R07,23.44,0.7395,9.079,54.829,32.159,9.515,1
2025-02-04,R07,28.054,0.7163,13.788,53.578,59.797,10.663,1
2025-02-05,R07,26.643,0.7661,2.207,49.129,58.644,6.901,1
2025-02-06,R07,22.197,0.8606,19.783,54.692,74.709,6.162,0
2025-02-07,R07,20.024,0.8359,2.851,55.458,88.096,5.381,0
2025-02-08,R07,24.441,0.7933,2.624,53.081,31.308,10.309,1
2025-02-09,R07,23.823,0.7654,7.418,47.245,69.464,7.783,1
2025-02-10,R07,27.783,0.7259,11.384,53.739,75.235,6.032,0
2025-02-11,R07,25.489,0.8591,12.885,52.607,73.87,5.87,0
2025-02-12,R07,28.095,0.6768,4.638,51.361,38.466,9.109,1
2025-02-13,R07,26.364,0.6543,9.613,54.07,55.617,8.93,1
2025-02-14,R07,25.626,0.8717,10.006,47.401,74.574,6.138,1
2025-02-15,R07,27.196,0.7553,12.641,58.225,80.636,6.157,0
2025-02-16,R07,26.493,0.7765,9.869,51.103,33.878,9.935,1
2025-02-17,R07,25.67,0.76,13.687,52.666,63.121,7.557,1
2025-02-18,R07,26.372,0.8061,5.121,58.88,37.522,9.601,1
2025-02-19,R07,25.136,0.7177,5.63,52.533,51.815,7.307,1
2025-02-20,R07,27.064,0.794,29.819,56.354,71.478,6.847,0
2025-02-21,R07,25.957,0.8752,7.667,55.81,66.624,9.02,1
2025-02-22,R07,28.4,0.8197,9.83,54.396,44.799,9.178,1
2025-02-23,R07,27.442,0.7614,30.489,58.655,61.091,9.291,1
2025-02-24,R07,25.02,0.8238,3.333,50.193,42.069,8.007,1
2025-02-25,R07,26.743,0.6965,3.583,44.414,39.582,9.731,1
2025-02-26,R07,25.793,0.8374,11.24,49.776,68.581,6.391,0
2025-02-27,R07,27.298,0.7677,18.705,58.124,65.469,6.946,0
2025-02-28,R07,26.923,0.8765,30.415,61.485,66.036,8.387,0
2025-03-01,R07,28.488,0.6786,3.755,44.368,44.878,8.483,1
2025-03-02,R07,28.887,0.7504,2.947,49.366,33.728,9.361,1
2025-03-03,R07,27.307,0.8008,2.846,51.535,47.822,6.836,1
2025-03-04,R07,27.86,0.7108,33.061,60.896,63.098,7.614,0
2025-03-05,R07,27.112,0.7843,11.201,59.576,45.475,8.375,1
2025-03-06,R07,30.407,0.7985,15.379,50.19,91.561,7.689,1
2025-03-07,R07,28.486,0.6489,3.698,47.923,61.224,9.254,1
2025-03-08,R07,25.706,0.7382,15.675,56.245,80.916,6.28,0
2025-03-09,R07,29.215,0.7597,21.9,55.105,48.408,11.111,1
2025-03-10,R07,29.977,0.7137,1.814,49.785,58.682,8.8,1
2025-03-11,R07,27.743,0.8088,3.262,48.085,64.97,7.347,1
2025-03-12,R07,28.034,0.7477,4.293,50.333,45.478,7.805,1
2025-03-13,R07,28.476,0.6675,3.914,51.814,55.47,8.623,1
2025-03-14,R07,26.336,0.7568,12.931,52.943,48.882,8.466,1
2025-03-15,R07,31.103,0.7807,9.061,47.053,44.385,9.969,1
2025-03-16,R07,25.005,0.7793,2.132,53.142,5,10.297,1
2025-03-17,R07,30.01,0.7337,9.605,50.562,85.689,6.561,1
2025-03-18,R07,29.36,0.8206,17.624,49.985,55.481,8.189,1
2025-03-19,R07,26.031,0.7981,12.209,46.165,60.999,8.005,1
2025-03-20,R07,24.341,0.9032,5.179,54.611,52.04,7.777,1
2025-03-21,R07,28.347,0.5812,8.463,56.136,35.258,10.199,1
2025-03-22,R07,25.759,0.6906,9.157,54.111,44.84,6.637,1
2025-03-23,R07,28.299,0.7674,1.789,45.772,62.462,8.118,1
2025-03-24,R07,24.791,0.6434,17.735,57.378,63.035,7.297,0
2025-03-25,R07,26.997,0.7995,1.882,49.196,70.027,8.012,1
2025-03-26,R07,29.041,0.754,1.817,49.276,47.728,8.37,1
2025-03-27,R07,27.364,0.7449,10.497,44.12,74.408,6.899,1
2025-03-28,R07,25.52,0.7104,0.445,53.196,49.069,7.06,1
2025-03-29,R07,27.694,0.7182,2.099,44.823,59.813,8.232,1
2025-03-30,R07,27.428,0.7732,25.339,60.866,94.087,6.452,0
2025-03-31,R07,25.626,0.7714,7.6,46.433,51.386,7.072,1
2025-04-01,R07,26.322,0.724,8.309,50.699,55.654,7.638,1
2025-04-02,R07,28.114,0.7983,2.532,44.317,38.632,10.823,1
2025-04-03,R07,30.134,0.7085,2.158,49.458,37.271,10.883,1
2025-04-04,R07,31.664,0.73,8.175,50.746,69.666,8.003,1
2025-04-05,R07,27.533,0.8004,11.402,51.955,52.106,8.584,1
2025-04-06,R07,29.387,0.7263,5.38,49.874,62.36,8.138,1
2025-04-07,R07,24.443,0.7935,6.365,52.499,52.73,7.819,1
2025-04-08,R07,26.51,0.7295,10.95,52.187,49.105,8.944,1
2025-04-09,R07,26.961,0.7652,2.201,55.311,58.572,8.937,1
2025-04-10,R07,31.989,0.7063,0.959,42.731,8.806,10.776,1
2025-04-11,R07,23.955,0.8482,9.846,53.197,59.909,6.536,0
2025-04-12,R07,27.779,0.8072,8.704,43.129,100,6.18,1
2025-04-13,R07,28.983,0.7558,19.227,51.262,44.484,10.274,1
2025-04-14,R07,25.767,0.8272,21.539,58.484,65.933,7.277,0
2025-04-15,R07,26.716,0.7768,15.215,53.676,81.957,7.091,1
2025-04-16,R07,27.319,0.7056,2.615,51.968,34.456,9.136,1
2025-04-17,R07,27.479,0.8315,0.637,50.311,22.601,11.076,1
2025-04-18,R07,26.438,0.7347,4.746,51.326,52.467,8.015,1
2025-04-19,R07,29.545,0.7113,6.762,43.977,33.263,9.442,1
2025-04-20,R07,28.177,0.7379,15.912,51.126,93.619,7.192,1
2025-04-21,R07,28.612,0.6933,2.584,48.007,29.103,10.935,1
2025-04-22,R07,26.852,0.8507,16.975,54.132,45.737,8.86,1
2025-04-23,R07,31.218,0.6033,16.829,55.19,46.958,8.798,1
2025-04-24,R07,29.218,0.815,27.361,54.527,42.886,9.715,1
2025-04-25,R07,25.018,0.8818,11.294,53.627,59.901,8.691,1
2025-04-26,R07,27.333,0.7608,13.979,50.805,81.707,7.677,1
2025-04-27,R07,25.921,0.7209,14.75,55.459,60.152,8.035,1
2025-04-28,R07,25.215,0.7743,6.047,50.088,71.508,7.727,1
2025-04-29,R07,27.819,0.6904,5.944,48.967,45.022,7.977,1
2025-04-30,R07,28.788,0.7266,3.672,41.393,19.412,11.564,1
2025-05-01,R07,27.185,0.7826,6.65,53.4,40.171,8.842,1
2025-05-02,R07,28.842,0.8021,6.265,45.028,34.784,9.498,1
2025-05-03,R07,26.52,0.7881,6.496,53.426,71.779,7.371,1
2025-05-04,R07,27.739,0.7743,9.72,50.413,69.869,8.709,1
2025-05-05,R07,27.418,0.7305,0.757,49.565,58.989,7.592,1
2025-05-06,R07,27.904,0.8536,6.802,52.964,63.185,7.973,1
2025-05-07,R07,29.326,0.7353,3.848,48.211,39.684,8.682,1
2025-05-08,R07,28.973,0.7562,21.457,49.78,42.849,9.131,1
2025-05-09,R07,27.077,0.7572,3.324,50.092,44.006,8.934,1
2025-05-10,R07,27.158,0.744,7.455,53.121,31.112,9.566,1
2025-05-11,R07,27.188,0.8035,0.553,48.057,40.733,9.034,1
2025-05-12,R07,29.626,0.7863,10.62,45.072,49.533,8.24,1
2025-05-13,R07,23.412,0.775,8.018,47.639,69.189,7.382,0
2025-05-14,R07,27.749,0.6767,5.656,49.553,24.817,9.2,1
2025-05-15,R07,35.019,0.6501,6.001,44.174,22.85,11.072,1
2025-05-16,R07,27.494,0.7063,27.208,61.472,97.989,6.994,0
2025-05-17,R07,25.672,0.7217,8.55,53.077,31.042,9.782,1
2025-05-18,R07,27.857,0.8454,10.46,58.846,55.992,8.568,1
2025-05-19,R07,26.685,0.7643,4.461,43.357,44.848,7.878,1
2025-05-20,R07,24.211,0.7587,13.835,53.329,60.07,6.515,0
2025-05-21,R07,25.538,0.8206,3.661,50.188,57.612,8.6,1
2025-05-22,R07,26.736,0.9038,2.685,46.049,38.351,8.797,1
2025-05-23,R07,31.186,0.8317,2.708,49.331,25.923,11.776,1
2025-05-24,R07,29.947,0.7605,2.641,47.189,96.545,7.179,1
2025-05-25,R07,27.851,0.7656,4.411,52.687,54.867,8.299,1
2025-05-26,R07,26.239,0.671,31.018,55.516,66.117,7.436,0
2025-05-27,R07,26.744,0.6591,5.474,53.107,48.347,9.191,1
2025-05-28,R07,26.649,0.8074,4.736,54.321,42.745,9.011,1
2025-05-29,R07,25.395,0.8148,5.729,55.187,33.45,8.535,1
2025-05-30,R07,25.511,0.8184,3.59,52.437,30.315,10.007,1
2025-05-31,R07,25.437,0.8095,6.033,47.054,72.794,7.407,1
2025-06-01,R07,24.929,0.7477,3.346,50.39,65.244,6.47,0
2025-06-02,R07,22.79,0.8627,9.652,46.328,64.849,6.384,1
2025-06-03,R07,27.521,0.7653,14.114,55.39,57.335,8.584,1
2025-06-04,R07,27.375,0.842,2.112,52.59,66.954,8.187,1
2025-06-05,R07,28.061,0.8055,25.858,55.097,85.064,6.393,0
2025-06-06,R07,25.604,0.7599,3.794,45.775,78.747,5.106,1
2025-06-07,R07,27.276,0.7928,5.008,52.132,57.406,7.989,1
2025-06-08,R07,26.193,0.7196,12.248,50.163,85.241,7.17,1
2025-06-09,R07,25.5,0.7664,11.598,48.125,52.324,8.525,1
2025-06-10,R07,28.821,0.7777,5.96,53.138,33.001,8.67,1
2025-06-11,R07,25.516,0.7462,3.132,44.605,20.484,8.928,1
2025-06-12,R07,20.414,0.7433,9.039,55.504,64.017,5.452,0
2025-06-13,R07,28.411,0.7058,9.049,55.5,29.6,10.104,1
2025-06-14,R07,23.358,0.8997,8.743,56.312,31.136,7.452,0
2025-06-15,R07,23.879,0.8382,39.346,61.47,80.868,6.14,0
2025-06-16,R07,25.755,0.725,6.362,49.252,54.241,7.053,1
2025-06-17,R07,24.805,0.826,1.007,48.569,57.263,7.485,1
2025-06-18,R07,23.744,0.827,0.762,59.753,36.623,9.645,1
2025-06-19,R07,23.07,0.7745,7.182,51.502,46.087,9.041,1
2025-06-20,R07,26.2,0.7747,9.597,49.323,55.193,6.986,1
2025-06-21,R07,24.37,0.7931,27.103,62.788,62.608,5.285,0
2025-06-22,R07,25.967,0.7945,9.875,54.478,37.59,8.276,1
2025-06-23,R07,25.885,0.8217,6.729,53.474,26.626,9.155,1
2025-06-24,R07,22.436,0.8814,11.263,55.751,57.339,8.094,1
2025-06-25,R07,23.403,0.7661,7.486,54.686,18.625,9.378,1
2025-06-26,R07,24.303,0.7759,4.739,49.532,59.894,8.267,1
2025-06-27,R07,25.17,0.7966,5.627,53.24,71.178,7.076,1
2025-06-28,R07,23.398,0.8393,23.636,59.902,86.09,5.372,0
2025-06-29,R07,25.295,0.7513,18.7,55.83,95.515,4.326,0
2025-06-30,R07,20.834,0.8591,3.721,58.09,36.073,7.953,0
2025-07-01,R07,22.589,0.7974,12.351,58.467,36.073,8.626,1
2025-07-02,R07,24.587,0.7417,7.558,54.268,55.673,8.136,1
2025-07-03,R07,22.148,0.8507,7.273,52.811,59.921,8.197,1
2025-07-04,R07,25.669,0.8417,6.444,51.483,34.099,7.598,1
2025-07-05,R07,23.313,0.8406,19.092,55.463,67.163,6.358,0
2025-07-06,R07,22.932,0.8008,7.322,54.528,53.738,7.951,1
2025-07-07,R07,24.685,0.8156,2.192,56.179,33.069,9.221,1
2025-07-08,R07,25.829,0.7765,3.952,45.805,26.733,9.548,1
2025-07-09,R07,19.472,0.8446,3.704,52.803,51.288,6.369,0
2025-07-10,R07,21.555,0.7776,13.418,58.353,65.7,5.785,0
2025-07-11,R07,22.145,0.851,1.474,45.18,13.483,9.612,1
2025-07-12,R07,21.248,0.8268,6.804,58.081,53.392,6.175,0
2025-07-13,R07,25.851,0.7722,21.936,57.518,64.735,7.082,0
2025-07-14,R07,23.671,0.8299,5.918,48.425,46.682,8.212,1
2025-07-15,R07,22.365,0.8292,11.087,56.182,42.799,9.139,1
2025-07-16,R07,22.602,0.8171,4.108,43.262,46.599,9.089,1
2025-07-17,R07,20.496,0.8205,22.933,64.273,81.117,5.47,0
2025-07-18,R07,19.56,0.7735,9.147,55.968,33.889,7.715,0
2025-07-19,R07,23.796,0.7517,12.893,56.754,65.046,7.286,0
2025-07-20,R07,24.919,0.6917,10.707,46.736,68.054,5.851,0
2025-07-21,R07,25.207,0.7778,1.157,43.624,9.06,10.221,1
2025-07-22,R07,23.173,0.7874,17.664,59.235,60.026,6.148,0
2025-07-23,R07,21.781,0.8237,1.488,49.915,49.545,7.57,0
2025-07-24,R07,22.887,0.8092,24.371,55.863,89.196,5.14,0
2025-07-25,R07,19.636,0.7624,4.761,55.034,43.888,7.056,1
2025-07-26,R07,23.19,0.92,16.631,59.91,84.468,5.889,0
2025-07-27,R07,20.22,0.7828,21.695,57.388,71.102,5.898,0
2025-07-28,R07,22.746,0.92,8.857,51.182,71.966,8.01,0
2025-07-29,R07,24.533,0.7974,7.594,51.564,61.199,7.521,0
2025-07-30,R07,22.05,0.743,5.342,56.75,36.74,7.642,1
2025-07-31,R07,21.086,0.8186,41.183,72.187,69.026,7.378,0
2025-08-01,R07,21.467,0.7087,4.319,55.909,23.663,9.195,1
2025-08-02,R07,20.772,0.7368,7.178,53.338,51.848,6.644,1
2025-08-03,R07,21.919,0.8458,2.259,55.249,16.591,9.941,1
2025-08-04,R07,21.796,0.7659,22.078,53.887,58.693,6.875,0
2025-08-05,R07,20.302,0.8643,9.323,56.193,80.719,5.892,0
2025-08-06,R07,22.101,0.7004,10.771,59.901,62.84,6.554,0
2025-08-07,R07,20.993,0.9046,2.563,54.475,24.494,8.589,1
2025-08-08,R07,21.501,0.7913,3.475,52.368,36.903,8.866,1
2025-08-09,R07,23.179,0.8834,4.507,51.235,34.107,7.744,1
2025-08-10,R07,19.267,0.84,14.281,60.903,78.37,6.115,0
2025-08-11,R07,22.944,0.8209,6.916,51.61,44.33,8.493,1
2025-08-12,R07,20.476,0.8565,9.466,55.823,49.994,7.285,0
2025-08-13,R07,19.445,0.7905,4.873,52.859,25.067,8.301,1
2025-08-14,R07,20.103,0.7784,9.411,57.778,94.474,3.015,0
2025-08-15,R07,19.266,0.8332,6.543,58.548,60.293,6.291,0
2025-08-16,R07,22.454,0.8012,8.823,56.314,73.907,7.105,0
2025-08-17,R07,22.133,0.9454,5.371,51.959,82.058,5.852,0
2025-08-18,R07,18.984,0.9267,8.387,60.769,85.646,5.38,0
2025-08-19,R07,21.549,0.8515,9.393,58.778,42.325,8.104,0
2025-08-20,R07,19.641,0.8148,2.442,56.632,47.333,6.982,0
2025-08-21,R07,21.049,0.8371,10.327,54.765,51.281,7.136,0
2025-08-22,R07,20.308,0.9431,37.093,68.573,100,4.861,0
2025-08-23,R07,20.624,0.8324,10.964,55.558,58.834,7.933,0
2025-08-24,R07,21.932,0.7992,26.103,63.186,59.622,6.403,0
2025-08-25,R07,21.093,0.8908,4.712,46.214,47.48,6.998,1
2025-08-26,R07,21.537,0.7588,1.312,45.994,79.163,5.587,1
2025-08-27,R07,19.787,0.7982,8.218,47.728,35.542,6.721,0
2025-08-28,R07,23.776,0.8168,4.397,52.966,48.212,5.928,0
2025-08-29,R07,16.819,0.8575,8.043,56.357,59.513,5.525,0
2025-08-30,R07,17.956,0.8148,9.237,57.56,57.314,6.755,0
2025-08-31,R07,23.691,0.6543,3.195,54.282,30.065,7.818,1
2025-09-01,R07,17.181,0.8372,0.292,51.242,50.878,6.355,1
2025-09-02,R07,19.635,0.8924,3.013,56.189,28.65,8.274,1
2025-09-03,R07,17.522,0.8441,21.429,57.438,62.774,5.336,0
2025-09-04,R07,15.938,0.8475,11.863,58.188,25.673,7.724,0
2025-09-05,R07,19.91,0.8068,6.169,57.39,33.854,8.727,1
2025-09-06,R07,21.145,0.7325,4.237,52.836,32.939,8.269,1
2025-09-07,R07,17.194,0.8329,17.169,62.084,48.447,5.694,0
2025-09-08,R07,23.11,0.8533,0.632,55.477,56.24,7.139,0
2025-09-09,R07,18.343,0.796,9.434,57.474,66.193,5.397,0
2025-09-10,R07,22.117,0.8598,14.796,58.572,60.13,8.18,0
2025-09-11,R07,19.969,0.8412,18.56,59.394,79.589,5.406,0
2025-09-12,R07,20.259,0.9219,4.528,51.148,20.767,8.208,1
2025-09-13,R07,19.224,0.9176,2.02,48.234,33.391,7.935,1
2025-09-14,R07,19.387,0.95,0.891,50.69,5,9.624,1
2025-09-15,R07,16.652,0.8648,9.564,58.592,64.831,6.072,0
2025-09-16,R07,22.17,0.7994,15.113,55.465,49.321,5.933,0
2025-09-17,R07,18.141,0.9306,10.9,56.228,59.234,6.512,1
2025-09-18,R07,16.872,0.8901,1.395,56.468,22.765,6.519,0
2025-09-19,R07,19.091,0.9099,24.46,69.504,51.816,6.12,0
2025-09-20,R07,20.263,0.8122,26.095,61.369,74.05,6.254,0
2025-09-21,R07,19.694,0.8773,3.569,52.522,42.593,6.464,0
2025-09-22,R07,18.379,0.8414,3.227,55.946,39.654,6.602,0
2025-09-23,R07,21.169,0.9301,27.342,57.643,77.638,5.634,0
2025-09-24,R07,18.271,0.7887,6.23,61.801,41.466,6.299,0
2025-09-25,R07,20.949,0.8013,7.87,51.609,41.328,6.865,0
2025-09-26,R07,19.23,0.7638,6.629,53.497,61.57,6.159,1
2025-09-27,R07,19.863,0.8777,0.888,54.051,67.294,4.235,0
2025-09-28,R07,20.367,0.859,2.049,50.881,51.272,6.338,0
2025-09-29,R07,18.313,0.7596,5.178,51.987,59.389,6.59,0
2025-09-30,R07,20.578,0.8917,12.353,57.277,60.134,6.091,0
2025-10-01,R07,17.236,0.9192,62.16,69.651,83.094,5.258,0
2025-10-02,R07,16.87,0.907,0.554,57.406,41.267,7.145,0
2025-10-03,R07,19.225,0.8114,9.294,54.979,47.636,6.411,0
2025-10-04,R07,17.97,0.7913,3.953,54.989,41.667,6.7,0
2025-10-05,R07,18.647,0.8603,4.148,53.272,33.237,7.54,1
2025-10-06,R07,21.036,0.7287,2.612,51.427,38.512,7.989,1
2025-10-07,R07,20.545,0.7943,16.899,59.527,61.855,6.441,0
2025-10-08,R07,20.214,0.86,6.272,59.779,74.692,6.708,0
2025-10-09,R07,20.529,0.9204,3.011,51.002,20.78,6.854,0
2025-10-10,R07,16.971,0.7897,2.941,57.87,39.635,6.69,0
2025-10-11,R07,21.017,0.8164,4.998,56.57,28.558,9.665,1
2025-10-12,R07,16.704,0.8601,10.938,58.869,55.304,5.462,0
2025-10-13,R07,18.036,0.8114,6.669,54.448,57.504,6.329,0
2025-10-14,R07,21.668,0.7797,2.762,54.557,28.071,6.723,1
2025-10-15,R07,20.58,0.9199,6.455,53.359,67.247,7.703,1
2025-10-16,R07,20.713,0.9385,3.485,51.167,37.403,8.137,1
2025-10-17,R07,19.996,0.7395,7.212,55.715,38.672,5.645,0
2025-10-18,R07,17.347,0.8301,6.984,60.285,36.525,6.851,0
2025-10-19,R07,17.331,0.809,3.109,54.509,36.886,7.223,1
2025-10-20,R07,21.224,0.9006,33.836,66.633,89.186,6.023,0
2025-10-21,R07,18.545,0.765,6.728,46.858,36.147,7.673,1
2025-10-22,R07,18.68,0.8889,3.423,57.411,67.623,4.932,0
2025-10-23,R07,17.599,0.8431,6.511,54.086,62.022,6.088,0
2025-10-24,R07,19.321,0.8169,7.62,53.782,84.564,4.155,0
2025-10-25,R07,18.442,0.95,10.364,57.304,42.872,5.651,0
2025-10-26,R07,15.004,0.9248,5.613,56.069,59.177,5.922,0
2025-10-27,R07,21.042,0.7676,7.875,53.976,60.44,7.385,1
2025-10-28,R07,20.869,0.8069,6.413,53.741,48.753,6.897,0
2025-10-29,R07,20.264,0.7386,7.585,58.912,31.531,7.621,0
2025-10-30,R07,19.017,0.8923,4.064,53.726,43.93,7.015,0
2025-10-31,R07,17.865,0.9076,18.836,65.58,82.045,4.665,0
2025-11-01,R07,22.64,0.8213,3.503,54.597,30.614,8.415,1
2025-11-02,R07,19.184,0.8069,4.102,59.051,38.252,7.451,0
2025-11-03,R07,19.318,0.7721,44.46,71.959,61.032,6.813,0
2025-11-04,R07,19.182,0.7955,5.957,53.05,74.498,7.163,0
2025-11-05,R07,19.044,0.7137,12.8,63.218,56.755,6.048,0
2025-11-06,R07,21.318,0.9108,2.937,54.285,11.224,8.62,1
2025-11-07,R07,19.248,0.8606,2.542,53.838,25.857,7.421,0
2025-11-08,R07,18.804,0.9316,11.22,51.316,51.656,7.847,0
2025-11-09,R07,17.119,0.8922,9.589,54.557,49.782,7.126,0
2025-11-10,R07,19.003,0.9399,21.197,61.424,64.555,5.816,0
2025-11-11,R07,20.507,0.6692,5.19,59.769,61.794,6.107,0
2025-11-12,R07,21.423,0.8897,7.393,50.582,59.717,6.497,0
2025-11-13,R07,19.502,0.9339,12.224,55.897,71.263,5.417,0
2025-11-14,R07,21.069,0.8776,32.896,66.046,55.125,6.691,0
2025-11-15,R07,18.999,0.9327,0.701,55.913,11.871,7.798,0
2025-11-16,R07,21.315,0.8448,2.0,58.772,35.212,6.077,0
2025-11-17,R07,20.2,0.8245,7.703,55.759,56.25,5.201,0
2025-11-18,R07,17.198,0.8663,32.422,63.394,62.301,4.566,0
2025-11-19,R07,20.324,0.7556,6.585,58.077,49.666,7.944,1
2025-11-20,R07,19.366,0.8898,22.987,61.868,74.042,4.284,0
2025-11-21,R07,23.005,0.824,5.342,50.394,55.753,6.213,1
2025-11-22,R07,19.984,0.7569,5.443,51.307,50.035,7.047,1
2025-11-23,R07,20.457,0.8457,2.799,51.904,25.804,7.976,1
2025-11-24,R07,23.096,0.6941,3.591,51.462,53.693,6.132,1
2025-11-25,R07,17.548,0.923,4.76,57.27,24.649,8.203,0
2025-11-26,R07,21.184,0.8738,11.991,60.202,52.335,7.564,0
2025-11-27,R07,24.474,0.8689,7.578,50.621,54.539,9.078,1
2025-11-28,R07,19.41,0.8914,8.122,56.768,53.501,6.84,0
2025-11-29,R07,21.69,0.9036,12.451,54.848,42.523,7.217,0
2025-11-30,R07,23.01,0.8428,11.363,55.537,63.571,7.389,0
2025-12-01,R07,16.652,0.8562,2.594,56.074,32.912,8.645,1
2025-12-02,R07,22.669,0.7197,1.38,56.567,47.8,7.394,0
2025-12-03,R07,20.662,0.7474,3.391,56.684,50.529,7.163,0
2025-12-04,R07,20.901,0.95,32.161,59.098,75.373,6.541,0
2025-12-05,R07,18.874,0.863,12.982,52.781,54.496,5.863,0
2025-12-06,R07,21.344,0.8303,5.664,56.35,53.969,5.994,0
2025-12-07,R07,20.911,0.8778,11.237,54.786,46.875,7.744,1
2025-12-08,R07,19.731,0.8277,9.84,56.017,63.524,5.848,0
2025-12-09,R07,22.058,0.838,2.182,56.174,26.534,9.792,1
2025-12-10,R07,20.005,0.771,6.631,54.417,64.909,7.433,0
2025-12-11,R07,24.485,0.7597,5.979,54.8,35.352,9.553,1
2025-12-12,R07,20.929,0.8634,4.759,56.139,16.581,10.197,1
2025-12-13,R07,23.895,0.7832,4.795,51.617,87.82,5.23,0
2025-12-14,R07,17.871,0.8959,13.821,57.555,56.708,4.268,0
2025-12-15,R07,19.353,0.7349,22.798,59.684,58.546,4.669,0
2025-12-16,R07,19.727,0.845,10.418,56.101,82.785,5.963,0
2025-12-17,R07,21.043,0.7111,4.504,47.385,40.151,8.437,1
2025-12-18,R07,24.865,0.7462,5.87,52.179,47.441,6.099,1
2025-12-19,R07,22.077,0.9065,4.73,50.821,70.241,5.037,0
2025-12-20,R07,20.758,0.8206,11.956,53.645,59.212,5.404,0
2025-12-21,R07,23.45,0.7628,0.783,50.068,33.213,7.738,1
2025-12-22,R07,25.679,0.7403,1.753,51.658,50.899,8.433,1
2025-12-23,R07,23.132,0.7551,23.554,55.623,50.128,8.717,1
2025-12-24,R07,24.052,0.8358,10.862,56.036,49.933,7.154,0
2025-12-25,R07,23.13,0.8404,14.505,53.139,59.494,7.296,0
2025-12-26,R07,20.658,0.7492,17.803,54.327,84.826,5.067,0
2025-12-27,R07,25.785,0.7499,4.187,49.504,52.063,7.946,1
2025-12-28,R07,23.555,0.8877,0.955,47.305,60.469,8.036,1
2025-12-29,R07,21.561,0.7495,23.014,57.951,79.908,6.474,0
2025-12-30,R07,24.975,0.7762,5.863,51.574,63.494,6.754,1
2025-12-31,R07,21.364,0.7944,6.924,53.326,41.433,6.805,0
2025-01-01,R08,21.821,0.3074,3.336,43.482,69.529,6.254,1
2025-01-02,R08,22.306,0.4149,4.904,44.951,67.256,7.32,1
2025-01-03,R08,23.602,0.309,25.587,61.112,38.405,8.358,1
2025-01-04,R08,22.508,0.3623,3.639,54.533,75.384,5.796,0
2025-01-05,R08,23.026,0.353,3.312,49.325,66.868,6.529,1
2025-01-06,R08,26.7,0.1625,6.977,46.046,49.993,9.122,1
2025-01-07,R08,24.318,0.2524,1.726,48.888,28.332,8.376,1
2025-01-08,R08,22.006,0.2957,4.046,50.168,60.108,6.431,1
2025-01-09,R08,26.884,0.3525,11.294,52.461,59.343,8.156,1
2025-01-10,R08,28.374,0.3674,9.95,52.045,71.36,8.046,1
2025-01-11,R08,21.453,0.4107,13.148,53.691,54.128,7.019,0
2025-01-12,R08,24.641,0.2958,7.188,45.072,40.782,8.0,1
2025-01-13,R08,24.084,0.23,15.14,54.197,51.088,8.745,1
2025-01-14,R08,24.821,0.2629,14.762,49.678,53.45,8.97,1
2025-01-15,R08,25.557,0.2915,22.322,54.528,36.22,7.626,1
2025-01-16,R08,25.09,0.2496,5.509,49.264,38.956,9.573,1
2025-01-17,R08,25.525,0.3845,25.53,53.003,90.235,6.446,0
2025-01-18,R08,26.857,0.269,14.204,44.322,60.019,7.595,1
2025-01-19,R08,24.643,0.1938,10.968,51.222,52.778,7.057,1
2025-01-20,R08,25.883,0.2467,3.891,47.056,57.776,7.15,1
2025-01-21,R08,26.781,0.3641,15.439,51.826,59.513,7.931,1
2025-01-22,R08,23.154,0.2962,3.997,54.885,53.242,7.668,1
2025-01-23,R08,24.063,0.3371,4.853,43.929,26.428,8.791,1
2025-01-24,R08,27.61,0.1927,4.892,48.868,50.677,8.846,1
2025-01-25,R08,24.976,0.3266,19.911,55.908,51.25,7.716,1
2025-01-26,R08,24.683,0.3112,9.167,50.946,51.128,7.546,1
2025-01-27,R08,24.863,0.2594,1.21,54.448,37.514,7.27,1
2025-01-28,R08,27.924,0.2728,8.168,46.951,47.326,8.755,1
2025-01-29,R08,22.724,0.2148,7.831,50.441,57.686,7.087,1
2025-01-30,R08,22.951,0.2807,2.946,47.634,53.286,7.318,1
2025-01-31,R08,25.365,0.3255,3.232,42.515,52.64,8.668,1
2025-02-01,R08,23.741,0.2619,11.965,52.209,52.244,6.68,1
2025-02-02,R08,24.196,0.283,25.225,60.161,54.256,7.348,1
2025-02-03,R08,25.631,0.2153,7.787,49.483,39.318,8.126,1
2025-02-04,R08,24.468,0.2912,0.504,51.12,39.212,8.627,1
2025-02-05,R08,20.998,0.2956,5.464,48.132,65.422,6.441,1
2025-02-06,R08,26.074,0.2489,4.044,45.788,55.383,9.422,1
2025-02-07,R08,26.787,0.3067,4.528,45.318,32.092,9.688,1
2025-02-08,R08,28.393,0.2813,16.326,48.707,68.59,7.96,1
2025-02-09,R08,27.146,0.2759,13.691,53.998,57.672,8.111,1
2025-02-10,R08,25.965,0.2707,18.907,53.067,61.905,7.808,1
2025-02-11,R08,25.501,0.2528,19.871,53.222,65.342,7.996,1
2025-02-12,R08,28.114,0.1732,1.825,46.787,31.442,9.323,1
2025-02-13,R08,24.378,0.2895,4.477,54.794,49.735,8.076,1
2025-02-14,R08,25.751,0.2993,2.494,42.781,44.529,8.291,1
2025-02-15,R08,25.112,0.2719,3.222,41.01,39.204,8.427,1
2025-02-16,R08,25.385,0.306,5.658,41.06,35.994,8.49,1
2025-02-17,R08,27.409,0.2845,22.426,56.796,65.174,6.802,1
2025-02-18,R08,24.78,0.2878,6.659,52.224,43.691,8.306,1
2025-02-19,R08,26.285,0.2752,6.681,42.892,59.506,8.776,1
2025-02-20,R08,25.425,0.2095,13.059,50.752,46.756,8.998,1
2025-02-21,R08,28.186,0.1559,18.531,52.013,68.028,8.721,1
2025-02-22,R08,26.198,0.2501,15.637,55.736,65.665,7.784,1
2025-02-23,R08,24.053,0.3466,10.374,51.818,46.456,8.657,1
2025-02-24,R08,28.219,0.2368,1.942,43.373,64.819,6.762,1
2025-02-25,R08,27.08,0.306,0.865,45.549,51.845,9.379,1
2025-02-26,R08,24.473,0.3795,8.717,54.835,64.031,6.927,1
2025-02-27,R08,24.472,0.3159,6.683,55.356,50.555,6.644,1
2025-02-28,R08,27.595,0.3078,1.385,45.527,15.8,10.9,1
2025-03-01,R08,26.974,0.2995,4.701,44.075,37.503,9.699,1
2025-03-02,R08,27.221,0.2682,20.076,51.136,59.902,8.558,1
2025-03-03,R08,25.767,0.2251,4.552,52.582,81.226,6.75,1
2025-03-04,R08,25.759,0.1252,6.865,50.555,39.443,9.72,1
2025-03-05,R08,26.282,0.2761,7.966,46.522,30.067,10.138,1
2025-03-06,R08,27.122,0.1755,18.342,52.853,71.642,8.716,1
2025-03-07,R08,27.903,0.1628,2.795,47.049,41.888,10.189,1
2025-03-08,R08,26.501,0.2007,24.313,56.946,60.17,8.01,1
2025-03-09,R08,26.497,0.3122,9.895,48.011,78.364,6.93,1
2025-03-10,R08,26.552,0.207,7.4,48.697,44.15,9.689,1
2025-03-11,R08,27.983,0.337,4.506,43.308,22.183,8.687,1
2025-03-12,R08,31.004,0.2254,13.9,45.227,48.817,9.496,1
2025-03-13,R08,25.385,0.2817,23.7,57.274,100,6.817,0
2025-03-14,R08,27.937,0.2387,24.758,54.766,75.664,7.237,0
2025-03-15,R08,28.775,0.2899,5.152,45.837,56.612,7.28,1
2025-03-16,R08,28.708,0.33,16.577,56.286,77.402,7.073,1
2025-03-17,R08,28.207,0.3058,21.478,53.611,99.112,7.207,1
2025-03-18,R08,27.551,0.2382,3.874,53.686,40.989,8.683,1
2025-03-19,R08,26.528,0.2558,7.79,51.033,61.18,7.807,1
2025-03-20,R08,25.66,0.2021,1.612,43.312,59.262,8.867,1
2025-03-21,R08,26.98,0.2538,8.838,49.576,54.747,9.001,1
2025-03-22,R08,28.156,0.2264,3.622,48.404,42.646,8.146,1
2025-03-23,R08,32.791,0.2384,8.939,42.876,57.759,9.809,1
2025-03-24,R08,26.908,0.1486,9.507,46.566,60.442,7.866,1
2025-03-25,R08,25.606,0.3004,2.18,46.999,47.317,9.543,1
2025-03-26,R08,26.029,0.2767,3.102,46.163,68.896,7.454,1
2025-03-27,R08,27.322,0.3135,14.366,52.493,46.906,8.77,1
2025-03-28,R08,27.046,0.3025,2.766,44.428,36.437,7.998,1
2025-03-29,R08,27.144,0.1395,24.269,52.605,42.286,9.948,1
2025-03-30,R08,29.762,0.3402,1.08,48.027,37.683,10.359,1
2025-03-31,R08,24.89,0.3003,0.551,48.581,47.609,7.548,1
2025-04-01,R08,26.756,0.3168,18.33,52.828,52.858,8.927,1
2025-04-02,R08,25.504,0.3677,9.941,52.45,65.068,6.991,1
2025-04-03,R08,31.389,0.1485,5.148,44.435,29.649,10.373,1
2025-04-04,R08,25.838,0.2214,7.623,47.368,61.938,5.588,1
2025-04-05,R08,24.802,0.255,2.689,47.522,50.052,8.511,1
2025-04-06,R08,28.414,0.313,2.934,42.742,73.774,8.745,1
2025-04-07,R08,26.883,0.4092,16.65,58.744,52.729,7.944,0
2025-04-08,R08,24.676,0.2374,1.221,49.798,64.335,7.575,1
2025-04-09,R08,28.326,0.1958,9.336,47.101,55.713,7.386,1
2025-04-10,R08,27.419,0.1748,11.383,53.009,41.989,9.149,1
2025-04-11,R08,27.626,0.2553,3.691,43.474,63.445,9.091,1
2025-04-12,R08,28.946,0.2441,12.744,50.233,60.327,8.717,1
2025-04-13,R08,28.933,0.2075,2.043,50.787,45.198,8.944,1
2025-04-14,R08,29.29,0.2319,25.85,52.866,85.521,6.592,1
2025-04-15,R08,26.616,0.326,1.007,47.963,7.276,10.062,1
2025-04-16,R08,30.731,0.2977,26.228,51.49,66.855,7.75,1
2025-04-17,R08,25.58,0.2768,8.228,47.944,49.867,7.385,1
2025-04-18,R08,26.25,0.2989,1.045,52.048,20.08,9.208,1
2025-04-19,R08,28.127,0.2973,7.113,48.233,42.337,9.346,1
2025-04-20,R08,25.975,0.3824,2.011,41.524,60.14,6.931,1
2025-04-21,R08,23.024,0.328,17.087,55.048,56.88,7.788,1
2025-04-22,R08,28.437,0.2006,23.594,50.791,59.357,9.312,1
2025-04-23,R08,29.044,0.2874,3.148,44.739,24.026,9.238,1
2025-04-24,R08,29.551,0.2483,3.544,44.496,31.919,10.0,1
2025-04-25,R08,27.496,0.2322,14.77,51.849,66.517,7.863,1
2025-04-26,R08,26.477,0.3587,4.409,48.434,83.218,6.451,1
2025-04-27,R08,28.394,0.2834,3.503,45.446,45.243,8.285,1
2025-04-28,R08,26.574,0.1868,7.602,49.014,41.231,7.786,1
2025-04-29,R08,29.023,0.1812,15.643,47.576,83.507,6.355,1
2025-04-30,R08,29.791,0.308,18.34,47.323,63.223,9.621,1
2025-05-01,R08,25.016,0.3348,7.298,47.818,92.624,5.123,1
2025-05-02,R08,22.546,0.2944,3.182,52.659,37.764,8.131,1
2025-05-03,R08,30.354,0.2105,6.19,48.858,52.872,9.087,1
2025-05-04,R08,28.053,0.2435,9.937,49.229,60.084,9.029,1
2025-05-05,R08,25.204,0.3444,2.787,49.726,36.73,8.477,1
2025-05-06,R08,28.469,0.3508,2.982,50.04,58.938,9.223,1
2025-05-07,R08,23.905,0.3708,8.394,50.277,33.166,9.087,1
2025-05-08,R08,26.33,0.3221,2.053,45.384,27.621,9.768,1
2025-05-09,R08,24.134,0.3184,6.775,52.899,35.545,8.535,1
2025-05-10,R08,29.771,0.1742,16.145,53.004,54.926,9.893,1
2025-05-11,R08,27.271,0.2659,11.531,53.471,40.973,8.017,1
2025-05-12,R08,27.001,0.2775,8.942,45.472,53.53,8.027,1
2025-05-13,R08,26.447,0.303,9.795,51.696,84.503,6.003,0
2025-05-14,R08,23.874,0.2793,12.562,56.696,40.524,6.597,1
2025-05-15,R08,28.161,0.1873,1.616,45.972,38.239,8.925,1
2025-05-16,R08,26.025,0.2799,12.761,49.519,51.139,6.93,1
2025-05-17,R08,24.589,0.3355,3.602,50.112,33.804,9.455,1
2025-05-18,R08,26.77,0.3575,16.964,55.62,56.89,9.242,1
2025-05-19,R08,25.062,0.2753,4.32,53.495,32.903,9.652,1
2025-05-20,R08,26.399,0.1766,8.672,48.982,40.58,8.62,1
2025-05-21,R08,21.297,0.2614,0.809,45.665,28.719,9.039,1
2025-05-22,R08,27.012,0.3108,6.434,48.101,23.818,10.314,1
2025-05-23,R08,27.51,0.3356,20.228,48.716,89.433,7.379,1
2025-05-24,R08,25.29,0.2714,10.901,53.787,59.131,8.528,1
2025-05-25,R08,25.251,0.2813,11.82,50.309,67.517,6.964,1
2025-05-26,R08,24.293,0.2848,5.105,48.097,39.751,9.376,1
2025-05-27,R08,27.538,0.1777,3.66,44.43,58.036,8.562,1
2025-05-28,R08,26.59,0.2642,2.517,46.916,59.609,6.761,1
2025-05-29,R08,25.917,0.1905,7.434,47.548,76.229,6.961,1
2025-05-30,R08,26.767,0.2638,3.948,43.237,60.89,8.035,1
2025-05-31,R08,23.316,0.3452,3.793,48.692,36.098,8.92,1
2025-06-01,R08,26.374,0.3341,24.377,59.815,58.441,8.371,1
2025-06-02,R08,23.885,0.337,24.314,58.552,68.165,7.077,0
2025-06-03,R08,25.733,0.3948,2.676,42.411,76.72,6.239,1
2025-06-04,R08,25.015,0.2637,4.249,51.199,46.225,9.243,1
2025-06-05,R08,26.804,0.3031,5.279,49.214,58.925,7.093,1
2025-06-06,R08,25.295,0.3138,4.248,47.429,19.936,9.281,1
2025-06-07,R08,24.285,0.4914,2.387,45.047,49.715,7.681,1
2025-06-08,R08,25.624,0.3226,5.367,49.715,37.887,8.238,1
2025-06-09,R08,23.815,0.253,3.981,52.067,73.161,7.557,1
2025-06-10,R08,23.756,0.1861,0.853,47.73,43.817,7.141,1
2025-06-11,R08,23.229,0.3072,6.21,53.802,83.048,6.469,1
2025-06-12,R08,20.955,0.4336,2.332,56.494,40.519,7.263,1
2025-06-13,R08,23.4,0.2539,12.576,54.498,84.893,5.869,1
2025-06-14,R08,23.991,0.3381,7.41,48.146,18.772,9.115,1
2025-06-15,R08,23.935,0.3689,7.149,51.277,55.168,7.333,1
2025-06-16,R08,26.299,0.4043,18.98,57.064,44.587,7.374,1
2025-06-17,R08,22.24,0.4141,9.741,49.572,44.191,7.25,1
2025-06-18,R08,24.192,0.3108,9.094,53.192,65.405,7.55,1
2025-06-19,R08,26.245,0.2987,10.517,53.744,58.357,7.59,1
2025-06-20,R08,25.1,0.301,16.216,51.588,60.572,6.633,1
2025-06-21,R08,21.935,0.3316,6.077,53.22,59.328,6.507,1
2025-06-22,R08,23.802,0.3109,21.529,50.9,83.878,6.732,1
2025-06-23,R08,25.316,0.3174,2.086,45.106,52.454,8.481,1
2025-06-24,R08,21.511,0.2979,22.651,54.823,72.555,6.441,0
2025-06-25,R08,20.462,0.389,1.857,47.273,59.241,5.178,1
2025-06-26,R08,25.645,0.1708,5.514,49.54,55.663,8.914,1
2025-06-27,R08,23.616,0.1804,7.638,55.046,63.755,5.659,1
2025-06-28,R08,21.843,0.3275,0.973,48.558,34.12,8.532,1
2025-06-29,R08,23.878,0.3439,7.612,50.104,55.798,8.173,1
2025-06-30,R08,26.908,0.283,0.34,48.829,80.053,7.31,1
2025-07-01,R08,24.479,0.2885,6.691,50.787,41.721,9.643,1
2025-07-02,R08,21.796,0.4013,17.558,55.318,57.932,6.131,0
2025-07-03,R08,20.086,0.2948,8.958,51.124,34.983,6.848,1
2025-07-04,R08,20.149,0.3281,1.721,48.897,31.573,7.528,1
2025-07-05,R08,22.938,0.336,4.395,46.195,37.425,9.189,1
2025-07-06,R08,22.743,0.3519,9.375,47.388,69.326,6.329,1
2025-07-07,R08,25.037,0.2937,4.023,50.85,79.286,6.959,1
2025-07-08,R08,19.859,0.391,2.15,52.503,43.513,6.917,1
2025-07-09,R08,22.869,0.2588,22.045,57.242,81.393,6.88,1
2025-07-10,R08,24.459,0.3543,12.436,49.712,64.385,6.801,1
2025-07-11,R08,21.896,0.4141,5.947,45.77,57.099,6.448,1
2025-07-12,R08,25.492,0.3082,3.129,44.432,57.344,6.622,1
2025-07-13,R08,21.714,0.338,1.342,49.419,63.294,4.623,1
2025-07-14,R08,21.779,0.4443,5.711,52.588,34.121,8.408,1
2025-07-15,R08,21.221,0.1878,5.194,50.65,73.222,5.839,1
2025-07-16,R08,23.1,0.3517,4.767,52.897,32.645,8.828,1
2025-07-17,R08,21.42,0.3644,1.693,48.457,48.219,8.213,1
2025-07-18,R08,21.94,0.2593,9.764,51.004,34.601,8.748,1
2025-07-19,R08,22.056,0.3501,4.474,51.117,61.144,6.487,1
2025-07-20,R08,24.247,0.2999,5.771,53.017,72.929,7.731,1
2025-07-21,R08,22.421,0.3189,6.404,52.501,31.458,9.373,1
2025-07-22,R08,23.675,0.3416,17.5,53.267,77.596,6.24,1
2025-07-23,R08,19.97,0.2875,13.861,59.949,32.213,7.823,1
2025-07-24,R08,20.182,0.3739,6.469,49.513,59.043,5.865,1
2025-07-25,R08,23.049,0.2554,13.028,51.712,63.448,7.512,1
2025-07-26,R08,19.69,0.3746,1.806,45.486,58.125,5.785,1
2025-07-27,R08,19.592,0.3455,8.844,58.645,73.229,4.898,0
2025-07-28,R08,22.117,0.3493,4.534,52.609,41.367,7.157,1
2025-07-29,R08,21.598,0.343,2.173,50.3,45.957,7.211,1
2025-07-30,R08,20.883,0.2617,23.14,58.15,54.199,6.475,0
2025-07-31,R08,25.912,0.2399,3.319,45.456,44.951,8.797,1
2025-08-01,R08,19.969,0.3987,18.787,51.493,90.911,3.963,0
2025-08-02,R08,18.759,0.4106,1.759,49.548,5,8.971,1
2025-08-03,R08,19.53,0.323,2.87,44.957,50.548,6.577,1
2025-08-04,R08,20.953,0.2509,10.429,51.232,57.957,6.032,1
2025-08-05,R08,21.165,0.3895,27.614,59.301,63.772,6.353,0
2025-08-06,R08,19.55,0.3645,6.11,52.497,29.437,6.705,1
2025-08-07,R08,23.973,0.3586,3.027,44.174,51.847,8.065,1
2025-08-08,R08,20.274,0.3349,7.864,50.686,32.267,7.223,1
2025-08-09,R08,19.819,0.3078,8.563,51.643,56.875,5.983,1
2025-08-10,R08,20.152,0.4607,8.987,54.566,45.57,8.802,1
2025-08-11,R08,21.153,0.3787,4.034,53.221,64.713,6.516,1
2025-08-12,R08,22.915,0.319,7.574,49.866,37.541,6.785,1
2025-08-13,R08,21.3,0.3958,4.491,54.011,48.357,7.606,1
2025-08-14,R08,20.619,0.4072,3.855,52.985,41.065,6.236,1
2025-08-15,R08,21.387,0.2687,27.8,57.076,74.702,5.781,0
2025-08-16,R08,17.945,0.357,3.902,46.755,34.289,6.307,1
2025-08-17,R08,17.731,0.241,19.271,63.01,47.856,7.181,0
2025-08-18,R08,22.504,0.3265,18.201,54.452,51.855,6.495,1
2025-08-19,R08,21.398,0.2775,0.717,50.815,7.682,9.825,1
2025-08-20,R08,20.993,0.3087,5.953,50.99,33.942,9.121,1
2025-08-21,R08,19.748,0.2799,6.5,53.895,68.594,5.398,0
2025-08-22,R08,19.54,0.3711,4.396,54.255,100,4.64,0
2025-08-23,R08,22.197,0.3203,1.677,47.848,60.618,6.719,1
2025-08-24,R08,19.99,0.3387,9.134,53.361,37.108,7.819,1
2025-08-25,R08,18.079,0.276,28.727,61.498,63.54,6.495,0
2025-08-26,R08,18.294,0.4978,14.778,52.916,56.243,5.591,1
2025-08-27,R08,19.083,0.4012,14.018,53.402,61.475,5.0,0
2025-08-28,R08,20.69,0.3714,27.431,56.509,62.01,5.832,0
2025-08-29,R08,20.986,0.3669,0.732,49.84,18.651,7.705,1
2025-08-30,R08,16.972,0.38,4.28,57.711,29.137,6.293,1
2025-08-31,R08,20.325,0.3494,8.39,52.935,80.187,6.148,0
2025-09-01,R08,17.14,0.3176,6.538,52.719,57.418,5.19,1
2025-09-02,R08,19.999,0.3594,6.473,50.307,16.568,9.623,1
2025-09-03,R08,18.959,0.4144,12.629,58.108,54.359,5.751,0
2025-09-04,R08,16.511,0.333,1.424,51.56,42.25,5.716,1
2025-09-05,R08,16.758,0.329,11.178,55.79,37.352,6.448,1
2025-09-06,R08,19.98,0.2793,9.082,47.535,47.181,6.733,1
2025-09-07,R08,20.096,0.2793,41.719,64.909,65.485,7.806,0
2025-09-08,R08,22.966,0.288,6.06,47.457,59.753,5.989,1
2025-09-09,R08,22.932,0.2381,5.021,50.932,61.311,6.778,1
2025-09-10,R08,18.293,0.3851,8.772,54.694,53.694,7.093,1
2025-09-11,R08,15.024,0.3736,7.03,51.645,69.542,4.698,0
2025-09-12,R08,19.283,0.3766,26.259,59.64,69.07,6.212,0
2025-09-13,R08,16.143,0.4454,12.073,55.209,71.24,5.878,0
2025-09-14,R08,18.631,0.3292,7.263,51.512,35.663,5.214,1
2025-09-15,R08,19.961,0.3117,22.037,57.065,59.129,7.162,0
2025-09-16,R08,16.508,0.457,8.169,50.908,43.81,5.038,0
2025-09-17,R08,16.817,0.278,1.447,58.444,7.733,8.171,1
2025-09-18,R08,20.782,0.232,4.122,44.112,36.035,7.047,1
2025-09-19,R08,22.678,0.3692,14.332,54.94,28.507,6.985,1
2025-09-20,R08,20.674,0.2943,7.076,50.402,40.44,6.687,1
2025-09-21,R08,17.731,0.2948,4.703,51.03,39.216,6.952,1
2025-09-22,R08,14.839,0.3283,23.7,60.052,74.722,3.66,0
2025-09-23,R08,18.556,0.3473,10.642,48.812,82.446,3.858,0
2025-09-24,R08,17.046,0.2767,8.19,51.711,49.817,6.238,1
2025-09-25,R08,19.872,0.2851,8.845,49.459,58.612,5.061,1
2025-09-26,R08,16.77,0.3733,12.266,55.978,33.398,7.26,0
2025-09-27,R08,17.393,0.3823,3.359,50.836,47.279,7.427,1
2025-09-28,R08,16.77,0.3839,0.843,55.576,49.255,6.22,0
2025-09-29,R08,15.93,0.3339,5.521,57.127,56.019,6.337,0
2025-09-30,R08,18.236,0.3732,4.294,51.192,38.087,6.198,1
2025-10-01,R08,18.543,0.3662,25.402,61.504,86.478,4.158,0
2025-10-02,R08,18.501,0.4172,0.713,47.554,19.919,8.898,1
2025-10-03,R08,19.66,0.2866,8.4,50.424,61.651,5.522,1
2025-10-04,R08,19.335,0.3406,4.717,48.209,37.596,6.786,1
2025-10-05,R08,19.347,0.3082,7.047,49.172,69.768,5.984,1
2025-10-06,R08,19.514,0.375,11.337,53.978,61.927,4.206,0
2025-10-07,R08,17.748,0.3569,2.537,50.702,58.121,6.331,1
2025-10-08,R08,18.961,0.3654,7.677,55.51,42.303,7.172,1
2025-10-09,R08,17.125,0.4802,12.243,54.608,61.202,5.385,0
2025-10-10,R08,17.402,0.338,6.649,53.337,62.672,6.43,1
2025-10-11,R08,14.204,0.4423,1.362,49.679,22.701,7.275,1
2025-10-12,R08,16.94,0.536,28.086,62.238,86.109,4.314,0
2025-10-13,R08,19.154,0.2524,2.045,53.656,49.054,6.914,1
2025-10-14,R08,18.496,0.3689,6.94,54.299,42.735,7.243,0
2025-10-15,R08,18.842,0.3002,15.902,57.083,67.593,6.257,0
2025-10-16,R08,21.751,0.4369,4.957,51.103,46.215,7.341,1
2025-10-17,R08,15.904,0.4345,0.792,50.981,31.234,6.863,1
2025-10-18,R08,19.433,0.4474,5.337,53.754,60.253,6.171,1
2025-10-19,R08,19.479,0.2996,9.938,54.64,71.634,5.415,0
2025-10-20,R08,20.919,0.3011,3.82,47.302,82.022,5.384,1
2025-10-21,R08,17.666,0.2663,9.282,53.576,47.331,7.529,1
2025-10-22,R08,17.711,0.3429,4.457,54.547,23.935,7.419,1
2025-10-23,R08,17.889,0.3064,1.626,48.623,48.695,4.26,0
2025-10-24,R08,16.7,0.4013,22.014,59.16,100,4.309,0
2025-10-25,R08,17.686,0.4244,2.961,51.177,24.583,6.676,1
2025-10-26,R08,16.837,0.2889,2.885,54.609,40.742,5.605,0
2025-10-27,R08,21.941,0.365,1.956,48.319,46.447,8.288,1
2025-10-28,R08,16.464,0.4238,19.055,60.075,70.812,6.304,0
2025-10-29,R08,21.499,0.3884,15.356,55.447,84.744,6.985,1
2025-10-30,R08,18.533,0.4666,14.59,52.423,45.763,7.588,0
2025-10-31,R08,19.109,0.4233,3.428,52.296,40.061,6.798,1
2025-11-01,R08,17.869,0.2942,3.645,48.664,64.664,5.35,1
2025-11-02,R08,20.174,0.211,3.581,52.829,61.751,7.689,1
2025-11-03,R08,20.16,0.3915,1.848,53.585,25.966,6.634,1
2025-11-04,R08,20.382,0.2494,13.099,52.373,73.7,7.299,1
2025-11-05,R08,20.937,0.3914,2.463,49.766,55.501,5.613,0
2025-11-06,R08,21.079,0.3414,14.716,53.672,43.77,7.29,1
2025-11-07,R08,19.451,0.4671,11.233,54.437,94.225,4.631,0
2025-11-08,R08,20.709,0.337,5.336,52.057,35.743,7.422,1
2025-11-09,R08,21.991,0.3974,2.278,48.1,25.812,9.263,1
2025-11-10,R08,19.598,0.3777,24.225,62.836,74.198,5.228,0
2025-11-11,R08,17.758,0.4163,1.135,50.596,37.115,8.284,1
2025-11-12,R08,22.454,0.3109,6.782,49.256,53.911,6.602,1
2025-11-13,R08,19.15,0.3742,3.009,39.276,40.223,6.646,1
2025-11-14,R08,19.242,0.2458,1.982,46.621,40.535,7.13,1
2025-11-15,R08,19.214,0.3254,5.617,51.046,63.923,6.932,1
2025-11-16,R08,19.551,0.4151,4.56,50.621,36.661,7.995,1
2025-11-17,R08,21.134,0.3596,13.142,49.117,35.529,9.044,1
2025-11-18,R08,22.142,0.3371,9.386,57.757,56.347,7.015,1
2025-11-19,R08,17.698,0.4224,27.544,57.882,36.686,8.55,0
2025-11-20,R08,18.901,0.3764,37.026,63.591,66.467,5.709,0
2025-11-21,R08,22.555,0.2596,7.727,46.311,51.735,6.899,1
2025-11-22,R08,19.744,0.4165,4.943,46.039,49.702,6.659,1
2025-11-23,R08,22.115,0.3282,47.395,67.462,52.286,7.434,0
2025-11-24,R08,21.975,0.3169,5.57,50.444,50.314,7.824,1
2025-11-25,R08,20.27,0.3213,4.691,52.348,49.767,6.529,1
2025-11-26,R08,17.373,0.3929,10.786,55.418,56.547,5.149,0
2025-11-27,R08,19.775,0.2507,14.668,58.351,54.675,5.496,0
2025-11-28,R08,21.15,0.4165,2.698,53.563,51.186,6.426,1
2025-11-29,R08,21.92,0.3351,3.429,45.08,20.949,9.894,1
2025-11-30,R08,21.114,0.2918,8.027,49.018,46.017,9.108,1
2025-12-01,R08,21.378,0.2684,38.476,58.18,70.438,6.496,0
2025-12-02,R08,22.306,0.4098,0.36,49.192,33.579,8.573,1
2025-12-03,R08,22.062,0.2985,3.303,50.379,43.616,7.935,1
2025-12-04,R08,22.927,0.2984,31.52,64.34,71.706,7.595,0
2025-12-05,R08,20.973,0.3121,6.668,52.263,39.372,7.862,1
2025-12-06,R08,17.832,0.3868,19.516,61.812,57.67,6.588,0
2025-12-07,R08,21.354,0.3259,11.343,51.02,71.482,5.372,0
2025-12-08,R08,21.048,0.4937,3.814,45.842,13.592,7.69,1
2025-12-09,R08,20.151,0.3168,9.493,56.045,78.798,7.078,1
2025-12-10,R08,25.191,0.2998,15.045,50.415,64.67,7.057,1
2025-12-11,R08,19.882,0.2021,2.09,48.338,43.603,8.016,1
2025-12-12,R08,21.17,0.3293,10.516,54.156,60.973,6.014,0
2025-12-13,R08,25.106,0.3197,0.925,47.363,63.998,6.648,1
2025-12-14,R08,16.655,0.2975,13.099,56.579,51.599,5.641,0
2025-12-15,R08,20.421,0.3782,3.802,46.021,18.867,9.109,1
2025-12-16,R08,20.563,0.3356,17.311,58.809,67.552,6.092,1
2025-12-17,R08,25.054,0.23,7.756,49.232,56.595,8.713,1
2025-12-18,R08,22.715,0.2384,7.411,50.977,19.56,8.473,1
2025-12-19,R08,17.775,0.3166,2.94,55.484,55.962,4.993,0
2025-12-20,R08,19.024,0.3284,13.105,58.548,86.162,5.936,0
2025-12-21,R08,23.45,0.3198,1.072,50.49,64.696,5.953,1
2025-12-22,R08,20.506,0.3435,2.537,54.137,59.487,5.726,0
2025-12-23,R08,23.859,0.2837,1.631,51.679,37.715,7.757,1
2025-12-24,R08,22.862,0.3168,5.978,52.552,26.525,9.395,1
2025-12-25,R08,21.623,0.2611,15.077,53.583,36.689,7.967,1
2025-12-26,R08,23.627,0.3253,0.334,45.278,17.781,9.328,1
2025-12-27,R08,23.95,0.331,28.623,51.213,78.846,7.12,0
2025-12-28,R08,22.22,0.2565,9.446,51.613,57.457,7.066,1
2025-12-29,R08,22.971,0.2489,12.034,53.041,51.023,8.186,1
2025-12-30,R08,21.87,0.3144,28.204,57.516,49.786,6.481,0
2025-12-31,R08,22.199,0.2772,3.523,49.73,58.166,5.844,1
2025-01-01,R09,29.768,0.6927,7.316,25.436,66.346,9.084,1
2025-01-02,R09,27.743,0.7103,4.729,28.966,44.156,9.367,1
2025-01-03,R09,28.441,0.6769,4.173,24.079,82.418,7.491,1
2025-01-04,R09,30.341,0.7389,8.291,24.715,59.548,9.481,1
2025-01-05,R09,25.827,0.727,6.969,29.9,48.535,8.091,1
2025-01-06,R09,24.938,0.664,7.324,27.235,27.245,10.193,1
2025-01-07,R09,27.874,0.6621,1.247,22.175,25.64,11.63,1
2025-01-08,R09,28.837,0.6436,46.933,44.224,68.072,7.447,1
2025-01-09,R09,30.755,0.7223,1.628,17.738,52.304,9.012,1
2025-01-10,R09,27.901,0.6469,1.123,21.8,15.114,10.956,1
2025-01-11,R09,30.517,0.7174,10.533,27.026,54.68,7.522,1
2025-01-12,R09,25.943,0.6872,4.129,34.458,59.372,7.297,1
2025-01-13,R09,28.832,0.6919,9.841,27.922,58.34,8.93,1
2025-01-14,R09,28.872,0.7618,8.069,26.685,43.614,10.227,1
2025-01-15,R09,28.412,0.7035,3.9,27.643,27.532,9.279,1
2025-01-16,R09,32.49,0.677,1.486,22.654,83.795,7.869,1
2025-01-17,R09,26.316,0.7151,19.905,31.766,52.504,7.493,1
2025-01-18,R09,29.12,0.5617,24.35,37.164,53.525,7.746,1
2025-01-19,R09,28.109,0.6588,5.506,24.738,43.373,8.786,1
2025-01-20,R09,30.43,0.6624,14.546,26.98,65.472,8.888,1
2025-01-21,R09,32.315,0.6053,5.572,20.723,49.486,9.581,1
2025-01-22,R09,29.911,0.7084,15.537,28.145,63.552,6.977,1
2025-01-23,R09,25.157,0.7776,7.973,31.014,36.778,8.854,1
2025-01-24,R09,30.686,0.752,4.387,22.097,33.747,10.977,1
2025-01-25,R09,30.348,0.7552,1.443,22.369,45.133,9.582,1
2025-01-26,R09,31.608,0.6446,9.894,21.607,51.487,10.077,1
2025-01-27,R09,27.298,0.6715,3.541,24.763,33.432,8.353,1
2025-01-28,R09,29.722,0.7648,3.163,24.87,58.257,9.437,1
2025-01-29,R09,29.72,0.7324,12.239,28.331,53.99,8.316,1
2025-01-30,R09,26.158,0.7683,23.739,31.114,46.561,9.118,1
2025-01-31,R09,26.345,0.7583,12.267,25.608,70.6,5.634,1
2025-02-01,R09,29.226,0.7132,16.883,27.151,46.265,8.388,1
2025-02-02,R09,28.388,0.6934,15.515,28.715,67.038,8.289,1
2025-02-03,R09,33.009,0.7174,5.114,18.843,61.631,9.384,1
2025-02-04,R09,28.786,0.8196,17.586,23.511,84.074,8.972,1
2025-02-05,R09,33.523,0.7279,17.313,22.665,43.032,10.955,1
2025-02-06,R09,29.608,0.5651,1.374,22.843,68.563,7.683,1
2025-02-07,R09,32.026,0.5859,2.862,19.132,14.54,10.69,1
2025-02-08,R09,34.284,0.6615,14.767,24.256,56.157,9.643,1
2025-02-09,R09,28.846,0.6627,18.73,28.72,49.256,8.377,1
2025-02-10,R09,27.701,0.6911,0.716,22.929,10.462,10.003,1
2025-02-11,R09,29.403,0.7499,9.977,32.452,88.512,7.148,1
2025-02-12,R09,28.949,0.7935,7.361,23.043,34.299,7.933,1
2025-02-13,R09,32.738,0.5957,10.891,26.192,76.038,9.834,1
2025-02-14,R09,27.546,0.7461,4.704,31.284,74.926,7.187,1
2025-02-15,R09,29.32,0.7675,6.49,26.444,47.632,9.59,1
2025-02-16,R09,28.248,0.8036,15.727,30.297,60.113,7.624,1
2025-02-17,R09,29.68,0.5494,19.627,27.082,80.458,7.978,1
2025-02-18,R09,33.89,0.6037,1.147,23.696,13.306,12.898,1
2025-02-19,R09,27.96,0.6784,7.415,28.435,39.852,9.8,1
2025-02-20,R09,30.746,0.6405,3.984,20.733,46.493,9.56,1
2025-02-21,R09,29.318,0.6313,17.272,30.89,53.588,8.803,1
2025-02-22,R09,29.416,0.7809,2.082,25.181,64.922,7.64,1
2025-02-23,R09,30.658,0.5739,5.512,25.534,59.997,8.22,1
2025-02-24,R09,32.319,0.6548,12.79,25.533,62.171,9.387,1
2025-02-25,R09,26.86,0.7816,3.559,27.42,61.968,7.574,1
2025-02-26,R09,31.074,0.458,10.566,25.559,45.891,9.793,1
2025-02-27,R09,31.126,0.6716,15.962,32.166,85.439,7.867,1
2025-02-28,R09,31.026,0.7317,14.599,28.886,45.433,10.246,1
2025-03-01,R09,31.782,0.7612,11.462,19.664,52.782,9.367,1
2025-03-02,R09,31.62,0.5623,0.903,21.658,12.949,12.116,1
2025-03-03,R09,30.809,0.6595,6.258,20.344,69.782,8.507,1
2025-03-04,R09,32.29,0.6938,8.035,26.586,47.764,10.34,1
2025-03-05,R09,29.799,0.6912,6.394,21.065,34.01,10.771,1
2025-03-06,R09,32.169,0.6596,6.826,23.387,62.05,7.973,1
2025-03-07,R09,28.538,0.75,3.725,20.453,15.3,11.104,1
2025-03-08,R09,32.99,0.5434,7.257,23.903,63.412,8.319,1
2025-03-09,R09,28.978,0.6959,16.302,30.112,83.149,7.531,1
2025-03-10,R09,33.237,0.6794,5.577,22.766,42.955,10.359,1
2025-03-11,R09,31.433,0.7388,3.442,19.73,42.795,9.747,1
2025-03-12,R09,31.292,0.621,7.289,28.451,43.047,10.239,1
2025-03-13,R09,35.411,0.6115,4.656,23.909,33.213,10.176,1
2025-03-14,R09,29.426,0.6882,21.984,29.658,59.389,8.465,1
2025-03-15,R09,33.438,0.7317,20.857,24.783,57.113,8.08,1
2025-03-16,R09,31.371,0.661,4.913,20.121,22.738,10.057,1
2025-03-17,R09,31.497,0.7958,10.786,22.73,39.984,8.808,1
2025-03-18,R09,32.659,0.5918,9.675,28.711,51.217,10.44,1
2025-03-19,R09,31.833,0.5944,5.891,20.837,65.507,8.58,1
2025-03-20,R09,29.597,0.7116,34.924,44.585,75.305,7.672,1
2025-03-21,R09,29.052,0.6925,8.401,23.833,45.581,9.202,1
2025-03-22,R09,33.045,0.6201,9.026,24.307,62.79,9.487,1
2025-03-23,R09,33.679,0.7182,3.76,22.084,21.665,11.448,1
2025-03-24,R09,28.212,0.7383,11.371,28.081,83.663,7.505,1
2025-03-25,R09,30.665,0.614,32.078,29.184,56.521,9.741,1
2025-03-26,R09,32.83,0.6097,9.289,25.164,61.459,8.057,1
2025-03-27,R09,30.138,0.6555,17.544,28.833,48.333,8.843,1
2025-03-28,R09,33.215,0.7291,8.661,21.558,44.384,10.345,1
2025-03-29,R09,34.282,0.545,11.702,28.07,28.775,11.474,1
2025-03-30,R09,32.022,0.6467,2.561,24.273,51.962,9.168,1
2025-03-31,R09,30.04,0.6049,2.327,23.257,61.047,9.436,1
2025-04-01,R09,30.775,0.7407,2.517,16.589,45.619,9.928,1
2025-04-02,R09,31.986,0.5592,4.455,22.845,53.669,10.021,1
2025-04-03,R09,30.201,0.6386,2.616,24.759,42.426,10.262,1
2025-04-04,R09,31.426,0.7176,10.294,23.715,35.472,10.877,1
2025-04-05,R09,31.921,0.5193,15.434,28.141,61.39,9.737,1
2025-04-06,R09,28.822,0.6184,2.32,25.337,80.52,7.448,1
2025-04-07,R09,33.817,0.5594,6.404,29.503,39.16,9.745,1
2025-04-08,R09,32.868,0.6327,6.628,21.5,78.536,10.351,1
2025-04-09,R09,30.472,0.6219,24.053,32.993,52.415,9.681,1
2025-04-10,R09,33.07,0.6749,16.082,35.121,58.596,9.007,1
2025-04-11,R09,33.422,0.4619,25.359,30.005,75.535,7.56,1
2025-04-12,R09,29.787,0.5774,16.452,28.418,50.41,9.335,1
2025-04-13,R09,32.847,0.6902,12.177,25.436,59.584,9.473,1
2025-04-14,R09,31.672,0.6006,6.434,26.301,42.38,10.589,1
2025-04-15,R09,32.121,0.7048,12.677,28.58,63.633,8.633,1
2025-04-16,R09,35.991,0.7063,4.718,15.76,14.833,12.835,1
2025-04-17,R09,32.19,0.7242,11.695,30.382,67.702,7.716,1
2025-04-18,R09,31.129,0.7078,10.429,30.033,58.891,7.921,1
2025-04-19,R09,35.032,0.5901,5.301,18.695,49.001,11.413,1
2025-04-20,R09,29.992,0.6679,5.195,27.749,36.037,9.935,1
2025-04-21,R09,33.036,0.739,14.885,26.89,78.779,7.58,1
2025-04-22,R09,33.847,0.5857,5.706,26.413,18.904,11.962,1
2025-04-23,R09,32.523,0.5686,2.547,19.957,48.461,10.809,1
2025-04-24,R09,30.178,0.6217,12.738,21.972,54.632,8.786,1
2025-04-25,R09,28.487,0.8123,5.994,24.269,56.701,8.326,1
2025-04-26,R09,30.912,0.6491,18.839,25.756,57.183,8.166,1
2025-04-27,R09,28.959,0.7135,11.849,28.684,38.393,8.37,1
2025-04-28,R09,28.01,0.7637,20.432,32.199,46.25,8.955,1
2025-04-29,R09,33.699,0.6264,2.804,22.681,32.459,10.239,1
2025-04-30,R09,31.692,0.5792,27.354,30.91,59.76,9.043,1
2025-05-01,R09,30.38,0.6854,26.722,30.447,71.417,7.704,1
2025-05-02,R09,30.289,0.6219,10.695,27.913,42.382,9.334,1
2025-05-03,R09,34.97,0.6335,13.842,27.024,55.358,10.792,1
2025-05-04,R09,30.418,0.7034,4.275,25.07,43.292,9.892,1
2025-05-05,R09,31.297,0.6353,1.148,23.033,16.577,9.924,1
2025-05-06,R09,30.902,0.6651,4.624,26.203,52.989,9.575,1
2025-05-07,R09,28.415,0.5546,18.617,33.37,54.818,9.513,1
2025-05-08,R09,33.183,0.6568,17.382,25.226,53.619,9.111,1
2025-05-09,R09,29.858,0.8117,6.809,28.561,51.822,8.123,1
2025-05-10,R09,31.576,0.5929,7.548,29.098,62.525,8.058,1
2025-05-11,R09,31.672,0.7243,4.903,19.199,92.954,7.172,1
2025-05-12,R09,28.733,0.703,7.519,24.132,50.125,9.163,1
2025-05-13,R09,31.003,0.6331,2.675,26.633,58.759,8.598,1
2025-05-14,R09,28.852,0.7776,27.608,27.988,79.971,8.1,1
2025-05-15,R09,32.64,0.6743,0.634,25.917,52.562,11.163,1
2025-05-16,R09,29.686,0.7974,6.125,24.759,60.449,9.417,1
2025-05-17,R09,31.323,0.5593,9.574,24.448,62.863,7.466,1
2025-05-18,R09,30.222,0.5888,1.556,17.406,31.609,9.574,1
2025-05-19,R09,29.857,0.5481,6.053,19.71,57.965,7.079,1
2025-05-20,R09,31.971,0.7124,7.394,21.062,64.962,8.57,1
2025-05-21,R09,33.066,0.6326,6.232,22.536,60.311,8.573,1
2025-05-22,R09,34.646,0.5752,20.145,24.561,65.805,8.847,1
2025-05-23,R09,28.487,0.7273,6.608,20.873,42.275,10.024,1
2025-05-24,R09,30.6,0.6332,8.292,26.539,55.928,8.721,1
2025-05-25,R09,29.856,0.7489,1.79,17.759,42.174,7.631,1
2025-05-26,R09,27.014,0.7268,12.544,30.265,86.94,6.956,1
2025-05-27,R09,26.204,0.6331,1.63,28.631,20.88,7.482,1
2025-05-28,R09,31.083,0.7144,3.346,20.881,60.657,8.737,1
2025-05-29,R09,30.956,0.6431,23.526,35.826,71.139,7.841,1
2025-05-30,R09,29.51,0.7369,8.49,25.707,57.006,8.187,1
2025-05-31,R09,30.256,0.6674,11.264,28.196,53.962,9.013,1
2025-06-01,R09,29.07,0.7523,10.141,23.809,53.66,8.473,1
2025-06-02,R09,33.563,0.6242,22.022,25.397,47.136,10.439,1
2025-06-03,R09,27.737,0.6199,2.864,23.93,68.083,7.765,1
2025-06-04,R09,26.684,0.7412,2.887,26.61,60.416,8.998,1
2025-06-05,R09,29.646,0.6398,16.857,27.637,59.661,7.973,1
2025-06-06,R09,28.51,0.7055,20.338,31.369,53.692,6.851,1
2025-06-07,R09,27.982,0.7163,1.671,22.329,21.263,9.241,1
2025-06-08,R09,28.967,0.5939,16.05,28.273,71.271,6.829,1
2025-06-09,R09,28.465,0.6733,12.664,31.998,100,6.124,1
2025-06-10,R09,31.253,0.6587,12.551,26.13,46.972,9.501,1
2025-06-11,R09,29.632,0.7091,0.051,20.035,33.494,10.534,1
2025-06-12,R09,29.034,0.6724,26.539,31.529,60.497,8.367,1
2025-06-13,R09,30.395,0.7065,4.121,28.595,56.75,9.383,1
2025-06-14,R09,28.645,0.7469,2.348,21.678,49.423,8.786,1
2025-06-15,R09,28.49,0.6148,15.587,31.292,74.915,8.187,1
2025-06-16,R09,29.653,0.6081,2.2,27.437,62.216,7.466,1
2025-06-17,R09,28.494,0.7503,14.252,21.75,64.659,9.768,1
2025-06-18,R09,29.605,0.6931,6.466,24.496,67.941,8.131,1
2025-06-19,R09,27.534,0.6332,6.787,27.658,35.227,10.014,1
2025-06-20,R09,31.843,0.6679,11.342,27.603,75.834,8.932,1
2025-06-21,R09,26.535,0.7116,25.146,34.695,61.224,7.866,1
2025-06-22,R09,29.04,0.6468,12.424,26.771,67.287,6.856,1
2025-06-23,R09,26.042,0.6651,6.767,28.569,85.575,6.088,1
2025-06-24,R09,31.795,0.6894,4.459,25.149,36.905,9.947,1
2025-06-25,R09,26.805,0.7602,2.89,22.735,40.517,9.486,1
2025-06-26,R09,24.38,0.6914,6.091,31.269,37.601,9.761,1
2025-06-27,R09,27.957,0.7515,14.618,25.192,56.07,7.742,1
2025-06-28,R09,29.662,0.6355,7.156,24.922,49.099,8.811,1
2025-06-29,R09,28.416,0.6389,9.972,29.294,41.957,9.505,1
2025-06-30,R09,28.339,0.6963,5.571,26.446,24.373,10.888,1
2025-07-01,R09,27.232,0.633,3.014,24.964,34.8,9.007,1
2025-07-02,R09,30.187,0.5942,10.719,27.364,72.166,8.548,1
2025-07-03,R09,22.818,0.6595,7.197,28.793,83.123,6.254,1
2025-07-04,R09,26.949,0.7264,14.731,26.892,65.282,7.654,1
2025-07-05,R09,27.56,0.6835,24.524,29.22,77.308,7.482,1
2025-07-06,R09,27.673,0.652,7.922,28.004,40.966,9.147,1
2025-07-07,R09,28.114,0.7509,5.05,25.918,43.082,9.582,1
2025-07-08,R09,24.699,0.709,9.81,25.431,35.617,8.27,1
2025-07-09,R09,29.036,0.5957,17.036,29.117,51.779,8.307,1
2025-07-10,R09,25.968,0.7931,3.531,25.747,45.065,9.579,1
2025-07-11,R09,26.005,0.7273,10.812,28.054,56.692,9.095,1
2025-07-12,R09,27.813,0.742,27.752,32.925,79.212,6.78,1
2025-07-13,R09,26.43,0.7747,33.396,37.989,48.405,8.874,1
2025-07-14,R09,27.584,0.6538,15.69,29.428,63.192,7.366,1
2025-07-15,R09,30.2,0.6949,2.86,23.176,20.962,11.093,1
2025-07-16,R09,25.414,0.761,4.424,25.091,38.374,8.662,1
2025-07-17,R09,30.178,0.6334,6.833,17.804,74.178,9.088,1
2025-07-18,R09,24.57,0.8705,2.292,25.055,30.801,7.936,1
2025-07-19,R09,26.88,0.7605,5.991,28.101,50.885,9.01,1
2025-07-20,R09,26.467,0.7253,16.133,36.742,63.44,7.177,1
2025-07-21,R09,27.385,0.7567,8.155,26.546,64.93,8.297,1
2025-07-22,R09,26.264,0.6969,22.305,34.79,89.25,7.466,1
2025-07-23,R09,25.38,0.6934,5.949,28.926,69.483,5.643,1
2025-07-24,R09,24.289,0.7012,22.188,32.933,62.955,7.136,1
2025-07-25,R09,29.943,0.7511,3.434,21.686,32.486,10.071,1
2025-07-26,R09,25.957,0.8216,11.439,27.216,35.389,8.401,1
2025-07-27,R09,27.82,0.6959,9.044,26.822,69.975,7.374,1
2025-07-28,R09,26.383,0.7403,5.449,26.477,46.057,8.889,1
2025-07-29,R09,25.264,0.7285,1.617,25.19,49.87,7.72,1
2025-07-30,R09,26.38,0.7063,8.658,27.726,68.261,7.052,1
2025-07-31,R09,23.414,0.7577,3.057,29.786,52.633,7.928,1
2025-08-01,R09,25.881,0.7755,9.367,30.475,60.986,8.329,1
2025-08-02,R09,22.84,0.7869,11.151,25.663,46.098,7.415,1
2025-08-03,R09,23.72,0.7153,13.528,28.244,43.626,8.094,1
2025-08-04,R09,24.414,0.7052,5.21,27.816,68.285,7.791,1
2025-08-05,R09,24.466,0.7986,16.248,33.84,55.433,9.036,1
2025-08-06,R09,23.677,0.6612,14.057,32.627,62.99,7.438,1
2025-08-07,R09,23.469,0.7766,10.707,32.33,56.322,7.496,1
2025-08-08,R09,26.744,0.6008,23.335,27.819,50.039,9.208,1
2025-08-09,R09,25.225,0.8716,14.511,29.661,80.638,5.601,1
2025-08-10,R09,22.914,0.7338,10.125,29.734,80.871,6.426,1
2025-08-11,R09,21.888,0.76,11.688,33.594,66.766,6.058,1
2025-08-12,R09,25.435,0.6848,7.253,26.162,62.133,7.02,1
2025-08-13,R09,22.981,0.7185,5.427,27.076,70.539,7.042,1
2025-08-14,R09,23.175,0.6437,5.487,24.525,55.288,7.679,1
2025-08-15,R09,24.479,0.6983,8.224,30.186,55.549,7.929,1
2025-08-16,R09,23.704,0.7346,15.441,29.834,61.483,6.711,1
2025-08-17,R09,24.959,0.7706,7.398,27.351,41.898,8.38,1
2025-08-18,R09,22.022,0.6838,2.54,28.588,56.839,6.401,1
2025-08-19,R09,22.426,0.842,7.47,30.663,45.792,6.753,1
2025-08-20,R09,23.337,0.8146,0.425,25.347,23.093,8.452,1
2025-08-21,R09,24.375,0.7464,10.666,33.352,56.633,7.407,1
2025-08-22,R09,26.706,0.6891,14.299,30.316,63.555,8.805,1
2025-08-23,R09,23.477,0.762,5.37,30.88,67.387,7.427,1
2025-08-24,R09,23.892,0.759,10.495,30.216,39.787,7.554,1
2025-08-25,R09,23.986,0.7707,11.153,29.464,99.66,5.174,1
2025-08-26,R09,23.254,0.7735,4.94,25.922,58.686,7.782,1
2025-08-27,R09,24.418,0.7961,6.856,27.531,33.61,8.244,1
2025-08-28,R09,25.468,0.6542,2.738,25.793,58.562,7.014,1
2025-08-29,R09,23.446,0.8212,13.526,31.494,65.436,6.64,1
2025-08-30,R09,28.493,0.6172,6.101,24.251,61.838,6.608,1
2025-08-31,R09,23.802,0.6923,57.635,46.261,88.023,4.254,0
2025-09-01,R09,24.765,0.6793,2.74,27.839,45.426,7.758,1
2025-09-02,R09,22.369,0.7898,4.287,34.407,62.239,6.353,1
2025-09-03,R09,22.023,0.6396,16.11,31.987,82.814,4.471,1
2025-09-04,R09,21.498,0.6987,2.278,24.545,32.999,8.954,1
2025-09-05,R09,24.486,0.7262,10.31,26.753,76.965,5.111,1
2025-09-06,R09,24.141,0.7355,4.914,27.789,63.235,7.473,1
2025-09-07,R09,24.613,0.7635,4.529,32.074,33.377,8.193,1
2025-09-08,R09,24.488,0.7637,24.764,36.107,62.916,7.503,1
2025-09-09,R09,24.416,0.7389,16.925,29.234,48.575,7.727,1
2025-09-10,R09,22.51,0.7672,17.867,31.216,59.311,8.206,1
2025-09-11,R09,24.244,0.7746,4.41,26.733,69.033,7.17,1
2025-09-12,R09,22.703,0.8377,4.639,28.136,35.636,8.131,1
2025-09-13,R09,21.689,0.6638,0.36,32.346,32.423,7.944,1
2025-09-14,R09,23.662,0.847,12.735,27.669,58.412,8.151,1
2025-09-15,R09,22.535,0.6935,6.264,32.784,24.183,9.261,1
2025-09-16,R09,24.593,0.8814,1.129,26.959,32.969,8.476,1
2025-09-17,R09,23.122,0.7415,1.822,32.052,26.18,8.242,1
2025-09-18,R09,25.086,0.7573,12.802,29.402,77.6,5.942,1
2025-09-19,R09,22.432,0.7404,6.777,25.395,80.06,6.323,1
2025-09-20,R09,21.255,0.6826,4.441,30.864,24.049,8.656,1
2025-09-21,R09,23.065,0.7338,5.869,31.359,48.021,7.914,1
2025-09-22,R09,21.729,0.6068,8.284,28.952,48.369,8.315,1
2025-09-23,R09,21.528,0.8017,19.815,33.905,66.522,6.933,1
2025-09-24,R09,23.455,0.7231,10.712,28.922,80.301,5.817,1
2025-09-25,R09,19.734,0.7611,4.259,30.027,57.485,6.805,1
2025-09-26,R09,18.628,0.7828,2.651,31.262,30.177,8.359,1
2025-09-27,R09,24.905,0.7491,1.537,24.262,50.437,7.295,1
2025-09-28,R09,22.685,0.603,11.418,30.049,55.593,7.523,1
2025-09-29,R09,25.508,0.7791,4.175,22.065,63.785,5.89,1
2025-09-30,R09,19.75,0.7301,9.356,34.987,49.76,5.811,1
2025-10-01,R09,24.967,0.6987,0.674,33.129,28.395,8.788,1
2025-10-02,R09,23.138,0.7967,9.952,28.373,48.194,8.106,1
2025-10-03,R09,22.642,0.7614,4.829,28.168,56.34,7.366,1
2025-10-04,R09,23.717,0.7151,8.664,30.785,45.332,9.7,1
2025-10-05,R09,23.84,0.7787,6.349,26.394,48.806,8.42,1
2025-10-06,R09,23.307,0.6639,9.79,26.794,37.098,6.221,1
2025-10-07,R09,19.953,0.6641,3.476,30.469,62.732,6.191,1
2025-10-08,R09,25.564,0.7292,8.174,32.192,82.424,6.358,1
2025-10-09,R09,21.104,0.791,5.837,32.165,51.375,7.449,1
2025-10-10,R09,21.776,0.7054,6.414,25.071,39.982,7.963,1
2025-10-11,R09,24.949,0.7263,19.446,35.619,80.366,6.256,1
2025-10-12,R09,22.013,0.6948,10.849,32.237,65.879,6.721,1
2025-10-13,R09,23.303,0.7622,18.483,38.625,46.271,7.702,1
2025-10-14,R09,23.473,0.6827,5.89,26.137,36.093,9.112,1
2025-10-15,R09,25.445,0.6859,9.196,30.544,56.454,6.917,1
2025-10-16,R09,22.963,0.6759,5.374,25.978,50.554,7.475,1
2025-10-17,R09,24.516,0.6703,6.717,27.447,61.166,6.362,1
2025-10-18,R09,24.739,0.6086,9.698,35.227,62.09,5.653,1
2025-10-19,R09,28.476,0.7537,7.062,25.549,36.812,9.913,1
2025-10-20,R09,23.16,0.8476,20.05,40.644,55.27,8.268,1
2025-10-21,R09,22.202,0.7967,5.002,30.224,62.274,5.167,1
2025-10-22,R09,19.3,0.8903,5.583,27.846,71.465,4.386,1
2025-10-23,R09,21.172,0.7528,32.034,37.456,93.112,5.571,0
2025-10-24,R09,25.022,0.7559,4.503,30.695,51.938,7.646,1
2025-10-25,R09,24.317,0.6968,14.033,31.742,62.522,5.106,1
2025-10-26,R09,23.661,0.6967,7.843,26.789,34.842,9.237,1
2025-10-27,R09,22.683,0.6826,6.751,34.154,40.078,7.845,1
2025-10-28,R09,23.092,0.661,16.034,32.56,78.179,6.91,1
2025-10-29,R09,23.095,0.7462,3.103,27.435,47.137,8.592,1
2025-10-30,R09,24.182,0.7708,7.119,28.62,48.889,7.287,1
2025-10-31,R09,22.613,0.7062,13.358,27.801,68.372,5.698,1
2025-11-01,R09,24.645,0.7408,4.18,30.685,61.899,6.46,1
2025-11-02,R09,21.87,0.7317,2.058,27.877,28.521,7.684,1
2025-11-03,R09,26.115,0.8015,20.109,36.677,58.885,6.039,1
2025-11-04,R09,22.91,0.7345,3.03,25.931,54.078,6.533,1
2025-11-05,R09,21.982,0.6551,3.142,26.238,45.648,5.59,1
2025-11-06,R09,20.979,0.7856,3.648,32.205,48.23,7.551,1
2025-11-07,R09,21.205,0.7711,17.387,33.531,99.807,5.01,1
2025-11-08,R09,22.216,0.6908,10.15,28.927,47.555,7.647,1
2025-11-09,R09,23.894,0.676,10.358,26.158,78.969,6.904,1
2025-11-10,R09,23.658,0.8484,1.683,31.169,40.231,8.57,1
2025-11-11,R09,23.261,0.8084,13.059,30.382,77.999,7.093,1
2025-11-12,R09,21.544,0.7733,17.36,38.099,41.415,7.169,0
2025-11-13,R09,23.96,0.749,0.791,27.917,7.695,10.081,1
2025-11-14,R09,25.427,0.7852,24.259,36.459,55.973,7.024,1
2025-11-15,R09,24.389,0.794,19.873,28.814,67.382,6.997,1
2025-11-16,R09,24.714,0.6676,14.358,37.001,46.51,9.283,1
2025-11-17,R09,27.193,0.6164,8.369,27.423,41.637,9.58,1
2025-11-18,R09,22.862,0.8058,5.737,26.108,60.205,7.294,1
2025-11-19,R09,24.148,0.744,3.73,31.006,40.512,7.946,1
2025-11-20,R09,23.727,0.7813,5.002,25.622,49.9,6.525,1
2025-11-21,R09,27.466,0.6714,2.959,24.626,48.196,8.758,1
2025-11-22,R09,26.487,0.7576,3.275,25.545,53.16,6.494,1
2025-11-23,R09,23.954,0.7301,5.428,30.841,29.169,9.009,1
2025-11-24,R09,25.792,0.7122,3.046,29.124,67.961,7.496,1
2025-11-25,R09,26.919,0.7065,13.58,30.201,64.666,7.53,1
2025-11-26,R09,24.209,0.6144,28.59,38.819,100,6.239,1
2025-11-27,R09,27.302,0.5928,7.034,23.431,19.533,9.416,1
2025-11-28,R09,26.291,0.6877,7.018,23.197,41.225,8.652,1
2025-11-29,R09,28.632,0.5675,4.698,27.863,55.229,8.734,1
2025-11-30,R09,25.859,0.7173,26.915,34.981,65.894,7.915,1
2025-12-01,R09,24.111,0.7703,18.557,32.914,74.522,6.073,1
2025-12-02,R09,23.712,0.7398,11.81,26.96,32.485,6.76,1
2025-12-03,R09,28.224,0.725,1.355,25.202,14.739,9.901,1
2025-12-04,R09,20.881,0.7435,13.933,34.261,89.388,4.996,0
2025-12-05,R09,27.397,0.6634,1.648,24.492,54.81,8.386,1
2025-12-06,R09,23.787,0.7827,25.763,36.666,64.83,7.062,1
2025-12-07,R09,23.882,0.7618,8.932,30.816,100,6.765,1
2025-12-08,R09,24.069,0.6823,10.881,30.784,71.159,7.726,1
2025-12-09,R09,21.56,0.7453,6.602,29.211,73.409,5.878,1
2025-12-10,R09,26.485,0.6186,4.675,29.487,65.331,8.08,1
2025-12-11,R09,26.496,0.6299,3.295,29.095,21.863,9.056,1
2025-12-12,R09,22.848,0.8286,5.453,28.104,33.814,8.713,1
2025-12-13,R09,29.544,0.7187,8.059,25.224,56.767,7.578,1
2025-12-14,R09,27.403,0.7542,0.799,21.55,73.316,6.758,1
2025-12-15,R09,28.177,0.6987,3.183,25.31,80.136,6.127,1
2025-12-16,R09,25.174,0.6783,3.567,26.627,65.729,7.388,1
2025-12-17,R09,25.415,0.7207,9.609,27.832,55.713,7.358,1
2025-12-18,R09,20.723,0.7466,3.876,26.212,59.779,6.379,1
2025-12-19,R09,25.875,0.9011,9.045,25.656,75.741,8.685,1
2025-12-20,R09,27.453,0.8415,2.931,23.043,43.692,8.931,1
2025-12-21,R09,26.839,0.7094,1.964,23.568,32.676,10.762,1
2025-12-22,R09,25.595,0.6839,0.077,20.477,44.904,7.432,1
2025-12-23,R09,26.688,0.7581,2.97,23.587,51.086,8.728,1
2025-12-24,R09,25.113,0.6783,2.878,29.526,14.682,8.783,1
2025-12-25,R09,27.928,0.7002,8.164,27.257,40.443,7.919,1
2025-12-26,R09,32.02,0.5774,4.136,23.901,58.582,7.863,1
2025-12-27,R09,29.109,0.7585,10.414,26.671,41.911,9.254,1
2025-12-28,R09,28.149,0.6759,20.171,29.434,92.228,7.013,1
2025-12-29,R09,30.723,0.666,24.171,28.571,71.47,8.314,1
2025-12-30,R09,26.77,0.6871,23.219,29.527,85.456,6.482,1
2025-12-31,R09,27.399,0.8078,0.429,29.762,22.895,9.672,1
2025-01-01,R10,24.552,0.4983,9.855,60.179,48.097,8.22,1
2025-01-02,R10,26.229,0.4926,9.138,60.897,44.664,10.027,1
2025-01-03,R10,26.597,0.5333,11.518,63.848,47.281,7.358,0
2025-01-04,R10,31.394,0.5005,12.765,57.144,58.233,10.105,1
2025-01-05,R10,25.083,0.3662,7.387,58.881,45.35,7.745,1
2025-01-06,R10,29.305,0.5611,2.725,54.36,49.137,8.05,1
2025-01-07,R10,25.507,0.4841,12.184,60.393,67.987,7.825,1
2025-01-08,R10,26.005,0.4257,35.521,60.823,57.795,7.173,0
2025-01-09,R10,27.399,0.4659,8.067,62.759,82.593,6.312,0
2025-01-10,R10,26.83,0.4984,20.789,57.727,66.356,7.181,0
2025-01-11,R10,27.153,0.5168,6.612,62.734,42.795,8.436,1
2025-01-12,R10,26.391,0.5176,13.568,55.787,52.568,8.937,1
2025-01-13,R10,25.083,0.4492,6.147,54.961,42.763,8.805,1
2025-01-14,R10,25.442,0.5227,13.231,60.682,80.23,5.017,0
2025-01-15,R10,26.283,0.4929,4.23,56.061,65.84,5.777,1
2025-01-16,R10,27.721,0.4248,3.847,53.695,18.184,10.022,1
2025-01-17,R10,24.578,0.473,7.912,57.478,58.98,8.978,1
2025-01-18,R10,24.143,0.4447,2.369,56.99,57.596,7.442,1
2025-01-19,R10,23.923,0.5816,0.53,61.013,16.11,9.278,1
2025-01-20,R10,26.164,0.5397,4.979,58.604,36.096,9.042,1
2025-01-21,R10,28.399,0.4259,2.548,51.96,62.533,9.19,1
2025-01-22,R10,27.737,0.5469,26.43,62.738,69.276,7.226,0
2025-01-23,R10,26.511,0.508,24.948,61.02,62.8,6.771,0
2025-01-24,R10,26.824,0.5662,12.989,59.721,21.556,11.658,1
2025-01-25,R10,29.477,0.4351,12.216,60.718,72.937,6.73,0
2025-01-26,R10,30.403,0.5331,8.484,58.908,58.604,9.558,1
2025-01-27,R10,25.674,0.4806,16.056,57.611,54.479,8.355,1
2025-01-28,R10,25.385,0.5082,12.672,60.067,54.243,7.842,0
2025-01-29,R10,26.492,0.4974,23.06,65.718,74.377,6.419,0
2025-01-30,R10,27.52,0.4839,5.227,59.769,9.978,11.574,1
2025-01-31,R10,26.556,0.4221,2.892,52.92,64.188,7.324,1
2025-02-01,R10,27.668,0.4854,6.942,51.722,37.138,8.077,1
2025-02-02,R10,29.095,0.3979,8.111,63.015,88.437,7.121,0
2025-02-03,R10,24.381,0.5529,3.42,58.637,68.068,6.432,1
2025-02-04,R10,29.011,0.3579,7.011,56.381,76.426,7.223,1
2025-02-05,R10,25.607,0.5861,2.994,59.579,47.898,8.789,1
2025-02-06,R10,30.27,0.4075,2.771,53.723,51.52,9.881,1
2025-02-07,R10,27.84,0.5074,3.716,52.379,30.841,9.557,1
2025-02-08,R10,25.531,0.5583,3.938,57.533,31.451,9.6,1
2025-02-09,R10,27.777,0.587,23.92,60.268,59.964,7.501,1
2025-02-10,R10,29.457,0.4467,4.316,53.035,61.216,7.801,1
2025-02-11,R10,28.113,0.4547,15.311,56.113,54.587,7.442,0
2025-02-12,R10,25.042,0.3062,12.742,58.861,62.35,9.057,1
2025-02-13,R10,31.539,0.3908,2.334,53.877,18.095,12.646,1
2025-02-14,R10,31.522,0.529,17.041,57.678,56.851,9.325,1
2025-02-15,R10,26.647,0.5767,33.364,65.042,100,6.084,0
2025-02-16,R10,29.867,0.5166,24.2,60.097,65.128,7.854,1
2025-02-17,R10,30.359,0.3406,2.024,49.612,44.581,10.792,1
2025-02-18,R10,28.413,0.4255,3.48,55.786,61.066,7.632,1
2025-02-19,R10,25.737,0.4258,1.675,54.425,35.468,10.772,1
2025-02-20,R10,29.21,0.4584,10.178,57.71,64.692,8.714,1
2025-02-21,R10,27.018,0.4475,3.763,48.509,63.848,7.377,1
2025-02-22,R10,28.613,0.5417,4.229,59.388,93.181,6.871,1
2025-02-23,R10,29.761,0.456,36.988,63.193,82.148,7.143,0
2025-02-24,R10,28.158,0.6802,12.021,54.268,44.374,8.12,1
2025-02-25,R10,26.454,0.4186,16.544,57.011,67.691,6.248,0
2025-02-26,R10,27.567,0.4494,11.2,63.563,59.071,9.144,1
2025-02-27,R10,26.216,0.5015,7.941,61.51,40.499,9.162,1
2025-02-28,R10,32.451,0.482,4.626,51.183,67.257,9.367,1
2025-03-01,R10,29.427,0.5429,2.497,54.351,82.824,7.363,1
2025-03-02,R10,29.504,0.4251,2.995,54.975,32.421,10.05,1
2025-03-03,R10,30.454,0.4199,4.082,58.557,17.584,10.686,1
2025-03-04,R10,31.736,0.3837,5.334,52.872,64.878,8.274,1
2025-03-05,R10,30.98,0.4754,19.474,56.63,46.592,9.404,1
2025-03-06,R10,30.363,0.5028,13.429,57.925,38.519,9.38,1
2025-03-07,R10,29.994,0.3835,6.598,57.914,62.528,8.35,1
2025-03-08,R10,31.297,0.4886,15.996,56.741,34.152,11.534,1
2025-03-09,R10,30.292,0.4756,7.963,55.367,53.963,8.436,1
2025-03-10,R10,31.108,0.3689,3.336,51.072,45.475,9.876,1
2025-03-11,R10,27.638,0.5391,0.992,56.285,41.754,8.2,1
2025-03-12,R10,30.945,0.4368,8.382,60.572,42.716,10.099,1
2025-03-13,R10,32.098,0.427,5.189,51.0,38.364,10.33,1
2025-03-14,R10,25.54,0.5139,5.432,59.807,37.14,8.959,1
2025-03-15,R10,30.306,0.4195,6.314,48.916,30.467,11.107,1
2025-03-16,R10,30.56,0.3955,11.331,57.328,42.229,10.696,1
2025-03-17,R10,27.235,0.4445,0.914,51.96,23.671,10.396,1
2025-03-18,R10,30.892,0.4324,5.596,52.103,33.815,11.556,1
2025-03-19,R10,29.184,0.4342,12.18,59.703,66.714,7.901,1
2025-03-20,R10,30.829,0.4482,4.805,53.913,40.864,9.138,1
2025-03-21,R10,30.686,0.4254,40.394,60.812,74.366,7.565,0
2025-03-22,R10,26.287,0.4882,20.243,60.504,48.565,8.449,1
2025-03-23,R10,29.327,0.3755,5.537,57.697,61.44,9.041,1
2025-03-24,R10,33.426,0.3427,17.047,53.734,63.358,7.996,1
2025-03-25,R10,27.917,0.5015,4.984,55.257,60.972,6.994,1
2025-03-26,R10,28.844,0.45,21.564,64.655,87.897,6.174,0
2025-03-27,R10,30.249,0.4206,25.642,61.245,70.881,9.364,1
2025-03-28,R10,27.555,0.6587,4.042,55.776,47.045,8.899,1
2025-03-29,R10,32.396,0.4127,16.317,60.681,70.861,8.542,1
2025-03-30,R10,29.384,0.4391,20.151,62.431,35.77,8.401,1
2025-03-31,R10,28.001,0.4183,1.139,53.414,74.403,7.701,1
2025-04-01,R10,28.556,0.4885,5.171,55.155,38.43,8.905,1
2025-04-02,R10,29.199,0.4975,5.175,57.854,65.16,8.194,1
2025-04-03,R10,28.279,0.4299,9.751,54.652,59.419,8.346,1
2025-04-04,R10,26.788,0.3386,4.248,53.468,59.038,7.153,1
2025-04-05,R10,27.323,0.5732,3.055,57.194,43.889,9.15,1
2025-04-06,R10,34.197,0.5237,3.276,51.287,51.361,9.154,1
2025-04-07,R10,27.728,0.461,3.485,54.479,60.089,8.449,1
2025-04-08,R10,30.868,0.5612,9.343,50.62,65.811,9.177,1
2025-04-09,R10,32.591,0.3949,6.171,50.967,67.126,8.746,1
2025-04-10,R10,29.399,0.4592,3.446,51.552,71.365,8.751,1
2025-04-11,R10,29.333,0.418,10.506,54.981,43.338,8.206,1
2025-04-12,R10,29.094,0.4647,5.381,54.043,54.739,7.923,1
2025-04-13,R10,29.353,0.4239,15.528,53.686,39.462,8.213,1
2025-04-14,R10,28.097,0.5208,4.027,56.803,40.066,8.911,1
2025-04-15,R10,32.679,0.4283,13.554,57.142,44.752,8.923,1
2025-04-16,R10,31.015,0.4723,9.637,55.221,82.314,7.793,1
2025-04-17,R10,29.558,0.3186,2.878,56.973,62.217,8.605,1
2025-04-18,R10,29.267,0.3437,16.184,57.762,63.192,8.408,0
2025-04-19,R10,30.724,0.4473,31.216,65.641,67.774,9.711,1
2025-04-20,R10,30.677,0.5078,5.269,57.684,38.137,9.901,1
2025-04-21,R10,29.685,0.4995,0.525,50.727,26.648,10.804,1
2025-04-22,R10,31.594,0.3528,0.29,51.52,28.752,11.272,1
2025-04-23,R10,25.866,0.4925,4.32,57.938,46.335,7.829,1
2025-04-24,R10,29.483,0.5165,24.266,59.911,63.649,7.923,0
2025-04-25,R10,29.26,0.4698,0.541,58.822,57.501,7.025,1
2025-04-26,R10,30.856,0.5271,9.284,54.918,77.641,7.012,0
2025-04-27,R10,29.6,0.4564,5.995,50.044,62.706,8.673,1
2025-04-28,R10,30.646,0.3262,15.397,53.325,70.741,7.809,1
2025-04-29,R10,29.83,0.4941,1.033,54.676,16.961,10.922,1
2025-04-30,R10,29.974,0.4677,13.928,55.414,72.253,8.648,1
2025-05-01,R10,30.801,0.4308,5.628,54.145,50.448,8.886,1
2025-05-02,R10,26.563,0.5039,24.342,65.312,81.039,6.107,0
2025-05-03,R10,29.638,0.5139,8.543,56.018,85.769,6.572,1
2025-05-04,R10,30.864,0.4542,3.314,50.416,34.373,9.005,1
2025-05-05,R10,28.155,0.4567,10.052,48.731,56.859,6.993,1
2025-05-06,R10,33.827,0.4464,2.716,52.001,46.555,8.659,1
2025-05-07,R10,24.902,0.4456,2.185,59.869,31.416,9.719,1
2025-05-08,R10,29.543,0.4954,15.253,60.916,82.177,7.874,1
2025-05-09,R10,27.628,0.4674,10.807,56.956,48.369,9.398,1
2025-05-10,R10,28.829,0.4523,6.489,43.72,33.852,10.601,1
2025-05-11,R10,29.757,0.4696,8.039,59.221,32.57,8.815,1
2025-05-12,R10,27.764,0.5233,11.024,57.493,70.643,7.111,1
2025-05-13,R10,28.752,0.4358,14.616,53.815,71.026,7.722,0
2025-05-14,R10,32.345,0.3711,2.557,53.848,73.469,7.155,1
2025-05-15,R10,27.673,0.5952,9.699,57.821,61.185,8.007,1
2025-05-16,R10,27.868,0.5671,3.889,50.791,51.622,8.548,1
2025-05-17,R10,24.905,0.5384,7.015,52.345,23.346,9.887,1
2025-05-18,R10,30.03,0.5625,2.913,54.498,36.689,9.839,1
2025-05-19,R10,29.95,0.415,15.462,60.138,42.118,8.947,1
2025-05-20,R10,29.877,0.4659,8.924,55.522,37.243,9.166,1
2025-05-21,R10,28.08,0.5599,3.797,57.241,27.202,9.756,1
2025-05-22,R10,30.966,0.5229,6.731,54.713,48.99,10.538,1
2025-05-23,R10,29.488,0.4972,10.972,53.917,52.837,9.236,1
2025-05-24,R10,29.135,0.3506,2.332,57.774,36.053,8.457,1
2025-05-25,R10,29.951,0.4087,11.918,60.637,60.597,7.446,0
2025-05-26,R10,31.187,0.5506,13.529,56.288,47.697,8.669,1
2025-05-27,R10,28.421,0.499,4.324,54.733,37.802,8.547,1
2025-05-28,R10,27.533,0.5405,11.887,61.829,70.242,7.155,1
2025-05-29,R10,24.547,0.5865,15.712,60.825,62.934,7.993,0
2025-05-30,R10,25.598,0.4413,1.365,58.21,34.757,8.009,1
2025-05-31,R10,28.915,0.4753,6.143,61.354,66.257,8.868,1
2025-06-01,R10,28.303,0.5401,13.329,62.008,62.016,9.05,1
2025-06-02,R10,28.168,0.4988,13.184,56.835,92.655,8.295,1
2025-06-03,R10,23.352,0.4257,1.524,59.752,16.123,9.371,1
2025-06-04,R10,28.983,0.5159,26.889,62.136,39.136,9.703,1
2025-06-05,R10,27.634,0.3762,29.676,62.152,61.36,8.451,0
2025-06-06,R10,26.034,0.5928,14.199,65.815,70.193,8.229,1
2025-06-07,R10,30.043,0.4932,9.046,55.187,74.869,7.216,1
2025-06-08,R10,29.144,0.4566,5.556,54.948,67.523,8.346,1
2025-06-09,R10,25.667,0.5109,10.525,59.294,69.763,6.122,0
2025-06-10,R10,27.694,0.5192,2.427,55.836,58.923,6.679,1
2025-06-11,R10,27.514,0.5489,12.466,63.41,58.422,8.327,1
2025-06-12,R10,27.482,0.585,6.35,54.291,54.178,8.695,1
2025-06-13,R10,26.11,0.4718,5.488,55.584,37.198,8.566,1
2025-06-14,R10,28.318,0.3561,6.785,56.689,84.52,8.87,1
2025-06-15,R10,30.666,0.5017,4.373,54.846,60.431,9.678,1
2025-06-16,R10,25.605,0.6325,3.79,59.133,20.114,9.907,1
2025-06-17,R10,27.29,0.4483,9.972,57.596,52.602,9.389,1
2025-06-18,R10,26.943,0.5834,15.136,61.366,53.036,8.14,1
2025-06-19,R10,23.668,0.5796,28.289,66.139,88.314,5.515,0
2025-06-20,R10,24.374,0.437,1.372,51.395,47.824,7.235,1
2025-06-21,R10,22.765,0.5938,14.879,61.472,54.989,7.545,0
2025-06-22,R10,24.397,0.4253,3.916,55.827,47.615,9.078,1
2025-06-23,R10,25.281,0.5349,2.282,54.984,40.214,6.822,0
2025-06-24,R10,24.77,0.4835,3.819,54.893,36.841,7.561,1
2025-06-25,R10,26.881,0.3623,4.984,57.465,54.635,7.471,1
2025-06-26,R10,25.836,0.4318,3.277,58.956,40.094,8.199,1
2025-06-27,R10,28.165,0.4893,4.105,57.952,27.04,10.311,1
2025-06-28,R10,23.747,0.4711,5.969,59.639,33.718,8.605,1
2025-06-29,R10,27.375,0.6649,6.695,55.388,44.161,8.738,1
2025-06-30,R10,27.609,0.3681,4.701,52.081,36.205,8.332,1
2025-07-01,R10,25.876,0.394,5.694,58.921,26.896,10.266,1
2025-07-02,R10,28.235,0.5089,1.781,56.533,34.369,9.544,1
2025-07-03,R10,24.87,0.5676,8.894,57.748,48.447,7.53,1
2025-07-04,R10,22.805,0.5156,1.261,54.788,57.96,5.942,0
2025-07-05,R10,26.625,0.4096,5.681,54.734,67.69,8.097,1
2025-07-06,R10,25.419,0.4646,19.255,60.127,69.77,7.443,1
2025-07-07,R10,24.415,0.4463,3.49,58.797,65.754,6.093,0
2025-07-08,R10,24.868,0.4496,2.796,52.839,46.164,8.744,1
2025-07-09,R10,24.319,0.5206,2.418,63.947,52.188,7.885,0
2025-07-10,R10,23.561,0.4049,5.919,57.33,40.417,8.451,1
2025-07-11,R10,23.435,0.5378,5.955,57.963,27.772,8.125,1
2025-07-12,R10,20.342,0.5557,16.421,64.398,61.985,7.112,0
2025-07-13,R10,24.042,0.4093,7.144,60.116,63.229,8.537,0
2025-07-14,R10,23.689,0.4902,24.929,64.812,74.004,5.756,0
2025-07-15,R10,26.471,0.5026,5.953,57.638,59.449,9.101,1
2025-07-16,R10,26.21,0.4891,5.671,54.024,72.4,8.204,1
2025-07-17,R10,25.18,0.5088,4.346,58.588,56.983,8.899,1
2025-07-18,R10,20.119,0.434,8.505,63.979,75.865,5.939,0
2025-07-19,R10,20.425,0.6046,9.296,60.812,95.574,6.298,0
2025-07-20,R10,21.269,0.6258,3.17,55.039,47.365,7.097,1
2025-07-21,R10,21.255,0.5978,10.947,58.075,65.169,6.315,0
2025-07-22,R10,21.423,0.5698,1.87,55.974,39.778,9.672,1
2025-07-23,R10,26.233,0.4441,2.19,57.006,53.488,7.017,1
2025-07-24,R10,23.957,0.4649,1.111,53.473,62.81,6.351,1
2025-07-25,R10,25.337,0.5089,2.318,57.942,26.707,8.397,1
2025-07-26,R10,23.53,0.5265,11.182,60.844,38.686,7.547,0
2025-07-27,R10,27.579,0.5357,6.006,58.854,54.708,8.948,1
2025-07-28,R10,26.54,0.4453,8.176,57.391,56.547,8.94,1
2025-07-29,R10,21.743,0.4988,7.169,56.448,38.873,6.919,0
2025-07-30,R10,22.616,0.5296,3.705,57.301,68.533,7.551,1
2025-07-31,R10,24.508,0.5372,7.709,65.008,44.29,8.663,1
2025-08-01,R10,23.707,0.4411,0.877,60.876,12.271,9.395,1
2025-08-02,R10,23.901,0.4579,21.736,61.485,66.814,6.463,0
2025-08-03,R10,21.948,0.4262,17.238,65.576,63.977,7.207,0
2025-08-04,R10,24.968,0.5212,10.382,55.569,62.525,8.559,1
2025-08-05,R10,21.482,0.591,5.56,59.232,78.976,6.196,0
2025-08-06,R10,25.477,0.5934,5.048,59.62,53.008,8.419,1
2025-08-07,R10,23.467,0.5644,18.982,59.939,93.203,5.062,0
2025-08-08,R10,22.451,0.5604,10.385,58.261,76.356,5.919,0
2025-08-09,R10,20.478,0.461,8.46,62.962,37.141,7.066,0
2025-08-10,R10,22.203,0.5032,22.663,67.034,87.062,4.711,0
2025-08-11,R10,23.845,0.5891,3.496,61.346,30.807,8.708,1
2025-08-12,R10,21.083,0.5689,0.878,60.735,17.627,9.449,1
2025-08-13,R10,23.422,0.5912,18.047,63.018,43.682,8.147,0
2025-08-14,R10,24.696,0.3336,1.196,62.239,5,10.656,1
2025-08-15,R10,21.109,0.6021,11.442,66.694,84.051,5.772,0
2025-08-16,R10,21.699,0.4771,2.88,57.754,25.539,7.574,1
2025-08-17,R10,23.383,0.4733,10.304,57.433,98.583,6.278,0
2025-08-18,R10,20.175,0.6544,4.834,53.313,76.429,4.289,0
2025-08-19,R10,22.998,0.5623,2.494,55.359,56.272,6.547,1
2025-08-20,R10,18.774,0.5508,6.226,61.641,34.334,7.854,1
2025-08-21,R10,21.278,0.4509,12.077,58.527,45.449,7.974,0
2025-08-22,R10,25.293,0.4244,24.409,58.275,50.407,7.502,0
2025-08-23,R10,23.825,0.5534,12.263,56.015,90.493,6.112,0
2025-08-24,R10,20.229,0.4663,6.135,64.789,74.666,5.684,0
2025-08-25,R10,21.695,0.4661,25.108,69.736,87.803,5.271,0
2025-08-26,R10,20.332,0.5674,16.619,66.042,73.011,5.365,0
2025-08-27,R10,23.635,0.4878,24.68,70.354,51.747,6.74,0
2025-08-28,R10,20.308,0.4896,34.73,72.959,90.687,5.143,0
2025-08-29,R10,20.729,0.6137,0.904,53.711,73.722,4.68,0
2025-08-30,R10,25.956,0.5567,4.269,56.347,27.695,9.589,1
2025-08-31,R10,21.695,0.4967,11.709,57.701,48.244,7.615,1
2025-09-01,R10,20.933,0.5108,6.447,56.307,37.41,7.46,1
2025-09-02,R10,19.459,0.5398,0.678,58.983,48.622,7.656,1
2025-09-03,R10,22.427,0.5905,10.117,58.33,41.524,7.939,1
2025-09-04,R10,22.413,0.4197,2.386,55.875,20.331,10.049,1
2025-09-05,R10,21.338,0.5887,7.21,58.518,56.714,7.541,0
2025-09-06,R10,21.446,0.5417,2.291,58.723,74.032,4.626,0
2025-09-07,R10,22.597,0.5117,8.99,63.474,49.694,6.992,0
2025-09-08,R10,22.637,0.5542,19.235,62.853,70.595,5.39,0
2025-09-09,R10,25.587,0.5092,8.206,56.13,47.581,7.856,1
2025-09-10,R10,19.556,0.638,6.361,62.896,84.36,5.572,0
2025-09-11,R10,20.762,0.6111,12.041,61.372,76.875,5.766,0
2025-09-12,R10,22.643,0.4805,4.084,57.656,53.274,6.582,1
2025-09-13,R10,19.607,0.5318,6.899,65.651,46.407,7.782,0
2025-09-14,R10,20.813,0.6485,4.928,64.0,58.525,7.221,0
2025-09-15,R10,23.918,0.5592,7.486,65.116,63.25,7.127,0
2025-09-16,R10,20.781,0.4949,6.322,61.543,50.843,6.904,1
2025-09-17,R10,20.387,0.4452,4.228,57.983,67.003,4.626,0
2025-09-18,R10,17.385,0.5737,21.913,67.773,68.994,5.405,0
2025-09-19,R10,22.508,0.5255,8.377,60.133,46.352,8.875,1
2025-09-20,R10,21.549,0.5079,9.009,60.746,50.814,7.139,0
2025-09-21,R10,22.263,0.5592,5.636,58.244,49.129,7.84,1
2025-09-22,R10,21.702,0.5214,21.231,66.911,84.844,5.166,0
2025-09-23,R10,22.748,0.5779,3.327,55.262,38.608,8.848,1
2025-09-24,R10,21.508,0.5432,1.226,58.787,52.719,7.025,1
2025-09-25,R10,19.872,0.5859,3.587,54.73,29.924,8.244,1
2025-09-26,R10,22.836,0.5916,3.928,57.156,82.095,6.353,0
2025-09-27,R10,20.802,0.5334,4.788,57.465,64.879,8.04,1
2025-09-28,R10,26.537,0.4611,10.841,54.719,79.763,6.552,1
2025-09-29,R10,17.586,0.5177,6.174,62.892,86.887,4.928,0
2025-09-30,R10,22.966,0.4673,0.7,56.128,54.156,7.743,1
2025-10-01,R10,23.681,0.5721,4.13,61.524,55.09,7.728,1
2025-10-02,R10,24.441,0.5134,27.064,66.644,79.086,7.432,0
2025-10-03,R10,19.81,0.4951,11.246,58.934,62.381,6.224,0
2025-10-04,R10,25.262,0.5536,1.699,61.169,21.139,8.648,1
2025-10-05,R10,20.806,0.5726,21.277,63.271,87.218,3.811,0
2025-10-06,R10,19.1,0.6389,12.089,61.812,100,5.354,0
2025-10-07,R10,20.907,0.4879,16.413,65.758,68.732,6.409,0
2025-10-08,R10,20.961,0.5944,43.063,73.103,80.534,5.014,0
2025-10-09,R10,19.561,0.4897,1.398,53.721,5.051,8.413,1
2025-10-10,R10,22.466,0.5245,14.56,61.471,41.874,9.451,1
2025-10-11,R10,20.472,0.5149,6.837,56.448,70.592,5.3,0
2025-10-12,R10,20.396,0.5687,13.258,64.561,67.382,5.484,0
2025-10-13,R10,23.787,0.5364,3.475,57.305,56.828,6.662,1
2025-10-14,R10,20.865,0.4969,2.216,58.712,11.835,9.575,1
2025-10-15,R10,19.689,0.5205,4.594,57.418,51.22,5.903,0
2025-10-16,R10,23.544,0.4816,13.741,59.339,77.281,6.002,0
2025-10-17,R10,23.344,0.5182,11.654,54.954,25.791,8.605,1
2025-10-18,R10,20.765,0.5264,4.803,63.475,45.619,8.365,1
2025-10-19,R10,21.177,0.5772,6.945,60.151,45.712,8.363,0
2025-10-20,R10,20.207,0.6828,16.889,64.4,47.038,6.629,0
2025-10-21,R10,21.891,0.5708,14.853,65.806,67.138,5.977,0
2025-10-22,R10,23.304,0.4819,45.74,73.715,62.014,6.565,0
2025-10-23,R10,23.161,0.4683,9.723,54.728,73.655,4.758,0
2025-10-24,R10,17.96,0.4897,1.049,58.841,80.322,4.149,0
2025-10-25,R10,21.074,0.4058,11.968,62.734,36.271,7.277,0
2025-10-26,R10,21.199,0.5848,5.67,59.045,44.803,7.514,1
2025-10-27,R10,24.989,0.4878,29.409,67.057,85.404,7.219,0
2025-10-28,R10,21.603,0.6595,6.602,59.981,38.598,8.951,1
2025-10-29,R10,21.626,0.5717,13.871,63.734,69.847,5.88,0
2025-10-30,R10,21.661,0.6114,2.984,60.203,68.74,4.838,0
2025-10-31,R10,20.468,0.6294,6.924,60.576,31.279,7.25,0
2025-11-01,R10,23.42,0.5452,2.378,57.813,46.072,8.57,1
2025-11-02,R10,19.83,0.4975,11.906,63.909,30.779,9.513,1
2025-11-03,R10,21.317,0.5504,3.225,61.611,33.814,7.332,0
2025-11-04,R10,24.939,0.5331,17.108,63.069,65.931,7.388,0
2025-11-05,R10,24.708,0.4015,9.475,57.373,60.364,7.405,1
2025-11-06,R10,21.049,0.65,5.106,60.458,48.222,7.706,0
2025-11-07,R10,19.216,0.5839,18.251,68.398,46.064,4.593,0
2025-11-08,R10,24.2,0.592,14.598,58.487,42.951,8.189,1
2025-11-09,R10,22.961,0.5294,13.047,68.487,31.753,8.062,1
2025-11-10,R10,21.613,0.5099,4.932,61.105,88.284,5.364,1
2025-11-11,R10,19.832,0.4786,8.298,57.724,78.059,5.999,0
2025-11-12,R10,22.117,0.4816,4.491,59.05,41.899,6.545,0
2025-11-13,R10,23.058,0.5269,4.757,58.42,59.444,6.043,0
2025-11-14,R10,23.596,0.4863,7.554,63.448,37.026,8.78,1
2025-11-15,R10,23.797,0.584,23.392,65.857,50.816,7.596,0
2025-11-16,R10,22.403,0.5968,12.486,56.405,50.348,8.263,0
2025-11-17,R10,23.518,0.4871,4.217,53.441,30.336,10.239,1
2025-11-18,R10,22.176,0.5399,30.012,62.438,83.841,7.54,0
2025-11-19,R10,23.512,0.471,0.884,55.635,19.227,9.511,1
2025-11-20,R10,21.276,0.5094,7.889,60.487,42.611,7.915,0
2025-11-21,R10,21.904,0.5601,20.112,56.179,41.765,8.991,1
2025-11-22,R10,23.892,0.5352,2.547,52.682,60.718,8.093,1
2025-11-23,R10,21.427,0.631,1.246,58.004,49.461,6.671,0
2025-11-24,R10,22.757,0.4711,7.894,62.274,50.543,9.008,1
2025-11-25,R10,22.461,0.5876,8.702,60.195,22.426,9.627,1
2025-11-26,R10,22.858,0.5955,11.538,52.019,60.432,6.935,1
2025-11-27,R10,21.872,0.4806,21.438,62.139,64.295,5.42,0
2025-11-28,R10,22.36,0.5574,18.333,64.918,59.372,6.118,0
2025-11-29,R10,24.153,0.554,43.619,67.929,69.453,5.97,0
2025-11-30,R10,24.007,0.5678,26.398,66.997,80.848,6.263,0
2025-12-01,R10,21.927,0.5944,9.462,58.857,48.323,8.098,0
2025-12-02,R10,26.699,0.5289,8.838,58.075,59.163,7.181,1
2025-12-03,R10,23.281,0.439,11.466,61.451,44.172,8.748,0
2025-12-04,R10,25.103,0.61,16.731,55.855,48.304,7.748,1
2025-12-05,R10,24.94,0.5957,5.068,56.888,72.329,6.655,0
2025-12-06,R10,23.173,0.4105,6.85,59.243,44.912,6.56,0
2025-12-07,R10,24.391,0.5342,3.183,60.313,25.673,8.402,1
2025-12-08,R10,21.583,0.5839,3.981,57.394,12.624,9.146,1
2025-12-09,R10,21.352,0.4245,2.737,52.706,31.825,7.265,1
2025-12-10,R10,21.127,0.5373,14.436,60.35,63.351,7.022,0
2025-12-11,R10,23.378,0.5205,14.134,62.884,44.254,8.086,1
2025-12-12,R10,23.161,0.549,13.739,65.627,88.78,6.611,0
2025-12-13,R10,24.929,0.5311,29.356,66.866,57.469,8.312,1
2025-12-14,R10,27.882,0.5034,15.162,60.667,34.166,9.803,1
2025-12-15,R10,25.329,0.4702,3.926,56.258,54.129,7.22,1
2025-12-16,R10,22.348,0.4999,14.724,55.689,67.435,5.071,0
2025-12-17,R10,26.18,0.467,5.071,57.499,48.789,8.745,1
2025-12-18,R10,25.346,0.4003,6.935,59.829,65.894,7.8,1
2025-12-19,R10,25.305,0.4867,13.113,57.327,57.713,8.284,1
2025-12-20,R10,23.704,0.5372,5.148,57.239,55.323,8.496,1
2025-12-21,R10,23.672,0.4781,7.004,57.019,65.695,6.464,1
2025-12-22,R10,21.344,0.5762,14.014,65.733,51.569,8.017,0
2025-12-23,R10,25.722,0.5137,1.573,57.626,34.075,9.009,1
2025-12-24,R10,24.586,0.4195,8.037,51.408,41.355,9.596,1
2025-12-25,R10,24.549,0.4729,15.36,57.605,44.603,8.242,1
2025-12-26,R10,27.337,0.3877,2.533,54.805,32.698,9.664,1
2025-12-27,R10,27.071,0.4858,15.199,65.509,73.794,6.143,1
2025-12-28,R10,26.203,0.4756,10.364,55.797,82.696,7.043,1
2025-12-29,R10,28.587,0.399,2.939,54.489,26.134,10.842,1
2025-12-30,R10,26.357,0.3418,23.602,61.509,72.108,7.238,0
2025-12-31,R10,23.79,0.5439,9.968,59.566,68.238,7.207,0
2025-01-01,R11,30.23,0.7968,25.293,27.275,57.524,9.921,1
2025-01-02,R11,33.876,0.6624,4.393,22.884,22.899,10.834,1
2025-01-03,R11,34.687,0.6258,9.552,20.005,58.825,10.252,1
2025-01-04,R11,34.643,0.653,12.464,23.082,47.795,10.379,1
2025-01-05,R11,32.76,0.7322,6.244,23.151,39.24,9.093,1
2025-01-06,R11,34.921,0.6518,7.269,21.286,51.625,10.039,1
2025-01-07,R11,33.527,0.663,2.192,19.785,45.226,9.169,1
2025-01-08,R11,33.688,0.6708,4.613,21.748,36.798,9.624,1
2025-01-09,R11,31.975,0.6691,1.44,21.014,23.633,11.688,1
2025-01-10,R11,32.777,0.6672,10.932,24.598,45.913,9.951,1
2025-01-11,R11,34.084,0.737,10.357,24.159,42.661,10.666,1
2025-01-12,R11,34.998,0.6646,10.556,24.673,42.361,10.811,1
2025-01-13,R11,35.414,0.6844,2.359,23.29,20.292,11.37,1
2025-01-14,R11,32.144,0.8354,0.831,18.83,5,12.747,1
2025-01-15,R11,32.795,0.6622,4.867,20.412,73.999,8.895,1
2025-01-16,R11,34.532,0.7817,18.779,30.218,54.751,9.372,1
2025-01-17,R11,32.999,0.7992,10.615,29.698,40.982,11.267,1
2025-01-18,R11,36.666,0.6047,4.315,21.498,49.217,10.466,1
2025-01-19,R11,35.448,0.6166,2.563,17.898,19.387,12.254,1
2025-01-20,R11,37.423,0.6847,5.084,18.42,48.503,10.494,1
2025-01-21,R11,31.395,0.8085,14.122,23.201,78.939,8.886,1
2025-01-22,R11,35.343,0.696,19.532,29.027,56.942,10.9,1
2025-01-23,R11,34.392,0.6962,3.819,21.226,44.282,11.66,1
2025-01-24,R11,36.04,0.6515,1.412,21.64,6.384,12.387,1
2025-01-25,R11,38.482,0.707,10.201,18.274,35.596,10.594,1
2025-01-26,R11,37.107,0.6704,1.557,19.902,37.85,12.046,1
2025-01-27,R11,35.977,0.6751,13.094,25.076,87.872,9.79,1
2025-01-28,R11,35.343,0.6909,7.317,21.853,48.605,10.226,1
2025-01-29,R11,38.957,0.591,26.216,25.487,54.541,11.473,1
2025-01-30,R11,38.532,0.7616,3.904,18.194,59.851,10.867,1
2025-01-31,R11,36.09,0.6422,7.05,21.273,28.405,12.346,1
2025-02-01,R11,34.789,0.6023,19.392,26.695,45.916,11.878,1
2025-02-02,R11,37.474,0.6785,6.699,13.173,63.849,9.74,1
2025-02-03,R11,35.366,0.727,5.336,21.653,47.544,10.918,1
2025-02-04,R11,36.719,0.7285,16.989,24.072,56.343,10.103,1
2025-02-05,R11,37.411,0.582,11.228,22.98,50.258,11.63,1
2025-02-06,R11,37.125,0.6772,0.831,12.108,28.176,11.436,1
2025-02-07,R11,39.683,0.737,14.589,24.326,35.761,11.201,1
2025-02-08,R11,37.995,0.6688,2.734,18.96,16.984,13.954,1
2025-02-09,R11,39.454,0.5972,6.877,19.264,41.515,10.9,1
2025-02-10,R11,35.693,0.76,12.094,19.336,41.973,11.956,1
2025-02-11,R11,36.422,0.4417,3.983,17.167,22.824,12.275,1
2025-02-12,R11,38.028,0.7159,6.259,21.209,58.268,10.708,1
2025-02-13,R11,34.924,0.6523,22.403,23.425,56.38,10.185,1
2025-02-14,R11,34.445,0.6424,0.757,20.679,12.024,13.182,1
2025-02-15,R11,37.492,0.7152,2.089,17.446,50.527,11.012,1
2025-02-16,R11,36.512,0.6854,7.285,23.077,54.51,11.255,1
2025-02-17,R11,33.246,0.6806,11.163,23.221,53.16,9.719,1
2025-02-18,R11,34.113,0.6519,5.334,20.839,46.277,9.886,1
2025-02-19,R11,39.444,0.6789,18.414,19.076,69.628,9.556,1
2025-02-20,R11,38.735,0.6061,18.758,21.867,78.238,8.85,1
2025-02-21,R11,36.645,0.7063,11.504,17.226,56.504,10.004,1
2025-02-22,R11,33.733,0.6821,6.024,22.947,51.821,9.61,1
2025-02-23,R11,37.794,0.746,6.497,19.363,53.832,10.939,1
2025-02-24,R11,39.992,0.6152,18.883,25.411,76.24,9.68,1
2025-02-25,R11,38.835,0.6715,6.677,17.944,68.623,10.642,1
2025-02-26,R11,40.258,0.6842,5.616,19.891,47.953,12.266,1
2025-02-27,R11,37.269,0.8046,10.209,21.136,50.123,10.198,1
2025-02-28,R11,41.979,0.5974,14.278,23.776,58.389,11.668,1
2025-03-01,R11,35.103,0.7237,2.263,18.603,42.304,10.802,1
2025-03-02,R11,35.881,0.821,5.138,24.628,70.066,9.908,1
2025-03-03,R11,34.272,0.718,1.123,23.293,17.397,11.867,1
2025-03-04,R11,40.432,0.5553,12.315,22.207,44.557,12.273,1
2025-03-05,R11,37.803,0.5974,15.003,24.878,76.069,9.633,1
2025-03-06,R11,37.665,0.6617,4.077,21.336,60.038,10.675,1
2025-03-07,R11,37.041,0.698,21.061,23.806,64.619,9.877,1
2025-03-08,R11,38.306,0.7243,19.097,23.036,51.843,11.113,1
2025-03-09,R11,37.814,0.7499,6.235,15.537,48.38,10.54,1
2025-03-10,R11,39.157,0.6441,11.431,18.939,64.316,9.406,1
2025-03-11,R11,35.989,0.7876,7.42,24.243,65.253,8.019,1
2025-03-12,R11,35.438,0.7855,5.916,18.037,58.133,9.689,1
2025-03-13,R11,36.901,0.6963,0.225,23.166,17.116,10.859,1
2025-03-14,R11,37.963,0.8045,0.931,17.189,5,11.537,1
2025-03-15,R11,37.867,0.6216,2.788,25.056,28.886,12.246,1
2025-03-16,R11,35.548,0.798,16.419,23.241,49.342,10.137,1
2025-03-17,R11,40.111,0.6703,5.876,18.295,36.445,11.105,1
2025-03-18,R11,38.081,0.5968,6.395,17.19,52.486,10.212,1
2025-03-19,R11,37.391,0.6799,10.965,25.851,59.15,10.004,1
2025-03-20,R11,39.208,0.6823,1.947,19.817,22.432,10.957,1
2025-03-21,R11,39.133,0.7089,4.257,23.56,37.808,10.648,1
2025-03-22,R11,36.212,0.6141,5.563,22.088,58.158,11.892,1
2025-03-23,R11,40.07,0.5886,24.302,25.33,74.242,9.491,1
2025-03-24,R11,37.254,0.5521,6.082,26.442,49.758,11.083,1
2025-03-25,R11,38.182,0.6379,4.681,21.83,75.504,11.206,1
2025-03-26,R11,40.976,0.5456,1.593,15.86,36.739,12.087,1
2025-03-27,R11,40.014,0.6161,3.169,16.343,50.004,12.541,1
2025-03-28,R11,35.807,0.6542,7.108,17.182,32.725,10.546,1
2025-03-29,R11,39.387,0.6714,7.66,11.565,55.744,11.655,1
2025-03-30,R11,39.729,0.6168,8.766,15.639,65.021,10.634,1
2025-03-31,R11,37.802,0.6542,5.464,18.05,50.981,10.227,1
2025-04-01,R11,40.163,0.5356,7.511,17.321,36.891,12.642,1
2025-04-02,R11,39.778,0.7092,2.441,17.383,5,14.338,1
2025-04-03,R11,38.27,0.6712,0.687,21.811,47.205,10.678,1
2025-04-04,R11,38.554,0.6568,3.15,21.664,63.999,10.11,1
2025-04-05,R11,37.4,0.6139,0.813,18.381,29.806,11.372,1
2025-04-06,R11,39.809,0.647,5.14,18.385,38.853,11.633,1
2025-04-07,R11,38.104,0.6931,4.236,21.089,58.514,10.9,1
2025-04-08,R11,37.797,0.5832,8.137,14.989,41.427,10.344,1
2025-04-09,R11,40.999,0.6678,12.696,19.52,70.917,10.514,1
2025-04-10,R11,38.421,0.6,6.951,17.546,45.193,12.327,1
2025-04-11,R11,34.083,0.5994,8.033,22.691,60.361,9.447,1
2025-04-12,R11,35.211,0.7057,2.197,22.373,72.192,9.711,1
2025-04-13,R11,39.944,0.7673,7.592,23.106,44.831,12.741,1
2025-04-14,R11,37.644,0.6322,3.931,19.879,46.872,11.847,1
2025-04-15,R11,36.456,0.7331,14.873,25.402,64.55,9.719,1
2025-04-16,R11,39.544,0.5923,12.138,24.841,50.239,11.76,1
2025-04-17,R11,38.876,0.5443,4.63,17.896,51.089,10.909,1
2025-04-18,R11,38.739,0.7255,9.354,17.743,45.691,11.206,1
2025-04-19,R11,37.5,0.7181,5.976,17.891,57.042,9.783,1
2025-04-20,R11,38.159,0.7515,0.921,19.344,27.302,13.257,1
2025-04-21,R11,39.726,0.7273,2.598,19.565,70.776,11.447,1
2025-04-22,R11,38.372,0.6344,15.223,20.02,59.606,11.177,1
2025-04-23,R11,37.953,0.6962,6.382,23.24,49.102,11.612,1
2025-04-24,R11,38.614,0.7183,1.585,18.707,17.336,12.205,1
2025-04-25,R11,39.373,0.6511,3.401,12.939,48.712,10.901,1
2025-04-26,R11,38.725,0.6161,20.625,26.603,71.375,10.514,1
2025-04-27,R11,40.83,0.5866,9.932,17.889,46.613,12.313,1
2025-04-28,R11,40.999,0.6612,2.546,15.079,46.46,13.642,1
2025-04-29,R11,37.883,0.6917,3.828,22.47,26.106,11.699,1
2025-04-30,R11,36.428,0.6797,5.719,22.441,66.507,8.977,1
2025-05-01,R11,33.373,0.7286,10.295,26.25,55.316,10.759,1
2025-05-02,R11,37.296,0.6625,19.341,27.501,51.54,10.856,1
2025-05-03,R11,37.934,0.7001,29.364,22.916,71.013,9.578,1
2025-05-04,R11,37.882,0.6836,7.283,18.59,47.496,9.458,1
2025-05-05,R11,40.572,0.6384,7.08,19.229,27.381,13.003,1
2025-05-06,R11,37.457,0.7003,12.529,23.434,67.656,9.245,1
2025-05-07,R11,37.952,0.6802,5.26,18.356,80.339,9.855,1
2025-05-08,R11,36.181,0.749,9.604,17.106,72.487,9.294,1
2025-05-09,R11,37.024,0.6762,3.145,19.018,52.741,10.458,1
2025-05-10,R11,39.129,0.657,6.107,15.95,32.84,12.285,1
2025-05-11,R11,38.554,0.5923,4.695,18.31,68.918,10.533,1
2025-05-12,R11,38.939,0.6423,7.554,18.101,38.363,10.227,1
2025-05-13,R11,38.617,0.6407,11.636,20.145,74.634,10.243,1
2025-05-14,R11,39.365,0.6177,4.259,17.451,26.644,12.819,1
2025-05-15,R11,37.003,0.7291,2.937,19.742,32.704,11.761,1
2025-05-16,R11,36.266,0.6682,50.243,36.836,59.054,10.103,1
2025-05-17,R11,38.958,0.7723,48.001,29.378,89.082,9.309,1
2025-05-18,R11,38.12,0.6515,7.076,17.167,55.49,10.861,1
2025-05-19,R11,35.196,0.6604,16.43,17.093,55.177,9.969,1
2025-05-20,R11,35.048,0.6807,12.97,22.432,34.832,10.148,1
2025-05-21,R11,39.087,0.6224,0.396,21.036,5.588,12.443,1
2025-05-22,R11,37.366,0.6569,7.493,25.856,28.961,11.45,1
2025-05-23,R11,37.324,0.7191,2.501,13.017,81.955,7.444,1
2025-05-24,R11,36.84,0.6988,0.701,22.057,39.778,11.299,1
2025-05-25,R11,32.879,0.6134,6.5,29.902,17.937,11.383,1
2025-05-26,R11,37.909,0.6289,8.848,22.19,93.388,9.228,1
2025-05-27,R11,36.39,0.6506,5.696,17.842,100,8.457,1
2025-05-28,R11,32.884,0.7771,3.203,17.356,45.237,10.304,1
2025-05-29,R11,35.371,0.7102,11.464,22.275,45.934,11.303,1
2025-05-30,R11,37.855,0.7562,11.949,23.645,62.446,9.144,1
2025-05-31,R11,35.435,0.6414,1.29,13.881,54.971,10.329,1
2025-06-01,R11,36.347,0.6569,12.152,19.779,71.74,10.856,1
2025-06-02,R11,32.785,0.627,4.645,20.375,39.106,10.818,1
2025-06-03,R11,36.446,0.7125,2.77,24.462,44.443,12.134,1
2025-06-04,R11,37.126,0.6687,8.26,25.03,52.277,9.874,1
2025-06-05,R11,35.347,0.643,8.359,17.299,37.528,11.328,1
2025-06-06,R11,36.089,0.7403,17.438,24.052,58.66,8.773,1
2025-06-07,R11,35.56,0.6634,1.515,17.052,19.036,12.628,1
2025-06-08,R11,33.668,0.7351,32.543,31.158,67.719,8.565,1
2025-06-09,R11,33.399,0.6478,8.642,24.226,59.192,10.9,1
2025-06-10,R11,34.802,0.7589,4.131,21.619,31.33,10.278,1
2025-06-11,R11,34.16,0.7094,12.655,19.949,36.791,10.286,1
2025-06-12,R11,34.887,0.6679,20.362,30.233,25.958,11.297,1
2025-06-13,R11,36.942,0.6977,60.244,42.838,66.255,9.7,1
2025-06-14,R11,34.181,0.6179,27.459,31.081,78.045,7.477,1
2025-06-15,R11,34.319,0.7467,3.316,25.468,36.464,10.489,1
2025-06-16,R11,36.416,0.7053,13.084,19.055,55.605,9.967,1
2025-06-17,R11,32.291,0.7512,13.536,27.144,34.044,11.747,1
2025-06-18,R11,37.5,0.6617,10.765,17.222,47.495,9.918,1
2025-06-19,R11,33.976,0.7459,2.025,21.924,40.73,10.095,1
2025-06-20,R11,34.952,0.7043,9.408,15.544,32.433,11.085,1
2025-06-21,R11,35.903,0.6672,7.195,20.069,39.701,11.369,1
2025-06-22,R11,35.263,0.6716,6.626,26.841,67.077,9.989,1
2025-06-23,R11,39.505,0.6434,2.115,17.426,45.07,11.449,1
2025-06-24,R11,34.852,0.6569,6.088,19.862,33.522,11.071,1
2025-06-25,R11,35.259,0.7075,13.545,22.16,89.65,7.599,1
2025-06-26,R11,32.969,0.7241,4.157,17.683,40.739,10.631,1
2025-06-27,R11,34.995,0.7258,4.787,21.488,56.414,10.029,1
2025-06-28,R11,33.589,0.6788,2.369,24.78,86.912,8.093,1
2025-06-29,R11,37.704,0.7611,2.465,16.361,60.575,10.461,1
2025-06-30,R11,34.733,0.5989,5.506,22.305,52.818,9.51,1
2025-07-01,R11,35.867,0.6731,16.278,21.605,66.015,10.443,1
2025-07-02,R11,32.428,0.7315,7.014,26.964,44.757,9.878,1
2025-07-03,R11,36.844,0.7626,7.93,14.848,91.065,8.984,1
2025-07-04,R11,34.037,0.7139,7.381,18.871,51.792,10.104,1
2025-07-05,R11,33.309,0.8511,8.63,17.306,47.845,8.526,1
2025-07-06,R11,30.376,0.7502,2.472,21.07,59.995,9.63,1
2025-07-07,R11,34.893,0.6184,12.782,24.761,49.588,10.771,1
2025-07-08,R11,32.754,0.7536,17.977,30.957,59.577,8.273,1
2025-07-09,R11,35.896,0.7014,23.696,28.165,55.603,9.974,1
2025-07-10,R11,30.676,0.7783,2.293,15.47,66.244,9.309,1
2025-07-11,R11,37.249,0.6904,8.914,22.299,42.165,11.236,1
2025-07-12,R11,32.898,0.7911,5.881,23.507,61.417,7.513,1
2025-07-13,R11,31.55,0.6225,4.17,21.827,28.418,10.983,1
2025-07-14,R11,36.438,0.6635,8.274,27.021,53.452,9.823,1
2025-07-15,R11,33.282,0.6865,14.672,23.873,57.172,9.812,1
2025-07-16,R11,32.792,0.6821,21.367,23.232,58.097,10.651,1
2025-07-17,R11,33.631,0.6797,20.515,21.856,69.154,8.902,1
2025-07-18,R11,29.684,0.8597,11.316,26.989,56.965,8.941,1
2025-07-19,R11,33.943,0.5972,8.411,19.496,59.305,10.408,1
2025-07-20,R11,32.258,0.7847,0.46,18.313,10.643,12.341,1
2025-07-21,R11,29.367,0.6978,3.617,20.484,79.847,6.947,1
2025-07-22,R11,29.576,0.7903,6.426,19.96,57.853,7.913,1
2025-07-23,R11,29.411,0.7496,8.81,24.244,60.511,7.368,1
2025-07-24,R11,32.8,0.7552,5.483,20.826,65.331,10.93,1
2025-07-25,R11,32.027,0.7916,17.745,25.48,73.008,8.325,1
2025-07-26,R11,31.631,0.8795,4.947,20.249,45.633,9.741,1
2025-07-27,R11,27.685,0.7271,13.064,27.184,89.072,6.731,1
2025-07-28,R11,31.404,0.8075,19.035,25.699,31.479,8.571,1
2025-07-29,R11,31.213,0.742,22.354,29.222,68.16,7.808,1
2025-07-30,R11,31.329,0.7825,4.714,24.486,30.266,10.335,1
2025-07-31,R11,30.165,0.7516,8.756,25.101,67.71,8.396,1
2025-08-01,R11,29.882,0.6924,5.145,24.933,51.943,8.232,1
2025-08-02,R11,32.136,0.7228,5.893,20.011,58.21,8.164,1
2025-08-03,R11,31.171,0.7112,6.644,26.008,38.877,9.436,1
2025-08-04,R11,28.471,0.7944,5.498,25.016,39.418,8.875,1
2025-08-05,R11,29.07,0.7524,2.219,22.786,22.735,9.873,1
2025-08-06,R11,30.843,0.6602,22.775,31.002,85.192,6.517,1
2025-08-07,R11,30.68,0.6862,9.072,23.193,32.544,10.918,1
2025-08-08,R11,30.851,0.6803,11.162,25.809,76.184,8.283,1
2025-08-09,R11,30.173,0.7642,2.856,21.071,35.261,8.708,1
2025-08-10,R11,28.922,0.7592,18.299,24.5,63.996,7.908,1
2025-08-11,R11,29.683,0.7402,19.231,29.05,65.774,8.883,1
2025-08-12,R11,28.167,0.692,4.378,24.838,54.26,8.04,1
2025-08-13,R11,31.571,0.7708,18.42,28.097,68.849,7.486,1
2025-08-14,R11,32.067,0.7763,6.44,22.974,39.85,10.47,1
2025-08-15,R11,30.889,0.8009,7.935,21.071,70.582,7.619,1
2025-08-16,R11,29.443,0.6971,2.525,21.257,74.521,7.698,1
2025-08-17,R11,32.681,0.6927,5.39,18.629,55.187,7.348,1
2025-08-18,R11,32.69,0.808,7.307,23.726,64.618,8.417,1
2025-08-19,R11,31.917,0.7269,5.421,21.866,67.787,8.588,1
2025-08-20,R11,31.049,0.8132,9.444,26.399,44.688,9.385,1
2025-08-21,R11,30.504,0.7968,7.545,24.135,50.812,9.61,1
2025-08-22,R11,28.794,0.7188,7.744,30.031,85.654,6.605,1
2025-08-23,R11,31.694,0.6929,7.448,22.077,28.688,10.527,1
2025-08-24,R11,31.375,0.683,2.326,22.537,33.0,11.675,1
2025-08-25,R11,33.977,0.6424,13.017,23.718,68.598,9.612,1
2025-08-26,R11,30.322,0.7278,12.226,27.448,52.935,9.745,1
2025-08-27,R11,31.314,0.7952,12.324,24.133,53.649,7.706,1
2025-08-28,R11,31.415,0.7266,1.244,23.78,54.515,9.938,1
2025-08-29,R11,27.82,0.7635,12.17,32.854,53.916,8.181,1
2025-08-30,R11,32.611,0.7806,19.656,28.618,51.468,10.033,1
2025-08-31,R11,29.988,0.7856,6.539,22.676,62.42,7.76,1
2025-09-01,R11,27.034,0.7197,36.039,40.373,72.905,9.13,1
2025-09-02,R11,31.457,0.6552,2.953,21.885,57.256,7.929,1
2025-09-03,R11,32.959,0.6905,6.171,28.651,35.38,9.802,1
2025-09-04,R11,30.937,0.7281,6.468,20.292,80.724,7.335,1
2025-09-05,R11,25.315,0.8554,5.343,28.755,36.455,8.845,1
2025-09-06,R11,30.812,0.7699,7.802,24.826,28.141,10.583,1
2025-09-07,R11,27.256,0.7656,29.126,29.314,66.809,7.398,1
2025-09-08,R11,29.743,0.7192,22.089,26.486,43.299,8.193,1
2025-09-09,R11,29.273,0.7128,16.547,27.55,60.139,9.47,1
2025-09-10,R11,32.07,0.7927,4.497,17.831,73.065,10.028,1
2025-09-11,R11,29.134,0.903,1.255,23.241,49.292,8.889,1
2025-09-12,R11,28.438,0.753,10.203,29.287,58.174,7.896,1
2025-09-13,R11,28.677,0.784,9.448,24.436,93.172,7.222,1
2025-09-14,R11,28.715,0.702,4.77,24.001,88.612,7.066,1
2025-09-15,R11,29.5,0.7577,51.622,43.721,81.653,7.321,1
2025-09-16,R11,31.905,0.6372,5.252,26.51,27.614,12.619,1
2025-09-17,R11,27.045,0.7565,5.301,21.358,46.619,9.619,1
2025-09-18,R11,30.271,0.7172,12.068,26.029,43.736,10.264,1
2025-09-19,R11,29.366,0.7771,8.702,25.339,60.906,8.069,1
2025-09-20,R11,30.364,0.8091,7.503,23.337,72.368,8.687,1
2025-09-21,R11,31.049,0.7318,2.169,25.664,33.252,10.995,1
2025-09-22,R11,29.385,0.7737,3.081,23.199,38.919,8.444,1
2025-09-23,R11,28.583,0.7248,3.523,25.253,45.708,8.486,1
2025-09-24,R11,28.588,0.8447,14.509,29.478,57.095,7.357,1
2025-09-25,R11,28.68,0.695,4.24,23.265,82.638,6.155,1
2025-09-26,R11,30.861,0.7442,20.102,22.46,42.914,9.188,1
2025-09-27,R11,29.492,0.7778,2.917,25.026,95.804,7.33,1
2025-09-28,R11,30.257,0.6756,8.922,22.865,48.222,9.563,1
2025-09-29,R11,29.777,0.7919,16.185,27.015,66.498,9.373,1
2025-09-30,R11,28.476,0.6926,12.442,25.757,66.326,8.551,1
2025-10-01,R11,30.043,0.7187,3.643,21.899,36.649,9.961,1
2025-10-02,R11,32.123,0.7044,0.22,20.883,31.151,10.202,1
2025-10-03,R11,30.125,0.7469,5.531,21.713,75.577,6.752,1
2025-10-04,R11,29.08,0.8134,3.852,28.209,41.5,8.755,1
2025-10-05,R11,29.401,0.8117,3.204,20.905,58.161,9.899,1
2025-10-06,R11,28.059,0.7481,5.883,24.314,39.367,8.357,1
2025-10-07,R11,27.325,0.7648,5.859,27.121,39.678,7.723,1
2025-10-08,R11,30.077,0.8203,10.563,27.597,61.01,7.869,1
2025-10-09,R11,27.664,0.7277,8.333,23.563,82.592,5.699,1
2025-10-10,R11,29.688,0.7937,10.242,23.958,32.704,10.886,1
2025-10-11,R11,30.399,0.6965,10.838,21.182,59.001,8.864,1
2025-10-12,R11,27.839,0.7727,9.219,21.13,27.736,10.635,1
2025-10-13,R11,31.143,0.7492,7.662,24.318,44.525,9.457,1
2025-10-14,R11,30.21,0.7949,1.3,20.87,45.362,8.456,1
2025-10-15,R11,29.6,0.7202,18.249,25.158,53.673,8.777,1
2025-10-16,R11,33.617,0.7709,17.204,18.606,84.621,8.956,1
2025-10-17,R11,28.21,0.7251,4.157,17.156,48.127,7.593,1
2025-10-18,R11,32.37,0.7401,4.48,24.173,45.94,9.176,1
2025-10-19,R11,32.272,0.7028,10.859,21.502,76.682,8.913,1
2025-10-20,R11,26.693,0.8629,6.613,26.84,29.539,9.42,1
2025-10-21,R11,31.239,0.8148,1.295,22.218,5,12.678,1
2025-10-22,R11,29.534,0.6663,0.955,21.89,53.136,7.402,1
2025-10-23,R11,30.08,0.7217,1.689,19.363,56.979,10.04,1
2025-10-24,R11,31.086,0.7062,11.775,26.582,62.02,8.28,1
2025-10-25,R11,27.554,0.8078,11.602,31.657,41.427,9.536,1
2025-10-26,R11,29.079,0.8564,9.628,24.918,57.053,8.342,1
2025-10-27,R11,31.136,0.8388,3.518,18.892,41.573,9.712,1
2025-10-28,R11,28.588,0.643,3.531,29.403,30.149,8.987,1
2025-10-29,R11,32.32,0.7739,5.63,27.075,38.91,10.411,1
2025-10-30,R11,30.264,0.7659,4.531,18.542,60.523,7.767,1
2025-10-31,R11,31.321,0.7184,1.578,21.293,51.003,9.414,1
2025-11-01,R11,27.98,0.6951,16.137,26.353,38.938,8.094,1
2025-11-02,R11,33.525,0.7667,8.626,23.005,42.06,9.434,1
2025-11-03,R11,31.362,0.6611,0.294,23.554,28.598,10.46,1
2025-11-04,R11,30.633,0.5691,5.308,19.528,45.364,9.499,1
2025-11-05,R11,29.588,0.929,26.989,31.931,65.263,7.315,1
2025-11-06,R11,32.72,0.7225,0.306,16.716,47.309,9.329,1
2025-11-07,R11,29.248,0.8085,8.207,21.311,40.609,9.163,1
2025-11-08,R11,29.086,0.7992,9.941,24.432,60.18,7.802,1
2025-11-09,R11,29.061,0.8342,2.177,21.877,21.943,9.4,1
2025-11-10,R11,30.074,0.8208,16.306,26.283,72.473,8.421,1
2025-11-11,R11,26.7,0.6973,25.494,32.75,59.275,6.463,1
2025-11-12,R11,29.518,0.6965,10.936,22.407,59.287,8.266,1
2025-11-13,R11,32.288,0.638,1.188,19.201,15.027,10.896,1
2025-11-14,R11,27.474,0.8601,34.258,36.7,69.904,7.05,1
2025-11-15,R11,30.145,0.7021,11.722,27.416,58.338,8.474,1
2025-11-16,R11,33.557,0.6971,2.182,17.571,19.616,12.102,1
2025-11-17,R11,28.416,0.7996,7.43,27.963,59.978,8.067,1
2025-11-18,R11,29.566,0.817,6.89,20.985,55.899,8.587,1
2025-11-19,R11,31.108,0.7985,19.929,26.337,58.554,9.606,1
2025-11-20,R11,32.736,0.7267,12.321,22.856,59.805,9.111,1
2025-11-21,R11,31.606,0.809,1.985,22.229,33.534,10.234,1
2025-11-22,R11,34.376,0.5849,5.479,17.439,23.113,11.809,1
2025-11-23,R11,29.773,0.7026,3.003,25.544,37.327,9.249,1
2025-11-24,R11,27.986,0.8654,10.874,28.025,39.551,9.256,1
2025-11-25,R11,30.261,0.7213,14.477,25.153,85.675,6.884,1
2025-11-26,R11,30.776,0.7638,2.485,25.434,29.922,11.555,1
2025-11-27,R11,32.869,0.6775,17.729,27.056,44.777,10.31,1
2025-11-28,R11,31.968,0.7233,2.157,24.204,36.286,11.45,1
2025-11-29,R11,28.946,0.7039,1.981,22.57,52.979,9.291,1
2025-11-30,R11,33.947,0.6948,5.968,21.343,69.834,9.391,1
2025-12-01,R11,29.979,0.8237,3.713,23.885,21.9,11.344,1
2025-12-02,R11,30.029,0.6784,5.014,22.027,56.1,7.864,1
2025-12-03,R11,29.575,0.7851,4.33,23.406,55.884,8.732,1
2025-12-04,R11,33.635,0.7773,5.079,21.968,46.25,11.607,1
2025-12-05,R11,28.762,0.8106,9.969,24.823,32.068,9.126,1
2025-12-06,R11,28.662,0.7683,3.285,27.68,50.95,8.512,1
2025-12-07,R11,31.933,0.855,1.85,17.549,34.383,9.926,1
2025-12-08,R11,33.372,0.6566,2.444,24.906,14.052,11.741,1
2025-12-09,R11,33.513,0.7259,41.914,35.824,58.419,9.32,1
2025-12-10,R11,33.736,0.643,3.499,22.387,33.176,11.504,1
2025-12-11,R11,31.172,0.6648,8.178,22.988,57.771,8.539,1
2025-12-12,R11,31.657,0.8284,4.674,23.468,66.216,8.033,1
2025-12-13,R11,33.135,0.7645,5.104,19.72,72.457,9.711,1
2025-12-14,R11,32.474,0.7026,6.67,26.566,44.024,9.755,1
2025-12-15,R11,33.827,0.7988,8.17,20.405,37.905,10.255,1
2025-12-16,R11,33.577,0.6791,1.603,22.928,49.41,9.492,1
2025-12-17,R11,33.604,0.7493,6.28,21.426,42.561,9.266,1
2025-12-18,R11,30.929,0.7067,6.385,23.897,48.059,9.563,1
2025-12-19,R11,31.468,0.7319,0.388,22.985,34.59,9.779,1
2025-12-20,R11,32.891,0.7706,3.716,20.777,29.461,10.353,1
2025-12-21,R11,33.917,0.727,8.997,20.354,58.05,10.138,1
2025-12-22,R11,32.14,0.7467,3.633,19.096,38.698,8.606,1
2025-12-23,R11,32.591,0.7639,2.985,20.512,33.192,11.769,1
2025-12-24,R11,34.536,0.6099,8.022,23.155,67.129,8.793,1
2025-12-25,R11,32.531,0.6951,13.666,23.233,76.594,8.602,1
2025-12-26,R11,33.268,0.7776,19.682,28.957,51.812,9.929,1
2025-12-27,R11,32.349,0.7792,5.427,26.543,54.872,7.614,1
2025-12-28,R11,33.809,0.6631,36.495,30.85,63.748,8.767,1
2025-12-29,R11,33.813,0.781,7.178,19.677,56.002,8.731,1
2025-12-30,R11,34.263,0.6471,4.981,16.495,65.035,9.813,1
2025-12-31,R11,34.955,0.7466,12.404,20.646,48.292,10.718,1
2025-01-01,R12,28.661,0.2921,7.193,25.947,50.615,7.882,1
2025-01-02,R12,28.95,0.2387,10.185,29.367,51.288,8.492,1
2025-01-03,R12,31.181,0.3033,2.376,26.337,38.76,8.68,1
2025-01-04,R12,27.298,0.2974,30.17,31.548,75.021,7.502,1
2025-01-05,R12,26.439,0.3278,5.149,26.893,46.127,7.843,1
2025-01-06,R12,25.253,0.3323,19.443,31.141,68.191,6.432,1
2025-01-07,R12,27.214,0.328,12.76,31.218,52.521,7.605,1
2025-01-08,R12,27.776,0.2967,9.15,26.428,62.667,7.643,1
2025-01-09,R12,31.867,0.1883,9.515,28.603,82.384,8.531,1
2025-01-10,R12,28.804,0.2677,14.164,30.841,61.9,8.261,1
2025-01-11,R12,28.226,0.2587,2.607,25.644,34.672,9.951,1
2025-01-12,R12,27.708,0.3698,6.85,27.207,38.192,8.989,1
2025-01-13,R12,30.751,0.333,4.777,23.291,82.793,7.615,1
2025-01-14,R12,29.312,0.2282,3.696,29.049,22.958,10.793,1
2025-01-15,R12,32.347,0.3311,12.301,25.85,62.342,7.959,1
2025-01-16,R12,28.23,0.1643,5.283,24.61,43.476,9.144,1
2025-01-17,R12,30.418,0.2944,8.992,24.539,36.005,9.894,1
2025-01-18,R12,30.692,0.4022,7.828,25.302,23.614,12.14,1
2025-01-19,R12,31.088,0.3212,8.611,29.928,21.759,11.478,1
2025-01-20,R12,30.175,0.2347,0.648,25.572,5,11.464,1
2025-01-21,R12,28.911,0.2965,7.488,25.272,42.418,10.147,1
2025-01-22,R12,27.568,0.3173,1.294,23.427,69.068,8.862,1
2025-01-23,R12,29.081,0.3203,10.374,26.2,50.581,8.536,1
2025-01-24,R12,28.235,0.3659,13.639,28.687,35.719,9.655,1
2025-01-25,R12,29.547,0.2953,8.483,31.898,67.249,7.725,1
2025-01-26,R12,30.63,0.2041,5.74,25.328,28.814,10.929,1
2025-01-27,R12,32.802,0.2297,11.293,26.297,52.048,10.042,1
2025-01-28,R12,31.219,0.2774,9.228,26.884,47.02,9.476,1
2025-01-29,R12,30.173,0.2801,11.909,27.716,64.962,8.89,1
2025-01-30,R12,31.957,0.2424,32.725,35.977,47.359,8.758,1
2025-01-31,R12,30.234,0.3039,0.85,25.814,49.579,8.262,1
2025-02-01,R12,32.304,0.2296,7.046,23.484,33.97,11.44,1
2025-02-02,R12,34.704,0.262,3.953,22.536,29.528,11.565,1
2025-02-03,R12,34.507,0.2311,1.899,28.391,54.318,10.984,1
2025-02-04,R12,30.606,0.2277,5.744,22.988,49.993,9.521,1
2025-02-05,R12,30.864,0.2648,5.715,25.876,61.589,9.129,1
2025-02-06,R12,33.057,0.2836,1.249,25.284,36.837,9.561,1
2025-02-07,R12,32.315,0.334,9.588,23.985,50.298,8.538,1
2025-02-08,R12,30.617,0.2527,13.629,27.586,65.51,9.187,1
2025-02-09,R12,35.157,0.2352,10.442,20.992,38.434,11.773,1
2025-02-10,R12,30.72,0.2323,4.416,26.32,28.64,9.755,1
2025-02-11,R12,32.028,0.2246,13.169,28.477,66.934,7.795,1
2025-02-12,R12,31.64,0.1636,0.888,25.434,48.08,9.125,1
2025-02-13,R12,29.809,0.2683,9.019,27.027,70.111,7.409,1
2025-02-14,R12,32.691,0.1336,2.052,22.162,25.168,11.446,1
2025-02-15,R12,32.444,0.2589,7.875,23.222,66.959,9.309,1
2025-02-16,R12,33.957,0.1868,3.112,22.066,34.321,9.9,1
2025-02-17,R12,32.218,0.2558,41.79,38.036,64.809,10.364,1
2025-02-18,R12,29.42,0.2578,1.194,23.811,5,10.084,1
2025-02-19,R12,32.729,0.2196,3.413,23.635,39.35,10.55,1
2025-02-20,R12,32.751,0.1616,12.779,21.295,50.429,10.249,1
2025-02-21,R12,30.483,0.1873,4.111,21.457,34.048,9.523,1
2025-02-22,R12,33.695,0.3439,27.053,25.385,62.24,7.939,1
2025-02-23,R12,31.077,0.3526,3.783,23.123,45.414,9.51,1
2025-02-24,R12,32.251,0.2154,12.303,29.657,71.034,8.509,1
2025-02-25,R12,32.073,0.2321,3.644,21.412,28.754,10.19,1
2025-02-26,R12,32.247,0.2381,6.253,22.424,16.518,11.011,1
2025-02-27,R12,32.272,0.1891,1.499,23.273,35.68,9.881,1
2025-02-28,R12,34.822,0.3324,1.245,17.376,57.608,8.222,1
2025-03-01,R12,33.557,0.1981,2.565,26.795,48.436,9.766,1
2025-03-02,R12,31.477,0.2991,1.317,22.379,42.245,10.198,1
2025-03-03,R12,33.045,0.2464,4.54,28.842,22.382,11.634,1
2025-03-04,R12,32.093,0.2841,4.456,31.023,48.759,9.522,1
2025-03-05,R12,33.663,0.3401,2.529,23.388,37.723,10.806,1
2025-03-06,R12,33.245,0.2798,1.312,23.07,20.34,11.656,1
2025-03-07,R12,28.711,0.3339,14.174,27.801,89.165,6.095,1
2025-03-08,R12,33.994,0.2656,2.1,22.635,17.574,11.893,1
2025-03-09,R12,34.965,0.1458,3.47,21.344,47.779,10.105,1
2025-03-10,R12,35.361,0.1581,4.131,22.217,48.621,8.511,1
2025-03-11,R12,32.76,0.2273,11.288,23.869,42.163,9.713,1
2025-03-12,R12,30.525,0.2013,19.027,29.935,55.838,8.622,1
2025-03-13,R12,30.106,0.227,7.881,28.151,44.924,9.231,1
2025-03-14,R12,31.829,0.1973,16.537,30.502,68.37,9.329,1
2025-03-15,R12,32.634,0.2889,4.699,25.138,34.128,10.451,1
2025-03-16,R12,34.195,0.1764,4.551,23.052,40.699,10.37,1
2025-03-17,R12,33.943,0.2161,12.311,24.942,77.781,8.285,1
2025-03-18,R12,29.844,0.3004,13.081,32.999,74.854,7.762,1
2025-03-19,R12,34.204,0.1446,9.059,28.417,65.174,8.47,1
2025-03-20,R12,32.972,0.2896,13.682,35.286,68.101,8.086,1
2025-03-21,R12,35.5,0.2677,13.902,24.894,61.695,8.939,1
2025-03-22,R12,32.272,0.2261,11.426,30.504,39.759,9.067,1
2025-03-23,R12,33.004,0.1868,4.676,27.539,65.657,9.03,1
2025-03-24,R12,30.422,0.3142,6.262,29.71,25.313,9.878,1
2025-03-25,R12,34.985,0.094,0.869,17.537,25.958,11.376,1
2025-03-26,R12,35.373,0.0806,8.673,21.959,65.161,9.256,1
2025-03-27,R12,32.549,0.2657,5.217,25.092,40.508,10.328,1
2025-03-28,R12,31.384,0.2912,6.999,24.868,46.069,9.936,1
2025-03-29,R12,31.975,0.2853,7.414,21.967,28.446,10.562,1
2025-03-30,R12,33.973,0.2334,12.349,26.682,43.195,9.983,1
2025-03-31,R12,32.768,0.1939,7.969,21.861,62.106,8.1,1
2025-04-01,R12,33.065,0.1138,3.373,23.313,60.979,10.58,1
2025-04-02,R12,32.327,0.3117,6.433,24.497,57.006,8.954,1
2025-04-03,R12,34.701,0.2662,20.352,25.514,60.418,9.616,1
2025-04-04,R12,32.139,0.2543,3.762,19.06,18.899,10.452,1
2025-04-05,R12,35.092,0.3024,14.994,25.462,63.999,9.657,1
2025-04-06,R12,33.259,0.1988,6.023,21.105,10.85,12.499,1
2025-04-07,R12,37.147,0.1151,21.291,25.526,68.291,10.298,1
2025-04-08,R12,33.318,0.2526,2.651,19.76,20.669,12.189,1
2025-04-09,R12,30.207,0.2583,34.514,39.068,86.175,5.62,1
2025-04-10,R12,34.901,0.2658,7.066,21.285,69.387,6.951,1
2025-04-11,R12,34.299,0.1588,3.066,21.942,51.492,10.308,1
2025-04-12,R12,32.733,0.2215,5.936,24.1,35.364,10.852,1
2025-04-13,R12,31.588,0.2894,6.299,22.614,36.15,10.455,1
2025-04-14,R12,31.068,0.2296,23.768,29.954,85.905,7.949,1
2025-04-15,R12,33.006,0.2289,0.569,21.594,20.365,11.872,1
2025-04-16,R12,34.022,0.232,8.449,22.751,31.766,9.192,1
2025-04-17,R12,31.413,0.362,6.672,23.717,39.535,10.369,1
2025-04-18,R12,32.721,0.3124,1.709,20.001,64.306,10.302,1
2025-04-19,R12,34.868,0.2566,6.432,20.103,51.76,10.238,1
2025-04-20,R12,32.903,0.1508,3.919,23.475,38.968,10.038,1
2025-04-21,R12,31.626,0.2053,3.286,21.265,43.423,11.23,1
2025-04-22,R12,33.05,0.2855,3.313,23.692,45.071,9.47,1
2025-04-23,R12,29.112,0.2937,13.977,32.048,66.115,6.222,1
2025-04-24,R12,35.223,0.2024,1.387,20.9,79.475,9.186,1
2025-04-25,R12,31.464,0.251,3.923,21.093,22.538,10.983,1
2025-04-26,R12,32.272,0.1368,4.724,19.462,72.053,7.805,1
2025-04-27,R12,32.808,0.187,6.989,22.746,45.465,10.844,1
2025-04-28,R12,33.816,0.2779,0.952,21.109,19.583,12.576,1
2025-04-29,R12,31.824,0.2942,6.494,24.966,72.436,7.302,1
2025-04-30,R12,29.646,0.3212,25.476,32.12,61.663,9.113,1
2025-05-01,R12,34.947,0.1307,3.894,23.179,27.248,10.903,1
2025-05-02,R12,35.039,0.3379,29.863,31.538,59.575,10.498,1
2025-05-03,R12,31.89,0.3165,23.47,30.015,45.905,8.85,1
2025-05-04,R12,34.044,0.1939,5.299,24.006,40.317,10.943,1
2025-05-05,R12,35.567,0.2129,8.929,24.464,48.015,10.681,1
2025-05-06,R12,31.441,0.1715,1.634,19.579,74.485,7.157,1
2025-05-07,R12,31.384,0.1967,4.676,28.759,18.842,11.586,1
2025-05-08,R12,30.048,0.3491,9.825,30.967,91.937,6.62,1
2025-05-09,R12,32.905,0.3049,9.816,31.559,42.32,9.737,1
2025-05-10,R12,33.831,0.2056,10.707,24.854,47.832,10.182,1
2025-05-11,R12,31.372,0.1266,4.935,29.174,31.376,10.715,1
2025-05-12,R12,32.85,0.295,4.771,24.857,72.496,8.88,1
2025-05-13,R12,32.54,0.174,2.028,26.46,60.77,8.413,1
2025-05-14,R12,32.119,0.3709,30.992,32.471,71.326,9.294,1
2025-05-15,R12,33.35,0.1296,9.626,28.108,46.035,9.672,1
2025-05-16,R12,33.387,0.255,8.204,22.987,29.649,11.58,1
2025-05-17,R12,32.074,0.3543,5.473,29.957,62.399,8.748,1
2025-05-18,R12,32.248,0.3066,11.707,28.469,58.213,9.698,1
2025-05-19,R12,31.63,0.2583,3.914,23.655,73.239,8.518,1
2025-05-20,R12,29.468,0.2356,12.557,27.677,59.46,8.395,1
2025-05-21,R12,29.318,0.3464,17.837,31.949,70.611,7.175,1
2025-05-22,R12,30.516,0.305,7.776,21.456,67.713,6.962,1
2025-05-23,R12,28.882,0.208,12.663,35.071,78.453,8.424,1
2025-05-24,R12,29.191,0.1794,10.107,31.642,51.8,9.059,1
2025-05-25,R12,32.145,0.2091,9.194,27.304,69.919,9.461,1
2025-05-26,R12,28.641,0.2861,2.341,22.33,61.002,7.426,1
2025-05-27,R12,30.756,0.1793,2.099,18.139,59.934,9.183,1
2025-05-28,R12,32.495,0.2239,1.469,24.427,42.331,8.688,1
2025-05-29,R12,32.915,0.2854,3.597,17.697,30.979,10.355,1
2025-05-30,R12,31.155,0.2398,9.049,26.986,57.662,10.178,1
2025-05-31,R12,30.773,0.2442,8.262,28.41,46.735,9.79,1
2025-06-01,R12,31.513,0.1703,5.241,26.813,60.541,8.516,1
2025-06-02,R12,30.514,0.3204,9.511,23.39,49.343,9.104,1
2025-06-03,R12,27.28,0.2833,11.102,30.364,29.757,10.351,1
2025-06-04,R12,30.126,0.2389,5.772,29.339,38.449,9.064,1
2025-06-05,R12,29.583,0.183,44.319,42.714,68.693,8.002,1
2025-06-06,R12,30.423,0.2364,0.417,17.789,25.29,11.712,1
2025-06-07,R12,32.445,0.3458,3.533,21.917,70.708,8.993,1
2025-06-08,R12,30.717,0.3391,8.127,27.024,39.987,11.156,1
2025-06-09,R12,31.243,0.2389,1.212,23.154,44.294,9.779,1
2025-06-10,R12,29.359,0.2458,8.665,34.402,29.886,10.18,1
2025-06-11,R12,27.533,0.2507,6.669,21.926,63.64,7.31,1
2025-06-12,R12,31.491,0.2474,10.008,22.803,44.058,10.278,1
2025-06-13,R12,30.646,0.2096,3.959,23.97,40.846,10.504,1
2025-06-14,R12,31.774,0.3184,2.851,21.84,31.978,9.332,1
2025-06-15,R12,32.398,0.3339,16.828,28.146,72.363,8.105,1
2025-06-16,R12,29.288,0.2124,25.903,25.077,50.214,9.175,1
2025-06-17,R12,28.183,0.3521,3.681,27.597,55.846,9.838,1
2025-06-18,R12,27.099,0.2289,4.079,28.35,25.398,8.425,1
2025-06-19,R12,30.093,0.291,12.792,30.051,84.958,6.66,1
2025-06-20,R12,33.542,0.1531,7.125,27.491,57.978,10.553,1
2025-06-21,R12,26.277,0.2183,8.824,30.346,49.482,6.074,1
2025-06-22,R12,31.127,0.3326,4.305,22.516,26.097,10.786,1
2025-06-23,R12,30.292,0.2673,5.1,24.718,62.627,8.63,1
2025-06-24,R12,29.386,0.1932,15.099,30.444,64.908,9.22,1
2025-06-25,R12,29.473,0.2094,7.633,27.619,46.738,11.121,1
2025-06-26,R12,25.262,0.317,9.085,27.492,64.703,5.956,1
2025-06-27,R12,30.211,0.2873,12.892,23.297,51.873,6.765,1
2025-06-28,R12,30.801,0.1201,12.432,29.57,51.961,8.952,1
2025-06-29,R12,28.753,0.2451,1.523,21.065,24.721,11.14,1
2025-06-30,R12,27.895,0.2453,23.188,40.191,65.059,8.273,1
2025-07-01,R12,30.26,0.1375,2.262,29.453,30.402,10.567,1
2025-07-02,R12,30.082,0.3548,1.266,26.595,9.145,11.058,1
2025-07-03,R12,28.699,0.2771,13.253,31.81,59.24,9.434,1
2025-07-04,R12,30.527,0.1199,6.74,27.81,40.552,10.227,1
2025-07-05,R12,25.516,0.3127,3.064,24.719,26.719,9.273,1
2025-07-06,R12,29.469,0.2804,6.032,18.535,41.932,10.896,1
2025-07-07,R12,26.853,0.3407,19.159,31.189,76.497,6.039,1
2025-07-08,R12,29.33,0.3726,0.366,17.691,21.505,9.728,1
2025-07-09,R12,28.54,0.2314,11.048,27.798,83.63,6.912,1
2025-07-10,R12,30.958,0.3832,6.824,20.342,48.306,9.763,1
2025-07-11,R12,29.297,0.312,6.119,25.558,34.111,9.113,1
2025-07-12,R12,28.551,0.3078,1.833,29.691,81.874,7.229,1
2025-07-13,R12,27.656,0.3528,5.802,27.251,58.108,6.335,1
2025-07-14,R12,27.611,0.4892,1.912,26.99,39.961,7.224,1
2025-07-15,R12,26.274,0.2745,12.798,30.187,66.668,6.923,1
2025-07-16,R12,29.546,0.3008,7.577,28.412,85.391,9.114,1
2025-07-17,R12,28.882,0.2157,14.672,30.013,35.767,9.646,1
2025-07-18,R12,26.32,0.3394,5.359,30.194,49.229,8.315,1
2025-07-19,R12,25.104,0.2752,2.062,21.851,32.385,8.375,1
2025-07-20,R12,26.96,0.2965,10.991,29.931,80.875,6.848,1
2025-07-21,R12,30.591,0.247,6.92,24.903,59.148,10.375,1
2025-07-22,R12,25.954,0.2615,8.543,26.192,65.483,7.122,1
2025-07-23,R12,27.644,0.3391,7.548,25.282,49.991,9.064,1
2025-07-24,R12,23.381,0.2543,10.433,30.661,54.41,7.028,1
2025-07-25,R12,26.482,0.2625,10.522,32.959,83.353,6.171,1
2025-07-26,R12,25.985,0.2955,2.087,21.49,58.355,7.496,1
2025-07-27,R12,28.135,0.3588,22.384,32.131,61.723,8.64,1
2025-07-28,R12,25.868,0.3245,4.64,27.777,52.388,7.843,1
2025-07-29,R12,29.403,0.2466,4.121,23.089,42.809,9.653,1
2025-07-30,R12,27.765,0.473,3.381,29.517,28.577,10.821,1
2025-07-31,R12,25.919,0.2778,6.206,25.782,41.068,7.711,1
2025-08-01,R12,29.137,0.3937,18.627,31.937,46.118,8.412,1
2025-08-02,R12,28.483,0.1926,5.681,24.587,61.666,7.66,1
2025-08-03,R12,29.0,0.3293,4.961,22.29,60.941,7.938,1
2025-08-04,R12,26.666,0.2587,6.297,27.502,38.51,7.953,1
2025-08-05,R12,24.636,0.2498,15.478,32.998,51.469,7.591,1
2025-08-06,R12,25.652,0.3429,7.9,34.47,52.95,8.93,1
2025-08-07,R12,24.656,0.3325,6.815,28.331,56.658,8.602,1
2025-08-08,R12,29.582,0.2926,2.419,26.574,34.225,10.612,1
2025-08-09,R12,25.001,0.3265,4.445,28.265,59.367,5.427,1
2025-08-10,R12,26.82,0.4324,5.448,21.212,64.347,7.432,1
2025-08-11,R12,27.644,0.3992,10.314,24.519,64.856,8.521,1
2025-08-12,R12,25.736,0.3256,1.291,27.473,70.33,7.053,1
2025-08-13,R12,24.509,0.2651,3.663,27.534,68.277,8.496,1
2025-08-14,R12,26.962,0.2675,7.156,21.793,42.922,9.645,1
2025-08-15,R12,26.512,0.2924,0.914,30.536,29.643,9.92,1
2025-08-16,R12,25.245,0.2594,5.294,30.659,64.135,7.183,1
2025-08-17,R12,26.08,0.3988,3.245,26.512,62.106,6.969,1
2025-08-18,R12,23.944,0.3139,7.083,30.01,35.029,8.098,1
2025-08-19,R12,28.291,0.2595,6.78,26.025,64.94,8.641,1
2025-08-20,R12,20.492,0.3313,11.903,33.113,87.237,6.457,1
2025-08-21,R12,22.959,0.4327,2.914,26.592,12.853,9.074,1
2025-08-22,R12,24.849,0.2237,0.578,26.253,14.138,10.044,1
2025-08-23,R12,24.93,0.359,5.523,27.41,58.93,7.962,1
2025-08-24,R12,26.762,0.2081,3.067,26.559,38.08,8.487,1
2025-08-25,R12,26.171,0.3446,2.375,28.793,34.039,8.461,1
2025-08-26,R12,24.444,0.3422,8.273,30.636,54.147,8.421,1
2025-08-27,R12,25.483,0.3388,20.173,33.405,95.76,5.416,1
2025-08-28,R12,26.714,0.2441,8.902,30.983,69.609,6.964,1
2025-08-29,R12,26.139,0.378,1.179,26.281,51.886,7.724,1
2025-08-30,R12,24.593,0.3142,4.429,25.392,35.895,9.585,1
2025-08-31,R12,24.939,0.4009,12.515,32.453,53.302,8.828,1
2025-09-01,R12,22.778,0.3785,16.302,31.972,77.692,5.998,1
2025-09-02,R12,24.544,0.2971,4.208,27.782,28.886,8.713,1
2025-09-03,R12,22.826,0.2787,6.929,30.858,42.546,7.161,1
2025-09-04,R12,25.389,0.3062,2.274,27.336,46.497,9.031,1
2025-09-05,R12,24.589,0.2261,0.88,26.274,58.531,8.279,1
2025-09-06,R12,24.124,0.3979,2.119,29.9,35.989,8.33,1
2025-09-07,R12,23.779,0.4355,4.667,26.303,59.845,6.073,1
2025-09-08,R12,26.13,0.3874,14.62,25.251,43.077,9.47,1
2025-09-09,R12,29.231,0.2853,0.968,25.136,44.077,7.708,1
2025-09-10,R12,24.041,0.2959,5.422,28.617,13.535,9.376,1
2025-09-11,R12,26.15,0.2593,9.556,33.056,65.595,6.609,1
2025-09-12,R12,25.858,0.4136,9.621,25.641,35.53,9.017,1
2025-09-13,R12,25.141,0.4158,3.114,24.186,23.041,10.181,1
2025-09-14,R12,22.649,0.4917,3.059,29.397,57.084,7.224,1
2025-09-15,R12,25.553,0.189,2.389,21.597,21.108,7.991,1
2025-09-16,R12,25.451,0.3734,14.385,27.662,39.603,8.857,1
2025-09-17,R12,26.111,0.3841,41.448,42.087,75.521,6.816,0
2025-09-18,R12,24.412,0.2728,3.832,27.159,43.475,8.297,1
2025-09-19,R12,24.757,0.3427,1.381,30.232,19.092,10.29,1
2025-09-20,R12,25.144,0.2408,9.046,30.877,39.446,8.205,1
2025-09-21,R12,26.094,0.3309,6.854,29.103,54.323,5.999,1
2025-09-22,R12,23.283,0.3933,8.572,25.408,45.699,6.729,1
2025-09-23,R12,24.861,0.3921,8.983,24.588,57.14,7.779,1
2025-09-24,R12,25.958,0.2553,18.604,34.306,59.9,8.226,1
2025-09-25,R12,24.711,0.3741,4.621,26.639,64.806,6.676,1
2025-09-26,R12,23.671,0.38,1.637,29.957,16.854,10.023,1
2025-09-27,R12,27.107,0.3224,12.738,30.108,72.37,7.919,1
2025-09-28,R12,26.165,0.359,2.448,20.618,31.794,8.355,1
2025-09-29,R12,22.666,0.3204,11.317,37.542,38.577,6.53,1
2025-09-30,R12,28.535,0.2331,3.762,27.173,71.717,6.989,1
2025-10-01,R12,23.922,0.2657,0.893,25.38,13.975,9.183,1
2025-10-02,R12,23.673,0.3334,3.41,29.788,23.246,9.025,1
2025-10-03,R12,23.722,0.2577,2.025,29.521,35.567,6.972,1
2025-10-04,R12,26.513,0.381,13.715,28.174,50.275,6.516,1
2025-10-05,R12,23.428,0.276,6.373,29.228,68.527,6.875,1
2025-10-06,R12,26.185,0.3026,6.874,25.464,75.765,5.829,1
2025-10-07,R12,21.164,0.3923,6.852,26.923,49.213,7.004,1
2025-10-08,R12,26.321,0.2463,22.09,36.223,61.206,7.116,1
2025-10-09,R12,25.275,0.3408,2.439,23.94,31.465,9.095,1
2025-10-10,R12,24.691,0.2696,0.818,27.83,20.05,9.788,1
2025-10-11,R12,23.079,0.4184,1.878,27.652,18.889,10.917,1
2025-10-12,R12,25.379,0.3417,5.668,31.471,53.695,8.662,1
2025-10-13,R12,24.84,0.3369,4.087,25.123,66.642,6.525,1
2025-10-14,R12,27.179,0.2588,11.07,28.75,36.728,7.745,1
2025-10-15,R12,25.962,0.3438,3.09,35.276,56.838,6.871,1
2025-10-16,R12,28.303,0.2234,1.269,29.654,26.355,8.633,1
2025-10-17,R12,25.153,0.3967,15.519,31.39,83.447,6.223,1
2025-10-18,R12,23.704,0.2765,2.631,21.219,33.214,9.016,1
2025-10-19,R12,24.896,0.3635,10.801,34.774,49.345,8.814,1
2025-10-20,R12,26.782,0.3558,8.842,28.61,45.735,8.421,1
2025-10-21,R12,25.728,0.3637,5.919,27.443,67.385,8.347,1
2025-10-22,R12,25.675,0.3856,16.741,33.749,40.461,8.462,1
2025-10-23,R12,25.817,0.4468,6.316,26.988,37.745,9.002,1
2025-10-24,R12,20.892,0.1921,2.242,33.989,40.888,6.675,1
2025-10-25,R12,26.205,0.3145,12.556,22.966,69.705,6.265,1
2025-10-26,R12,25.144,0.1935,4.73,25.359,65.35,7.323,1
2025-10-27,R12,25.023,0.4165,38.077,40.1,64.473,7.094,1
2025-10-28,R12,23.284,0.3775,4.593,27.918,45.232,8.835,1
2025-10-29,R12,24.873,0.3784,4.998,28.681,51.626,7.331,1
2025-10-30,R12,26.424,0.3037,2.244,26.51,34.219,9.565,1
2025-10-31,R12,26.615,0.2872,16.02,29.66,55.118,7.221,1
2025-11-01,R12,21.422,0.2883,8.812,30.341,53.139,7.437,1
2025-11-02,R12,27.447,0.2616,9.492,28.613,67.499,6.994,1
2025-11-03,R12,25.256,0.2776,14.604,28.77,72.318,7.94,1
2025-11-04,R12,24.764,0.3784,4.382,27.775,39.57,9.054,1
2025-11-05,R12,25.648,0.3318,17.721,33.063,71.183,8.043,1
2025-11-06,R12,22.742,0.353,1.23,25.515,92.741,4.138,1
2025-11-07,R12,26.129,0.2971,2.988,30.939,48.214,7.543,1
2025-11-08,R12,23.289,0.4157,39.55,38.965,64.351,6.517,1
2025-11-09,R12,27.624,0.258,3.614,24.61,61.872,8.296,1
2025-11-10,R12,26.487,0.2838,2.557,26.95,60.662,8.798,1
2025-11-11,R12,25.93,0.2969,11.391,28.701,30.766,7.826,1
2025-11-12,R12,24.378,0.2874,2.882,26.842,62.905,7.962,1
2025-11-13,R12,25.504,0.2824,15.329,32.664,70.391,7.447,1
2025-11-14,R12,21.25,0.3349,10.587,32.502,46.048,5.419,1
2025-11-15,R12,22.349,0.2866,2.823,25.702,29.792,8.745,1
2025-11-16,R12,25.323,0.2874,15.204,30.685,65.457,7.933,1
2025-11-17,R12,24.638,0.4165,3.938,25.477,56.447,8.139,1
2025-11-18,R12,23.201,0.4899,3.462,31.631,34.699,7.399,1
2025-11-19,R12,29.107,0.3113,10.595,28.57,64.306,9.091,1
2025-11-20,R12,25.119,0.3502,6.085,30.284,60.208,7.421,1
2025-11-21,R12,26.26,0.3236,2.098,20.978,58.728,7.07,1
2025-11-22,R12,24.669,0.3595,17.468,33.545,89.453,4.304,1
2025-11-23,R12,25.417,0.3557,4.542,27.983,54.038,7.907,1
2025-11-24,R12,26.146,0.2327,2.005,27.016,6.087,10.335,1
2025-11-25,R12,26.194,0.314,2.071,26.587,44.305,8.512,1
2025-11-26,R12,26.237,0.2039,15.65,33.725,59.941,8.011,1
2025-11-27,R12,26.204,0.2145,11.959,24.455,54.664,6.294,1
2025-11-28,R12,25.838,0.2634,22.391,37.668,58.571,8.241,1
2025-11-29,R12,28.167,0.3355,3.71,22.666,59.019,8.297,1
2025-11-30,R12,27.1,0.3629,6.277,28.041,39.732,8.456,1
2025-12-01,R12,30.04,0.2635,35.055,37.574,98.193,5.517,1
2025-12-02,R12,28.81,0.3073,12.108,27.05,55.859,7.91,1
2025-12-03,R12,25.089,0.3351,11.504,30.291,26.169,9.873,1
2025-12-04,R12,24.277,0.2861,17.467,29.268,38.789,8.05,1
2025-12-05,R12,27.483,0.2865,22.776,35.076,64.95,7.67,1
2025-12-06,R12,26.541,0.3876,13.068,29.124,75.516,7.082,1
2025-12-07,R12,27.883,0.3541,15.074,30.425,34.893,8.772,1
2025-12-08,R12,28.97,0.2242,1.045,25.591,32.686,9.929,1
2025-12-09,R12,27.983,0.4465,5.799,28.261,57.978,8.5,1
2025-12-10,R12,30.04,0.1659,28.101,31.303,80.836,7.549,1
2025-12-11,R12,26.948,0.3264,1.218,23.07,44.723,8.024,1
2025-12-12,R12,27.534,0.2817,7.443,25.796,48.159,8.921,1
2025-12-13,R12,29.393,0.3196,6.103,27.995,65.888,8.63,1
2025-12-14,R12,26.587,0.305,3.083,29.322,24.916,10.151,1
2025-12-15,R12,29.182,0.3239,7.256,25.353,64.756,8.442,1
2025-12-16,R12,31.169,0.1844,24.588,31.939,49.154,9.786,1
2025-12-17,R12,27.369,0.2959,32.005,34.262,74.299,6.887,1
2025-12-18,R12,26.868,0.1494,1.194,21.544,23.137,8.838,1
2025-12-19,R12,29.926,0.3313,2.928,30.595,58.27,7.93,1
2025-12-20,R12,29.909,0.2613,8.447,30.719,60.524,8.851,1
2025-12-21,R12,27.17,0.4183,4.463,30.556,29.509,9.343,1
2025-12-22,R12,29.475,0.2079,2.232,24.692,39.069,9.245,1
2025-12-23,R12,27.629,0.3151,14.266,24.272,60.785,8.638,1
2025-12-24,R12,28.32,0.314,11.589,27.552,84.602,7.68,1
2025-12-25,R12,29.337,0.2354,0.947,26.601,35.643,8.984,1
2025-12-26,R12,26.04,0.2942,0.517,25.08,29.81,8.818,1
2025-12-27,R12,29.207,0.286,24.101,33.291,66.544,8.01,1
2025-12-28,R12,26.798,0.2476,9.02,30.775,49.674,8.269,1
2025-12-29,R12,26.361,0.227,3.035,30.617,35.537,9.951,1
2025-12-30,R12,26.73,0.2919,12.512,25.384,59.034,7.437,1
2025-12-31,R12,28.136,0.3379,23.239,38.355,64.958,8.659,1
2025-01-01,R13,22.925,0.4764,5.888,51.754,59.952,7.242,1
2025-01-02,R13,24.059,0.5864,8.618,51.63,57.534,8.598,1
2025-01-03,R13,21.76,0.5436,0.886,56.339,17.109,8.859,1
2025-01-04,R13,24.458,0.5884,8.279,55.145,57.24,7.021,0
2025-01-05,R13,23.737,0.5462,14.479,53.405,52.265,6.287,0
2025-01-06,R13,23.392,0.4906,24.114,60.467,70.776,7.157,1
2025-01-07,R13,24.437,0.6961,14.613,56.139,57.447,8.672,1
2025-01-08,R13,25.38,0.395,8.448,52.231,42.694,7.203,1
2025-01-09,R13,23.637,0.6389,23.782,58.997,83.754,5.418,0
2025-01-10,R13,25.107,0.6073,7.757,50.094,52.32,8.494,1
2025-01-11,R13,26.074,0.5909,1.296,49.026,21.528,9.615,1
2025-01-12,R13,23.167,0.6219,7.109,52.672,40.768,8.413,0
2025-01-13,R13,23.77,0.5675,11.953,50.578,65.217,6.327,0
2025-01-14,R13,21.864,0.6676,2.653,54.306,30.238,7.907,1
2025-01-15,R13,23.29,0.5822,8.631,50.224,57.532,6.489,1
2025-01-16,R13,27.107,0.5455,3.573,50.49,29.785,9.354,1
2025-01-17,R13,22.578,0.6902,21.039,67.297,75.374,5.249,0
2025-01-18,R13,25.84,0.5426,5.06,51.184,78.077,6.309,1
2025-01-19,R13,25.794,0.6482,11.775,58.419,36.333,9.161,1
2025-01-20,R13,26.713,0.521,10.811,55.717,38.332,11.152,1
2025-01-21,R13,24.486,0.507,4.546,49.96,47.305,7.529,1
2025-01-22,R13,25.428,0.5041,22.894,63.991,75.865,8.098,0
2025-01-23,R13,24.169,0.6539,18.475,56.517,45.264,7.917,0
2025-01-24,R13,25.157,0.5906,16.661,55.201,71.423,7.307,0
2025-01-25,R13,23.388,0.6,11.181,57.648,39.319,6.749,0
2025-01-26,R13,23.631,0.5883,2.956,57.717,38.448,7.921,1
2025-01-27,R13,24.499,0.4552,35.392,66.154,63.775,8.191,0
2025-01-28,R13,26.52,0.4966,4.901,50.997,54.916,7.592,1
2025-01-29,R13,24.373,0.4898,5.957,55.174,60.818,6.518,1
2025-01-30,R13,27.347,0.5248,1.308,45.594,57.386,7.332,1
2025-01-31,R13,26.263,0.4885,1.2,54.223,5,10.034,1
2025-02-01,R13,23.668,0.6601,2.933,60.869,17.621,9.659,1
2025-02-02,R13,24.854,0.5488,15.21,57.792,48.441,8.382,0
2025-02-03,R13,24.274,0.5393,7.904,54.398,56.805,7.376,1
2025-02-04,R13,23.299,0.5554,15.653,56.058,79.437,7.053,1
2025-02-05,R13,23.903,0.5604,1.949,55.102,54.754,6.559,1
2025-02-06,R13,26.589,0.5282,7.056,53.472,25.356,10.65,1
2025-02-07,R13,25.003,0.6419,16.359,52.043,57.507,7.528,1
2025-02-08,R13,21.538,0.5072,9.229,53.625,42.219,7.983,1
2025-02-09,R13,26.902,0.5803,4.778,44.81,47.522,8.493,1
2025-02-10,R13,24.214,0.5879,3.212,50.062,57.668,7.196,1
2025-02-11,R13,23.402,0.4855,4.906,57.083,29.453,9.156,1
2025-02-12,R13,25.624,0.5586,6.596,55.854,37.228,8.336,1
2025-02-13,R13,27.174,0.5259,10.796,55.206,62.423,7.556,1
2025-02-14,R13,26.126,0.4744,4.981,52.899,18.58,9.709,1
2025-02-15,R13,28.894,0.6258,12.187,48.684,58.911,8.545,1
2025-02-16,R13,25.391,0.4931,8.577,54.724,35.688,9.01,1
2025-02-17,R13,29.463,0.4158,13.465,57.462,40.947,8.053,1
2025-02-18,R13,27.665,0.5344,6.094,47.848,51.72,8.834,1
2025-02-19,R13,25.302,0.605,5.636,55.335,37.487,9.954,1
2025-02-20,R13,24.817,0.5818,4.445,57.64,36.886,9.126,1
2025-02-21,R13,28.653,0.5293,4.513,51.145,47.702,10.282,1
2025-02-22,R13,25.58,0.4905,3.015,48.236,28.818,7.834,1
2025-02-23,R13,28.746,0.6073,11.633,51.305,53.981,7.817,1
2025-02-24,R13,26.229,0.4591,19.703,54.281,78.021,7.358,1
2025-02-25,R13,27.275,0.6193,17.406,54.952,65.685,8.975,1
2025-02-26,R13,24.664,0.5852,13.89,59.019,57.125,6.193,0
2025-02-27,R13,24.301,0.5586,0.302,52.323,34.253,8.895,1
2025-02-28,R13,27.277,0.4432,21.867,58.97,89.906,5.714,0
2025-03-01,R13,24.97,0.5109,14.106,57.342,57.12,7.997,0
2025-03-02,R13,24.558,0.5075,6.604,52.198,66.372,6.466,1
2025-03-03,R13,25.302,0.6055,12.178,63.037,69.172,7.636,1
2025-03-04,R13,24.254,0.5387,2.009,53.604,38.771,7.636,1
2025-03-05,R13,29.568,0.4673,4.651,52.905,48.631,10.102,1
2025-03-06,R13,28.349,0.5529,4.049,46.337,49.331,9.235,1
2025-03-07,R13,27.28,0.5357,7.531,51.241,58.108,7.162,1
2025-03-08,R13,27.696,0.5433,10.649,55.336,88.888,6.219,0
2025-03-09,R13,28.034,0.5509,3.918,51.121,25.586,9.485,1
2025-03-10,R13,23.912,0.6742,2.199,50.118,56.008,7.799,1
2025-03-11,R13,26.714,0.5602,6.102,55.574,38.473,9.716,1
2025-03-12,R13,26.653,0.4739,3.146,46.622,17.373,8.273,1
2025-03-13,R13,26.47,0.6061,5.459,49.866,56.856,7.471,1
2025-03-14,R13,26.229,0.6224,21.633,59.224,76.4,6.111,0
2025-03-15,R13,32.254,0.4399,7.133,49.953,23.853,11.332,1
2025-03-16,R13,26.214,0.4914,6.068,52.81,53.535,6.233,0
2025-03-17,R13,32.516,0.5478,10.64,50.802,60.822,8.758,1
2025-03-18,R13,25.148,0.6556,6.983,52.184,53.511,6.917,1
2025-03-19,R13,23.805,0.5669,0.321,50.326,12.588,9.426,1
2025-03-20,R13,27.344,0.4441,9.8,58.161,52.819,8.733,1
2025-03-21,R13,28.429,0.4749,11.535,55.781,46.9,9.483,1
2025-03-22,R13,27.635,0.5888,22.055,55.472,52.904,7.508,1
2025-03-23,R13,25.241,0.6243,6.531,54.212,57.581,8.095,1
2025-03-24,R13,28.957,0.4731,6.217,51.741,77.779,7.085,1
2025-03-25,R13,26.395,0.3872,0.833,48.836,49.298,8.273,1
2025-03-26,R13,27.328,0.6237,6.002,49.905,37.429,8.181,1
2025-03-27,R13,29.375,0.5823,13.371,54.014,43.962,10.29,1
2025-03-28,R13,27.57,0.5575,10.08,55.351,37.371,9.99,1
2025-03-29,R13,26.047,0.5007,10.144,50.865,54.224,7.906,1
2025-03-30,R13,29.319,0.6103,5.332,47.667,47.343,8.749,1
2025-03-31,R13,23.106,0.621,1.332,52.199,29.368,7.363,1
2025-04-01,R13,24.674,0.6203,10.649,52.03,52.634,7.519,1
2025-04-02,R13,26.44,0.5488,1.545,54.417,17.033,10.591,1
2025-04-03,R13,26.071,0.5802,1.457,59.432,55.501,7.27,0
2025-04-04,R13,26.778,0.5883,5.062,53.803,39.236,9.593,1
2025-04-05,R13,26.459,0.483,3.433,46.794,53.747,7.237,1
2025-04-06,R13,25.867,0.6025,3.755,47.59,57.681,8.891,1
2025-04-07,R13,27.525,0.64,1.47,53.955,7.201,11.262,1
2025-04-08,R13,30.73,0.5388,18.826,59.057,37.796,9.816,1
2025-04-09,R13,25.182,0.5949,1.85,52.195,36.499,8.59,1
2025-04-10,R13,31.828,0.55,2.679,50.867,33.658,8.894,1
2025-04-11,R13,28.318,0.499,9.229,47.274,45.997,8.633,1
2025-04-12,R13,28.193,0.438,0.143,49.477,21.982,8.436,1
2025-04-13,R13,26.47,0.5425,4.839,49.224,51.169,7.085,1
2025-04-14,R13,29.254,0.475,7.393,55.822,55.559,9.123,1
2025-04-15,R13,25.856,0.5346,3.795,56.257,62.39,8.03,1
2025-04-16,R13,26.558,0.5016,15.481,51.863,55.943,6.925,1
2025-04-17,R13,27.567,0.5982,4.834,44.689,48.101,8.351,1
2025-04-18,R13,31.283,0.5164,16.281,53.633,75.306,8.459,1
2025-04-19,R13,28.311,0.5167,14.005,48.037,53.888,8.773,1
2025-04-20,R13,29.135,0.4677,7.672,50.531,54.357,8.495,1
2025-04-21,R13,28.075,0.5092,15.12,53.779,64.484,7.063,1
2025-04-22,R13,31.328,0.4908,17.53,52.0,58.646,9.309,1
2025-04-23,R13,25.58,0.5164,13.039,49.633,52.692,8.06,1
2025-04-24,R13,28.506,0.548,2.145,40.802,50.691,9.549,1
2025-04-25,R13,30.292,0.4679,10.098,54.24,62.831,8.234,1
2025-04-26,R13,23.769,0.6115,10.856,55.736,52.13,7.553,1
2025-04-27,R13,26.825,0.5613,1.704,46.058,71.986,7.699,1
2025-04-28,R13,24.103,0.5594,1.5,53.941,40.568,8.92,1
2025-04-29,R13,29.988,0.5075,10.132,57.155,43.036,11.212,1
2025-04-30,R13,28.631,0.5001,3.164,54.586,54.052,7.683,1
2025-05-01,R13,28.535,0.4765,2.135,50.055,23.008,8.514,1
2025-05-02,R13,24.641,0.5158,0.855,52.992,64.587,8.146,1
2025-05-03,R13,29.045,0.4354,4.317,51.854,46.323,10.195,1
2025-05-04,R13,26.503,0.5999,21.05,56.542,67.607,7.325,0
2025-05-05,R13,24.174,0.574,1.436,51.071,20.578,8.676,1
2025-05-06,R13,27.583,0.6121,15.027,54.73,63.871,6.844,1
2025-05-07,R13,24.297,0.483,3.239,50.861,13.87,10.218,1
2025-05-08,R13,25.081,0.4816,0.805,52.161,21.696,8.627,1
2025-05-09,R13,25.379,0.6,3.95,53.201,17.626,11.083,1
2025-05-10,R13,24.548,0.4797,9.91,55.844,43.667,6.885,0
2025-05-11,R13,25.959,0.5391,2.722,53.501,50.65,7.459,1
2025-05-12,R13,26.549,0.6282,21.416,60.379,50.861,8.18,1
2025-05-13,R13,26.674,0.5539,4.227,61.007,53.3,8.47,1
2025-05-14,R13,27.91,0.5164,3.095,51.306,14.934,9.657,1
2025-05-15,R13,30.269,0.4815,12.321,52.007,54.137,7.787,1
2025-05-16,R13,25.697,0.4958,10.458,58.294,57.006,9.275,1
2025-05-17,R13,25.74,0.5813,3.154,49.617,64.268,7.517,1
2025-05-18,R13,26.98,0.4874,20.897,55.486,50.137,7.301,1
2025-05-19,R13,27.513,0.5051,10.166,55.182,43.956,8.641,1
2025-05-20,R13,26.877,0.4714,1.319,54.986,46.867,7.451,1
2025-05-21,R13,24.388,0.598,13.331,56.75,74.654,5.018,0
2025-05-22,R13,27.869,0.4461,12.065,49.946,71.235,7.859,1
2025-05-23,R13,25.712,0.637,11.816,48.91,57.821,8.725,1
2025-05-24,R13,22.689,0.5038,6.661,54.479,20.588,9.253,1
2025-05-25,R13,27.45,0.4715,1.252,49.0,39.391,8.074,1
2025-05-26,R13,27.075,0.671,1.251,52.978,23.244,10.82,1
2025-05-27,R13,29.22,0.4991,3.814,43.449,31.051,9.961,1
2025-05-28,R13,31.049,0.4885,9.451,48.595,61.159,7.158,1
2025-05-29,R13,26.318,0.542,0.75,48.748,28.085,9.731,1
2025-05-30,R13,26.392,0.5522,6.253,51.35,39.376,10.246,1
2025-05-31,R13,26.561,0.6259,10.658,55.292,63.59,7.201,1
2025-06-01,R13,26.822,0.5636,8.786,51.063,25.748,10.839,1
2025-06-02,R13,26.662,0.5551,12.976,65.673,33.223,11.213,1
2025-06-03,R13,22.513,0.6263,5.223,54.045,53.392,6.445,0
2025-06-04,R13,22.218,0.59,16.879,55.161,57.326,7.516,1
2025-06-05,R13,26.345,0.5133,3.822,46.098,32.03,9.228,1
2025-06-06,R13,26.934,0.541,7.97,48.856,74.504,6.67,1
2025-06-07,R13,22.376,0.643,12.341,54.328,77.53,6.197,0
2025-06-08,R13,23.368,0.652,4.275,52.64,61.046,6.87,1
2025-06-09,R13,28.712,0.4308,4.016,50.102,47.788,10.052,1
2025-06-10,R13,24.1,0.5645,1.556,50.328,36.844,7.396,1
2025-06-11,R13,23.834,0.574,9.807,55.545,57.949,8.284,1
2025-06-12,R13,24.987,0.4047,24.01,59.464,95.074,6.12,0
2025-06-13,R13,25.291,0.5565,7.947,54.817,66.614,6.139,1
2025-06-14,R13,22.128,0.5211,1.885,53.533,35.366,9.312,1
2025-06-15,R13,21.983,0.6534,12.137,59.321,60.739,6.496,0
2025-06-16,R13,22.845,0.6157,29.707,59.676,49.469,6.887,0
2025-06-17,R13,24.678,0.6678,5.939,52.003,47.37,8.056,1
2025-06-18,R13,24.306,0.5062,0.256,50.534,42.419,7.528,1
2025-06-19,R13,24.294,0.5116,0.944,50.862,42.282,8.09,1
2025-06-20,R13,19.985,0.652,12.389,62.826,64.394,4.81,0
2025-06-21,R13,21.68,0.668,3.455,53.969,87.808,7.054,1
2025-06-22,R13,23.229,0.509,16.46,63.015,76.057,6.312,0
2025-06-23,R13,24.672,0.5,0.123,53.859,36.51,7.172,1
2025-06-24,R13,23.904,0.5467,1.434,48.021,37.5,7.835,1
2025-06-25,R13,24.15,0.5658,20.412,57.243,58.047,8.187,0
2025-06-26,R13,23.834,0.5806,7.509,60.46,35.952,9.189,0
2025-06-27,R13,26.156,0.5593,13.579,51.596,86.194,6.894,1
2025-06-28,R13,22.119,0.611,13.711,58.354,66.656,5.981,0
2025-06-29,R13,24.516,0.656,1.004,50.362,36.473,8.379,1
2025-06-30,R13,23.262,0.5902,5.424,52.687,42.616,7.588,1
2025-07-01,R13,23.783,0.5265,1.421,54.733,56.225,6.956,0
2025-07-02,R13,25.984,0.517,9.439,51.756,64.114,7.479,1
2025-07-03,R13,20.714,0.5117,2.612,53.343,27.189,9.031,1
2025-07-04,R13,27.753,0.4897,0.96,45.227,29.16,8.906,1
2025-07-05,R13,19.972,0.6164,1.105,55.306,62.905,6.001,0
2025-07-06,R13,23.221,0.5249,4.271,52.047,31.694,8.906,1
2025-07-07,R13,25.484,0.5143,6.368,48.828,48.783,8.887,1
2025-07-08,R13,23.274,0.661,9.635,56.337,60.51,6.121,0
2025-07-09,R13,24.914,0.4392,8.761,55.601,32.913,9.932,1
2025-07-10,R13,20.961,0.6696,18.045,60.513,56.326,6.847,0
2025-07-11,R13,24.784,0.5614,10.757,52.914,36.017,9.287,1
2025-07-12,R13,21.029,0.5923,19.682,63.034,94.362,3.866,0
2025-07-13,R13,22.785,0.6088,5.834,52.724,57.617,7.682,1
2025-07-14,R13,23.603,0.6339,5.777,52.399,33.535,8.03,1
2025-07-15,R13,22.009,0.5991,9.146,54.446,45.757,8.094,1
2025-07-16,R13,23.402,0.6041,13.202,54.313,58.241,7.106,1
2025-07-17,R13,23.605,0.5956,3.327,53.195,31.974,8.431,1
2025-07-18,R13,22.24,0.6149,6.57,60.198,69.935,5.686,0
2025-07-19,R13,21.906,0.6644,2.312,57.111,15.21,9.382,1
2025-07-20,R13,24.762,0.4816,15.735,58.871,48.249,7.593,0
2025-07-21,R13,21.133,0.5635,1.646,52.867,55.231,6.895,1
2025-07-22,R13,21.636,0.5993,10.871,53.971,56.043,6.749,0
2025-07-23,R13,17.667,0.5762,11.945,59.85,73.199,6.63,0
2025-07-24,R13,21.506,0.7577,9.017,59.816,58.745,6.598,0
2025-07-25,R13,20.257,0.6371,32.477,61.291,100,5.229,0
2025-07-26,R13,21.935,0.6096,1.731,51.964,43.87,8.435,1
2025-07-27,R13,21.587,0.5162,1.382,57.243,68.92,5.937,1
2025-07-28,R13,21.786,0.5496,13.654,61.707,44.24,6.728,0
2025-07-29,R13,23.212,0.5572,5.369,54.39,44.673,8.121,1
2025-07-30,R13,21.36,0.5909,4.053,57.167,43.53,8.93,1
2025-07-31,R13,22.711,0.5531,5.875,59.545,46.067,6.902,0
2025-08-01,R13,19.256,0.5489,16.291,57.3,48.039,7.558,0
2025-08-02,R13,20.358,0.5752,3.166,56.141,64.576,4.819,0
2025-08-03,R13,20.845,0.6289,41.173,62.874,71.433,5.524,0
2025-08-04,R13,19.038,0.7346,6.536,54.859,45.707,7.515,1
2025-08-05,R13,22.204,0.5788,7.875,56.715,58.557,6.568,1
2025-08-06,R13,21.858,0.596,7.827,53.431,59.674,6.83,1
2025-08-07,R13,20.547,0.632,6.984,55.945,54.579,7.759,0
2025-08-08,R13,24.019,0.6243,2.467,55.643,47.748,8.586,1
2025-08-09,R13,20.807,0.6421,2.456,53.95,57.903,6.872,0
2025-08-10,R13,19.041,0.6063,22.883,61.931,40.97,7.414,0
2025-08-11,R13,19.917,0.518,9.823,60.114,71.825,5.594,0
2025-08-12,R13,23.336,0.65,4.772,53.552,67.83,5.907,1
2025-08-13,R13,22.348,0.6252,14.194,58.065,49.145,7.054,1
2025-08-14,R13,19.235,0.5443,4.078,48.723,29.338,8.49,1
2025-08-15,R13,19.346,0.5417,5.067,51.569,33.493,6.828,1
2025-08-16,R13,20.283,0.702,6.567,57.763,84.727,5.004,0
2025-08-17,R13,20.804,0.5379,9.165,60.703,60.805,6.872,0
2025-08-18,R13,20.554,0.6311,2.66,54.087,56.182,5.568,0
2025-08-19,R13,16.372,0.558,3.724,57.762,51.36,6.955,0
2025-08-20,R13,19.549,0.6785,17.867,60.212,58.839,5.584,0
2025-08-21,R13,20.934,0.6961,3.747,58.114,57.802,7.045,0
2025-08-22,R13,18.239,0.564,4.871,54.574,53.472,5.218,0
2025-08-23,R13,19.458,0.6452,19.191,59.125,55.986,6.439,0
2025-08-24,R13,17.904,0.5964,5.018,54.065,69.57,4.904,0
2025-08-25,R13,17.894,0.6295,16.034,66.833,62.304,6.342,0
2025-08-26,R13,19.558,0.5254,39.677,65.315,71.686,5.833,0
2025-08-27,R13,19.398,0.5941,11.925,57.963,56.828,6.977,0
2025-08-28,R13,17.0,0.6178,10.549,59.585,50.425,4.598,0
2025-08-29,R13,18.507,0.5961,10.365,56.324,31.746,7.092,0
2025-08-30,R13,18.206,0.6306,11.642,60.285,39.149,6.736,0
2025-08-31,R13,20.268,0.6815,16.529,57.34,79.758,4.887,0
2025-09-01,R13,19.726,0.608,4.068,58.896,48.625,6.28,0
2025-09-02,R13,18.058,0.6907,0.095,54.47,37.674,5.853,0
2025-09-03,R13,19.029,0.7036,14.4,58.433,47.123,6.937,0
2025-09-04,R13,17.385,0.7871,3.426,61.876,40.167,6.86,0
2025-09-05,R13,17.866,0.5527,27.574,64.551,96.529,4.556,0
2025-09-06,R13,17.581,0.6813,38.179,66.376,66.489,6.531,0
2025-09-07,R13,18.767,0.6398,13.49,60.564,55.154,6.68,0
2025-09-08,R13,21.397,0.6182,3.319,57.033,27.248,8.105,0
2025-09-09,R13,15.869,0.711,15.032,64.848,28.886,6.427,0
2025-09-10,R13,21.744,0.6316,20.735,63.626,61.988,6.436,0
2025-09-11,R13,17.101,0.5983,6.899,58.144,39.889,6.988,0
2025-09-12,R13,16.444,0.5768,6.954,56.596,64.889,5.56,0
2025-09-13,R13,21.607,0.6243,8.024,58.732,18.161,9.626,1
2025-09-14,R13,18.649,0.6501,1.758,57.732,11.095,8.045,1
2025-09-15,R13,18.651,0.6005,16.411,59.796,59.402,5.49,0
2025-09-16,R13,18.066,0.5583,15.271,57.006,61.571,5.448,0
2025-09-17,R13,20.648,0.4677,3.501,56.222,56.248,7.381,1
2025-09-18,R13,21.248,0.6408,8.841,56.116,100,5.859,0
2025-09-19,R13,20.355,0.6109,14.548,53.767,69.672,6.819,0
2025-09-20,R13,16.604,0.6351,2.07,53.882,28.977,7.485,0
2025-09-21,R13,17.417,0.5786,3.141,57.076,66.29,4.08,0
2025-09-22,R13,14.853,0.6072,19.044,66.36,74.975,2.514,0
2025-09-23,R13,15.353,0.6282,6.974,57.45,75.657,3.349,0
2025-09-24,R13,20.169,0.5447,6.525,56.594,66.984,7.292,0
2025-09-25,R13,19.028,0.5471,5.587,56.164,54.012,6.396,0
2025-09-26,R13,19.078,0.5141,9.855,57.753,67.416,5.318,0
2025-09-27,R13,18.902,0.5809,15.57,57.904,55.983,5.924,0
2025-09-28,R13,15.617,0.6861,6.683,59.803,39.7,7.097,0
2025-09-29,R13,17.724,0.6397,6.679,56.051,93.602,1.858,0
2025-09-30,R13,20.177,0.5979,3.652,57.253,49.245,7.129,1
2025-10-01,R13,14.992,0.7701,9.724,62.206,48.26,6.384,0
2025-10-02,R13,14.731,0.6377,16.626,65.065,77.004,4.193,0
2025-10-03,R13,19.794,0.5328,3.98,58.269,49.059,7.4,1
2025-10-04,R13,17.757,0.6203,5.521,57.282,43.007,7.425,0
2025-10-05,R13,18.674,0.5944,4.496,56.704,53.948,6.621,0
2025-10-06,R13,19.47,0.5956,13.411,59.653,43.03,7.034,0
2025-10-07,R13,18.431,0.5513,18.09,58.561,50.424,6.152,0
2025-10-08,R13,19.11,0.5836,9.598,60.296,77.17,5.309,0
2025-10-09,R13,18.477,0.6675,18.834,58.351,85.023,4.846,0
2025-10-10,R13,19.303,0.5658,7.835,54.325,22.231,7.37,1
2025-10-11,R13,17.238,0.6384,12.865,59.728,38.459,6.513,0
2025-10-12,R13,23.176,0.4755,3.545,55.364,62.478,6.994,0
2025-10-13,R13,16.335,0.7109,5.136,62.191,19.803,5.954,0
2025-10-14,R13,15.346,0.666,13.703,62.096,69.229,6.466,0
2025-10-15,R13,15.879,0.6624,2.545,53.84,26.056,6.911,0
2025-10-16,R13,19.911,0.5674,2.983,53.112,15.777,8.362,1
2025-10-17,R13,17.147,0.6502,2.019,58.931,58.564,5.106,0
2025-10-18,R13,17.516,0.618,11.306,57.127,76.147,6.006,0
2025-10-19,R13,19.388,0.5821,4.83,59.565,65.121,7.133,0
2025-10-20,R13,18.58,0.5751,3.143,56.984,31.006,7.516,0
2025-10-21,R13,20.367,0.6171,24.179,62.749,60.436,5.375,0
2025-10-22,R13,20.273,0.6732,6.189,54.615,52.446,6.003,1
2025-10-23,R13,19.846,0.5951,14.687,59.777,60.42,6.683,0
2025-10-24,R13,19.24,0.661,10.444,58.753,25.064,8.402,0
2025-10-25,R13,18.34,0.4635,16.107,56.684,64.9,4.386,0
2025-10-26,R13,20.202,0.5871,7.025,58.202,69.599,4.795,0
2025-10-27,R13,19.674,0.6015,10.305,60.444,20.297,7.458,0
2025-10-28,R13,19.151,0.5997,4.636,56.349,39.54,6.705,1
2025-10-29,R13,18.724,0.6862,17.302,62.158,54.225,5.877,0
2025-10-30,R13,20.128,0.5401,5.206,54.272,41.034,7.861,1
2025-10-31,R13,21.492,0.5911,8.18,54.273,47.08,7.136,0
2025-11-01,R13,17.357,0.6986,21.424,66.108,87.231,4.181,0
2025-11-02,R13,19.256,0.5573,2.047,51.493,37.109,8.542,1
2025-11-03,R13,17.49,0.5874,1.941,52.599,35.86,8.324,1
2025-11-04,R13,17.731,0.5766,6.411,55.258,53.98,6.998,0
2025-11-05,R13,17.497,0.6287,1.601,53.821,55.437,6.741,0
2025-11-06,R13,18.911,0.6431,5.884,54.866,47.05,5.548,0
2025-11-07,R13,19.929,0.6345,10.278,52.69,71.565,5.707,0
2025-11-08,R13,20.323,0.6005,3.348,57.791,44.499,8.711,1
2025-11-09,R13,20.973,0.7068,2.664,53.931,49.938,6.746,1
2025-11-10,R13,20.81,0.54,0.793,50.828,46.628,6.627,0
2025-11-11,R13,16.303,0.6351,6.231,57.584,49.856,5.147,0
2025-11-12,R13,19.874,0.536,1.024,51.353,68.101,5.768,0
2025-11-13,R13,17.972,0.6044,31.944,67.933,67.518,5.315,0
2025-11-14,R13,19.959,0.7377,3.855,49.652,62.256,6.175,0
2025-11-15,R13,22.412,0.6458,11.795,57.787,65.503,5.474,0
2025-11-16,R13,18.608,0.7326,8.259,56.926,41.379,7.533,0
2025-11-17,R13,19.444,0.685,6.903,60.292,27.369,7.903,0
2025-11-18,R13,21.511,0.6486,10.548,54.008,48.76,6.977,1
2025-11-19,R13,19.867,0.4769,1.492,55.333,31.192,7.082,0
2025-11-20,R13,17.544,0.5988,9.064,55.754,68.424,4.719,0
2025-11-21,R13,20.553,0.5421,3.2,52.52,68.898,5.92,0
2025-11-22,R13,18.987,0.7041,1.523,55.325,12.215,7.905,1
2025-11-23,R13,21.684,0.5816,11.877,50.124,54.306,7.568,1
2025-11-24,R13,20.018,0.5528,1.94,59.601,61.09,7.77,1
2025-11-25,R13,19.751,0.6861,16.993,58.56,70.134,4.653,0
2025-11-26,R13,19.582,0.6325,5.203,56.384,37.196,8.933,1
2025-11-27,R13,20.004,0.6339,1.556,57.795,36.503,8.217,0
2025-11-28,R13,22.565,0.575,5.402,58.203,31.794,7.957,1
2025-11-29,R13,20.672,0.487,5.223,56.546,60.335,7.727,1
2025-11-30,R13,22.074,0.6181,1.188,54.397,33.517,8.39,1
2025-12-01,R13,18.359,0.7176,2.864,59.733,33.981,7.392,0
2025-12-02,R13,20.173,0.6799,2.315,51.055,41.641,6.574,0
2025-12-03,R13,22.915,0.6464,4.965,52.073,52.361,7.715,1
2025-12-04,R13,22.507,0.6477,7.385,58.717,57.96,6.634,1
2025-12-05,R13,24.571,0.5373,0.645,53.795,13.526,9.845,1
2025-12-06,R13,20.578,0.5339,4.21,57.026,7.765,8.551,1
2025-12-07,R13,18.663,0.5753,9.509,59.824,30.987,8.384,0
2025-12-08,R13,21.861,0.6662,7.731,58.838,55.804,7.15,1
2025-12-09,R13,23.013,0.5631,21.112,61.753,65.156,8.428,0
2025-12-10,R13,19.931,0.5289,5.973,60.596,36.015,6.736,0
2025-12-11,R13,18.997,0.6287,22.869,61.99,93.827,3.835,0
2025-12-12,R13,21.143,0.5976,6.046,60.485,45.361,7.677,1
2025-12-13,R13,21.162,0.5711,32.765,60.656,78.429,4.407,0
2025-12-14,R13,21.49,0.7022,8.736,60.453,49.006,6.019,0
2025-12-15,R13,21.346,0.7345,5.988,52.262,67.197,7.068,1
2025-12-16,R13,18.13,0.5697,42.606,64.717,70.851,5.639,0
2025-12-17,R13,22.653,0.5866,4.187,54.69,54.77,7.406,1
2025-12-18,R13,21.968,0.6058,3.319,58.763,31.359,7.6,1
2025-12-19,R13,22.243,0.6892,25.193,60.621,51.426,7.145,0
2025-12-20,R13,21.662,0.5751,13.683,58.438,78.799,4.878,0
2025-12-21,R13,21.312,0.6028,13.257,54.153,86.743,5.418,0
2025-12-22,R13,26.441,0.5137,5.109,50.194,51.739,8.256,1
2025-12-23,R13,22.832,0.4908,5.476,51.801,72.624,7.313,1
2025-12-24,R13,26.202,0.5193,3.427,51.964,60.447,7.865,1
2025-12-25,R13,21.486,0.6156,7.068,58.123,67.932,6.728,0
2025-12-26,R13,21.218,0.5011,5.276,51.701,39.649,7.282,1
2025-12-27,R13,21.429,0.6283,7.161,54.345,70.538,5.78,1
2025-12-28,R13,20.914,0.738,1.027,54.747,88.706,4.028,0
2025-12-29,R13,25.964,0.5345,7.098,56.644,27.274,9.668,1
2025-12-30,R13,22.528,0.4865,3.29,49.37,50.109,7.923,1
2025-12-31,R13,23.259,0.5849,9.356,58.483,78.645,4.891,0
2025-01-01,R14,25.469,0.2864,5.311,57.881,34.285,8.815,1
2025-01-02,R14,22.312,0.2882,1.793,60.051,38.289,8.639,1
2025-01-03,R14,23.762,0.2051,6.4,61.422,44.808,6.642,1
2025-01-04,R14,21.784,0.3365,5.787,61.645,43.737,8.063,1
2025-01-05,R14,24.417,0.3021,4.538,61.861,89.077,6.777,0
2025-01-06,R14,24.598,0.3485,13.894,69.241,29.034,8.778,0
2025-01-07,R14,24.997,0.1822,4.362,56.316,66.462,7.483,1
2025-01-08,R14,21.583,0.4552,7.615,60.46,71.17,7.397,1
2025-01-09,R14,24.464,0.3769,1.636,58.007,62.017,8.16,1
2025-01-10,R14,20.142,0.3308,8.023,64.717,52.469,6.551,0
2025-01-11,R14,25.112,0.2828,11.612,62.867,82.964,5.658,0
2025-01-12,R14,21.27,0.2678,11.962,69.455,53.622,7.273,1
2025-01-13,R14,23.192,0.4296,4.507,62.459,48.443,6.502,0
2025-01-14,R14,24.068,0.3376,22.576,66.825,83.18,6.268,0
2025-01-15,R14,27.258,0.3394,25.221,65.253,73.685,6.561,0
2025-01-16,R14,22.707,0.3237,12.5,64.288,67.004,7.518,0
2025-01-17,R14,25.401,0.3007,10.941,61.989,87.405,6.318,0
2025-01-18,R14,25.305,0.3487,0.71,56.329,38.377,10.034,1
2025-01-19,R14,25.685,0.382,11.385,63.439,47.333,8.503,1
2025-01-20,R14,26.096,0.2767,8.721,62.211,49.772,8.916,1
2025-01-21,R14,25.477,0.2537,7.98,65.502,75.778,6.057,0
2025-01-22,R14,26.57,0.2546,3.619,54.31,68.72,9.424,1
2025-01-23,R14,25.94,0.3352,7.523,60.43,57.471,7.153,1
2025-01-24,R14,26.854,0.269,17.509,59.571,70.144,7.074,1
2025-01-25,R14,22.985,0.3969,2.444,61.191,26.181,10.287,1
2025-01-26,R14,24.117,0.4127,6.836,66.881,62.846,7.74,0
2025-01-27,R14,26.879,0.2632,7.38,63.976,59.375,8.974,0
2025-01-28,R14,24.831,0.198,19.801,61.207,66.779,7.543,1
2025-01-29,R14,26.397,0.4631,5.217,58.02,38.261,8.541,1
2025-01-30,R14,26.548,0.2177,1.4,58.283,66.893,6.56,1
2025-01-31,R14,28.997,0.2346,0.36,59.993,25.924,10.144,1
2025-02-01,R14,24.993,0.3151,10.579,57.412,76.807,7.39,1
2025-02-02,R14,25.563,0.4151,0.519,60.299,25.617,10.451,1
2025-02-03,R14,23.615,0.3987,5.107,64.355,50.414,9.168,1
2025-02-04,R14,23.456,0.3015,12.265,61.055,47.567,8.206,1
2025-02-05,R14,27.977,0.3607,3.488,57.058,80.567,6.536,1
2025-02-06,R14,22.466,0.3248,2.259,58.188,44.99,6.875,1
2025-02-07,R14,26.26,0.1963,14.007,63.92,85.77,7.364,1
2025-02-08,R14,22.881,0.2824,4.758,57.47,60.881,5.997,1
2025-02-09,R14,26.925,0.2463,34.186,73.368,77.485,6.696,0
2025-02-10,R14,26.532,0.3066,2.719,55.744,9.949,8.754,1
2025-02-11,R14,26.075,0.2999,4.213,57.852,23.832,8.878,1
2025-02-12,R14,26.54,0.2291,2.828,57.002,38.76,7.073,1
2025-02-13,R14,24.283,0.4217,4.558,65.079,30.617,9.534,1
2025-02-14,R14,27.345,0.2961,24.29,60.716,55.532,7.599,0
2025-02-15,R14,27.167,0.272,8.085,58.945,43.48,9.145,1
2025-02-16,R14,27.576,0.312,14.836,62.219,69.136,7.061,1
2025-02-17,R14,22.671,0.3125,10.739,64.558,55.205,7.769,1
2025-02-18,R14,27.086,0.2615,5.803,60.158,51.978,7.282,1
2025-02-19,R14,26.96,0.2166,4.253,58.052,65.258,8.231,1
2025-02-20,R14,26.132,0.421,4.535,56.183,52.867,8.665,1
2025-02-21,R14,26.87,0.284,5.53,58.933,22.601,10.482,1
2025-02-22,R14,26.048,0.325,7.526,64.118,54.916,7.502,1
2025-02-23,R14,25.082,0.2914,11.197,63.082,54.039,7.708,1
2025-02-24,R14,24.823,0.2998,5.038,53.251,33.095,9.856,1
2025-02-25,R14,26.646,0.3048,6.218,58.431,74.027,6.306,1
2025-02-26,R14,27.906,0.3203,10.942,60.286,70.024,5.807,0
2025-02-27,R14,24.943,0.2903,2.99,63.783,49.223,9.431,1
2025-02-28,R14,26.344,0.3669,2.532,62.698,42.448,7.429,1
2025-03-01,R14,25.154,0.3698,7.081,64.322,63.697,6.675,0
2025-03-02,R14,28.774,0.3383,7.202,61.687,61.276,9.439,1
2025-03-03,R14,29.076,0.2964,35.679,64.809,85.086,7.437,1
2025-03-04,R14,29.477,0.2482,29.364,65.992,76.675,8.084,0
2025-03-05,R14,29.404,0.3543,0.619,53.583,5,12.135,1
2025-03-06,R14,26.606,0.29,1.189,57.772,61.198,6.776,1
2025-03-07,R14,26.967,0.2718,14.556,65.021,31.533,9.878,1
2025-03-08,R14,26.729,0.1805,1.605,59.702,44.006,9.199,1
2025-03-09,R14,29.32,0.2535,18.162,63.872,62.096,8.528,1
2025-03-10,R14,28.338,0.2534,1.293,56.435,16.167,9.231,1
2025-03-11,R14,27.228,0.3487,3.316,59.798,55.45,8.989,1
2025-03-12,R14,27.623,0.2944,7.153,62.12,32.474,8.462,1
2025-03-13,R14,28.225,0.3467,19.201,62.517,61.127,7.511,1
2025-03-14,R14,25.805,0.3171,11.243,63.823,54.09,8.547,1
2025-03-15,R14,30.111,0.2424,1.012,53.703,62.611,8.842,1
2025-03-16,R14,26.492,0.2538,6.899,53.084,51.854,7.622,1
2025-03-17,R14,26.725,0.2749,12.828,64.345,55.72,7.519,1
2025-03-18,R14,28.68,0.2525,1.842,56.343,27.238,9.292,1
2025-03-19,R14,26.287,0.3059,11.366,60.59,62.052,7.833,1
2025-03-20,R14,25.0,0.2749,3.445,63.47,19.96,9.656,1
2025-03-21,R14,25.455,0.2297,13.097,67.458,44.629,7.029,1
2025-03-22,R14,30.153,0.3611,23.594,66.161,98.103,6.804,0
2025-03-23,R14,28.326,0.3195,4.454,61.38,17.789,10.331,1
2025-03-24,R14,25.892,0.3107,3.997,60.645,47.33,9.001,1
2025-03-25,R14,28.575,0.1766,11.273,59.528,80.607,6.794,1
2025-03-26,R14,25.228,0.1724,3.966,62.237,45.581,8.542,1
2025-03-27,R14,29.779,0.3511,4.366,56.759,69.88,10.069,1
2025-03-28,R14,27.901,0.2837,10.905,61.009,57.936,9.285,1
2025-03-29,R14,28.983,0.283,7.243,57.301,32.273,9.886,1
2025-03-30,R14,26.212,0.3849,8.909,63.182,48.821,8.837,1
2025-03-31,R14,27.109,0.3988,26.189,70.896,70.415,6.976,0
2025-04-01,R14,26.983,0.2024,19.358,69.115,58.369,7.45,0
2025-04-02,R14,28.527,0.3408,3.332,58.186,56.42,7.759,1
2025-04-03,R14,28.999,0.3115,17.378,62.257,69.758,8.287,1
2025-04-04,R14,28.496,0.351,6.221,57.818,30.803,10.447,1
2025-04-05,R14,25.61,0.2567,14.297,65.876,42.454,7.334,1
2025-04-06,R14,24.753,0.276,2.899,57.324,19.868,8.975,1
2025-04-07,R14,28.978,0.282,13.145,60.841,35.925,9.319,1
2025-04-08,R14,26.579,0.3508,3.04,62.464,84.713,6.52,1
2025-04-09,R14,29.348,0.1872,3.672,56.993,34.962,9.002,1
2025-04-10,R14,24.894,0.3131,2.746,56.225,49.174,8.718,1
2025-04-11,R14,26.991,0.2736,6.978,60.497,31.156,8.771,1
2025-04-12,R14,27.559,0.2353,7.428,60.311,14.728,10.329,1
2025-04-13,R14,25.769,0.3659,10.903,61.313,56.102,9.126,1
2025-04-14,R14,27.693,0.2382,10.58,61.962,25.587,9.116,1
2025-04-15,R14,27.219,0.4032,10.327,64.26,61.647,8.244,1
2025-04-16,R14,26.566,0.3009,6.206,59.194,47.48,7.915,1
2025-04-17,R14,25.872,0.3212,3.548,60.343,27.621,9.801,1
2025-04-18,R14,27.659,0.2919,78.18,81.613,100,4.369,0
2025-04-19,R14,24.579,0.3676,40.82,78.834,93.256,5.227,0
2025-04-20,R14,25.711,0.462,6.996,62.037,53.021,6.688,0
2025-04-21,R14,29.068,0.2573,6.326,58.193,51.19,8.854,1
2025-04-22,R14,28.954,0.2872,10.719,54.698,34.533,9.312,1
2025-04-23,R14,26.841,0.3548,19.63,63.333,56.829,8.477,1
2025-04-24,R14,29.035,0.2576,12.482,59.188,69.54,7.98,1
2025-04-25,R14,29.252,0.2194,15.207,63.532,63.083,9.348,1
2025-04-26,R14,24.408,0.2374,2.679,58.608,58.951,8.089,1
2025-04-27,R14,25.855,0.2544,8.675,61.349,51.883,9.29,1
2025-04-28,R14,26.503,0.3436,8.364,56.389,62.392,7.326,1
2025-04-29,R14,27.596,0.2638,11.228,57.826,72.376,8.167,1
2025-04-30,R14,27.047,0.2728,2.169,58.651,18.347,9.722,1
2025-05-01,R14,27.754,0.2945,3.059,57.465,23.38,9.508,1
2025-05-02,R14,26.33,0.1685,4.445,56.687,56.486,7.469,1
2025-05-03,R14,29.555,0.3216,4.034,59.566,52.071,9.353,1
2025-05-04,R14,24.333,0.3244,12.657,67.103,40.474,8.716,0
2025-05-05,R14,27.667,0.3286,16.561,63.597,53.014,10.295,1
2025-05-06,R14,26.31,0.2761,3.248,56.678,29.359,9.282,1
2025-05-07,R14,24.633,0.3731,3.351,60.672,46.07,7.062,1
2025-05-08,R14,25.527,0.2885,6.506,55.339,47.377,7.541,1
2025-05-09,R14,28.3,0.3213,2.211,57.624,48.689,9.353,1
2025-05-10,R14,25.585,0.4236,2.182,59.84,51.172,7.711,1
2025-05-11,R14,26.969,0.2912,7.976,64.557,36.718,8.505,1
2025-05-12,R14,24.467,0.2576,30.147,68.992,64.949,8.317,0
2025-05-13,R14,28.345,0.2369,6.596,58.166,40.262,9.184,1
2025-05-14,R14,28.352,0.2268,1.674,53.003,40.364,9.284,1
2025-05-15,R14,25.199,0.2432,22.55,68.236,58.045,7.705,0
2025-05-16,R14,27.209,0.4369,4.886,60.729,23.552,8.019,1
2025-05-17,R14,24.065,0.4212,18.175,62.948,46.421,8.821,1
2025-05-18,R14,23.728,0.3377,27.157,64.986,58.148,7.724,0
2025-05-19,R14,26.706,0.2887,4.95,60.145,32.287,10.663,1
2025-05-20,R14,26.065,0.3509,8.924,65.154,69.776,7.107,0
2025-05-21,R14,24.416,0.2324,4.205,64.263,36.842,8.857,1
2025-05-22,R14,26.299,0.2385,4.115,59.64,55.089,8.655,1
2025-05-23,R14,26.286,0.2851,21.771,67.955,43.711,9.57,1
2025-05-24,R14,25.709,0.297,7.063,59.908,54.951,7.264,1
2025-05-25,R14,29.327,0.3263,9.446,55.248,72.574,9.067,1
2025-05-26,R14,24.686,0.2535,7.239,62.9,39.018,7.925,1
2025-05-27,R14,23.29,0.3034,8.234,60.92,68.194,7.715,1
2025-05-28,R14,25.51,0.4167,4.683,65.436,49.172,7.99,1
2025-05-29,R14,26.672,0.2614,3.523,59.755,14.907,9.249,1
2025-05-30,R14,26.674,0.2651,8.5,63.123,30.214,9.379,1
2025-05-31,R14,25.997,0.4232,4.039,60.914,25.634,8.992,1
2025-06-01,R14,28.038,0.3574,2.586,54.27,36.75,8.796,1
2025-06-02,R14,27.372,0.2763,5.829,55.671,46.72,9.449,1
2025-06-03,R14,28.074,0.2249,4.466,61.793,59.937,8.605,1
2025-06-04,R14,27.317,0.3566,10.676,61.512,53.698,8.043,1
2025-06-05,R14,23.08,0.2795,15.594,67.903,69.463,6.939,0
2025-06-06,R14,23.753,0.318,10.344,66.933,58.89,6.682,0
2025-06-07,R14,23.21,0.4428,6.85,60.346,47.016,6.621,1
2025-06-08,R14,27.215,0.3063,6.966,63.771,51.645,9.326,1
2025-06-09,R14,27.618,0.2836,9.371,55.802,77.948,6.755,1
2025-06-10,R14,26.155,0.3147,9.485,58.214,68.604,7.795,1
2025-06-11,R14,29.165,0.1137,29.74,70.596,81.6,7.344,0
2025-06-12,R14,24.697,0.3427,15.822,67.748,65.671,6.504,0
2025-06-13,R14,25.229,0.3058,11.166,62.214,71.956,6.26,1
2025-06-14,R14,23.23,0.3125,2.804,58.01,35.364,8.83,1
2025-06-15,R14,23.379,0.4502,10.721,57.213,28.202,7.755,1
2025-06-16,R14,26.632,0.3265,4.364,59.243,51.08,7.715,1
2025-06-17,R14,22.906,0.3105,9.254,62.929,53.197,7.823,1
2025-06-18,R14,23.322,0.4288,13.929,62.179,71.739,7.064,0
2025-06-19,R14,24.054,0.3076,6.287,61.327,57.42,6.139,0
2025-06-20,R14,26.307,0.3416,10.045,65.418,99.723,5.303,0
2025-06-21,R14,24.672,0.3496,8.236,63.239,66.504,7.441,0
2025-06-22,R14,25.619,0.2844,6.48,58.626,38.232,10.007,1
2025-06-23,R14,22.125,0.3293,12.318,68.467,63.095,7.126,0
2025-06-24,R14,23.788,0.3095,12.58,61.598,36.832,8.628,1
2025-06-25,R14,23.691,0.3546,21.566,62.78,83.971,6.691,0
2025-06-26,R14,24.174,0.2972,17.315,66.495,46.683,7.285,0
2025-06-27,R14,21.894,0.3514,33.019,75.847,68.82,4.963,0
2025-06-28,R14,22.587,0.3487,6.302,61.38,48.649,6.482,1
2025-06-29,R14,21.648,0.4382,0.83,61.467,50.486,6.946,1
2025-06-30,R14,21.867,0.2392,3.82,70.766,28.601,8.003,1
2025-07-01,R14,22.844,0.415,10.822,64.619,54.755,9.091,1
2025-07-02,R14,20.016,0.4486,19.228,70.898,66.765,8.298,0
2025-07-03,R14,20.172,0.4276,2.484,61.07,40.477,7.685,0
2025-07-04,R14,21.436,0.4024,14.369,69.965,72.488,6.283,0
2025-07-05,R14,24.404,0.4998,7.594,62.689,53.081,7.907,0
2025-07-06,R14,20.626,0.3378,5.495,66.301,30.058,8.611,1
2025-07-07,R14,25.866,0.2998,0.658,56.251,52.301,7.555,1
2025-07-08,R14,23.043,0.3903,2.859,54.18,35.955,8.52,1
2025-07-09,R14,26.405,0.3356,6.709,58.097,61.473,7.155,1
2025-07-10,R14,24.08,0.2806,6.652,61.757,39.623,8.52,1
2025-07-11,R14,25.234,0.3457,6.213,61.265,72.2,7.217,1
2025-07-12,R14,21.709,0.2544,8.304,65.592,51.477,8.155,1
2025-07-13,R14,23.19,0.3659,6.936,64.018,30.304,9.906,1
2025-07-14,R14,24.251,0.3084,8.014,60.098,50.134,6.264,1
2025-07-15,R14,19.425,0.5876,6.179,62.332,32.47,6.962,0
2025-07-16,R14,21.769,0.4697,2.445,60.68,19.587,7.563,1
2025-07-17,R14,19.885,0.4318,6.117,65.574,51.008,8.001,1
2025-07-18,R14,21.636,0.3182,9.447,64.14,54.141,7.164,1
2025-07-19,R14,21.953,0.2619,38.779,76.249,55.884,7.252,0
2025-07-20,R14,23.106,0.3151,2.728,60.22,89.363,5.544,1
2025-07-21,R14,20.803,0.3188,18.711,66.444,78.181,6.332,0
2025-07-22,R14,18.302,0.5431,17.141,69.888,44.214,7.432,0
2025-07-23,R14,21.071,0.4362,5.676,62.393,52.262,7.689,0
2025-07-24,R14,21.822,0.3173,4.749,59.83,23.782,9.05,1
2025-07-25,R14,21.581,0.2475,4.428,65.894,63.389,6.286,0
2025-07-26,R14,23.707,0.4254,36.598,73.755,64.448,6.122,0
2025-07-27,R14,23.205,0.3475,2.79,63.211,40.283,6.41,1
2025-07-28,R14,17.422,0.402,10.224,68.755,39.901,6.785,0
2025-07-29,R14,18.212,0.4189,3.382,69.017,55.65,6.692,0
2025-07-30,R14,20.556,0.3685,1.239,63.884,43.168,7.258,1
2025-07-31,R14,23.692,0.2597,18.87,66.599,53.761,7.25,0
2025-08-01,R14,19.753,0.3769,21.845,73.081,71.139,5.658,0
2025-08-02,R14,23.083,0.3686,4.457,58.919,82.722,6.489,0
2025-08-03,R14,23.458,0.3406,8.575,58.532,95.516,5.732,1
2025-08-04,R14,23.812,0.3553,3.108,58.757,21.325,9.981,1
2025-08-05,R14,21.68,0.3581,18.337,62.749,48.875,7.923,0
2025-08-06,R14,22.354,0.3522,2.1,60.526,11.799,9.231,1
2025-08-07,R14,20.281,0.3659,23.312,64.946,54.256,6.481,0
2025-08-08,R14,20.876,0.4141,5.817,64.014,42.571,7.64,1
2025-08-09,R14,20.387,0.4067,4.006,64.187,51.483,8.735,1
2025-08-10,R14,22.227,0.4314,9.692,62.075,85.204,5.954,0
2025-08-11,R14,20.083,0.3753,21.548,67.92,85.369,4.631,0
2025-08-12,R14,18.342,0.3853,12.885,69.418,49.651,7.044,0
2025-08-13,R14,20.863,0.2579,8.934,69.34,72.857,6.128,0
2025-08-14,R14,20.288,0.438,15.922,67.697,72.669,5.443,0
2025-08-15,R14,21.341,0.3269,3.801,64.806,43.457,7.429,0
2025-08-16,R14,21.835,0.4883,5.329,65.768,37.594,6.289,0
2025-08-17,R14,18.653,0.3808,5.878,63.568,59.604,6.17,0
2025-08-18,R14,21.381,0.3498,3.477,60.411,53.615,6.942,1
2025-08-19,R14,17.525,0.3183,2.513,67.328,72.618,5.861,0
2025-08-20,R14,19.63,0.3431,15.75,69.762,64.027,5.632,0
2025-08-21,R14,18.803,0.432,19.918,69.579,74.805,4.729,0
2025-08-22,R14,19.66,0.4427,3.581,64.771,32.751,7.451,1
2025-08-23,R14,22.058,0.3696,2.348,61.166,29.73,8.052,1
2025-08-24,R14,18.414,0.3049,3.012,64.562,62.293,6.081,0
2025-08-25,R14,15.575,0.4622,11.838,67.476,89.759,5.735,0
2025-08-26,R14,18.644,0.4632,15.942,65.557,52.221,6.636,0
2025-08-27,R14,20.238,0.3518,10.639,68.974,69.119,5.809,0
2025-08-28,R14,18.336,0.4474,12.145,66.201,24.511,8.163,0
2025-08-29,R14,19.599,0.3805,3.33,66.559,48.146,6.677,0
2025-08-30,R14,20.902,0.2819,9.071,64.199,54.707,7.258,0
2025-08-31,R14,16.228,0.4225,6.622,64.983,49.545,5.82,0
2025-09-01,R14,18.945,0.4074,19.005,72.352,45.419,7.035,0
2025-09-02,R14,18.706,0.3714,5.269,69.57,74.742,6.368,0
2025-09-03,R14,18.23,0.3618,1.27,64.302,40.321,7.34,1
2025-09-04,R14,18.831,0.3696,8.013,63.373,52.168,6.76,0
2025-09-05,R14,18.146,0.4106,10.893,66.98,84.029,3.989,0
2025-09-06,R14,16.593,0.4054,4.356,67.685,55.124,5.687,0
2025-09-07,R14,20.751,0.3189,2.91,58.856,17.783,6.569,1
2025-09-08,R14,18.708,0.3837,7.93,66.508,33.495,8.732,1
2025-09-09,R14,18.487,0.3837,2.366,66.556,63.064,7.091,0
2025-09-10,R14,16.663,0.4399,11.59,69.897,42.116,7.226,0
2025-09-11,R14,22.449,0.433,7.086,60.125,43.456,8.498,1
2025-09-12,R14,20.102,0.3955,10.337,69.437,48.143,8.003,1
2025-09-13,R14,20.432,0.3485,4.331,60.467,46.147,8.653,1
2025-09-14,R14,18.896,0.3256,16.173,69.697,42.838,7.887,0
2025-09-15,R14,19.224,0.399,12.903,67.238,57.176,7.017,0
2025-09-16,R14,20.677,0.3714,13.841,61.389,52.167,7.524,0
2025-09-17,R14,16.938,0.3126,3.539,64.95,20.666,7.1,0
2025-09-18,R14,17.885,0.5097,4.513,65.788,57.388,7.081,0
2025-09-19,R14,18.445,0.3832,7.168,65.922,66.806,5.381,0
2025-09-20,R14,17.09,0.4839,18.974,68.559,59.45,6.99,0
2025-09-21,R14,18.806,0.3104,16.031,66.945,87.978,4.802,0
2025-09-22,R14,17.346,0.3609,1.695,63.924,34.586,6.855,1
2025-09-23,R14,20.061,0.3644,2.084,59.976,68.216,5.928,1
2025-09-24,R14,22.248,0.4123,2.887,63.711,29.552,8.229,1
2025-09-25,R14,21.272,0.3509,5.226,69.13,26.22,9.341,1
2025-09-26,R14,19.63,0.4497,7.842,66.015,32.07,7.638,0
2025-09-27,R14,17.163,0.4382,5.595,63.593,34.702,7.966,0
2025-09-28,R14,17.372,0.3911,13.796,67.951,37.911,7.291,0
2025-09-29,R14,17.806,0.3365,10.047,62.441,49.524,6.995,0
2025-09-30,R14,15.682,0.3935,11.374,63.182,68.81,4.126,0
2025-10-01,R14,21.401,0.3594,2.309,59.679,20.991,7.376,1
2025-10-02,R14,17.032,0.421,5.941,61.968,64.618,4.997,0
2025-10-03,R14,15.095,0.3792,1.798,65.641,31.615,5.71,0
2025-10-04,R14,19.212,0.3489,4.451,58.889,38.141,7.427,1
2025-10-05,R14,16.946,0.376,17.536,70.016,50.072,6.586,0
2025-10-06,R14,20.823,0.34,11.626,65.234,69.931,6.26,0
2025-10-07,R14,19.856,0.3438,1.338,64.135,100,4.426,0
2025-10-08,R14,19.791,0.3466,12.043,64.096,82.981,5.292,0
2025-10-09,R14,16.776,0.3548,1.731,67.049,37.696,6.537,0
2025-10-10,R14,18.671,0.4097,12.405,64.148,76.48,5.069,0
2025-10-11,R14,19.957,0.4022,6.635,65.754,53.511,7.535,1
2025-10-12,R14,20.425,0.4648,17.798,67.798,74.703,5.57,0
2025-10-13,R14,19.134,0.4364,14.494,69.18,97.712,4.375,0
2025-10-14,R14,19.373,0.3332,5.978,68.084,49.045,6.355,0
2025-10-15,R14,15.661,0.384,1.275,61.805,35.743,8.443,1
2025-10-16,R14,17.37,0.384,3.314,66.66,44.719,7.359,0
2025-10-17,R14,19.353,0.3795,14.965,63.303,50.788,5.548,0
2025-10-18,R14,19.288,0.3764,19.195,68.645,51.131,8.067,0
2025-10-19,R14,17.467,0.3682,6.189,67.574,67.279,5.849,0
2025-10-20,R14,17.809,0.41,1.641,63.686,57.263,6.187,0
2025-10-21,R14,21.57,0.2899,4.228,62.633,53.595,7.809,1
2025-10-22,R14,19.781,0.3194,13.595,64.752,83.966,5.553,0
2025-10-23,R14,20.428,0.414,5.983,63.104,38.665,8.549,0
2025-10-24,R14,19.89,0.4498,16.105,68.722,45.578,7.682,0
2025-10-25,R14,18.739,0.3724,7.368,69.407,69.987,4.266,0
2025-10-26,R14,19.048,0.4096,3.547,65.391,28.217,7.652,0
2025-10-27,R14,17.857,0.391,2.305,65.997,5,7.995,0
2025-10-28,R14,17.616,0.3096,3.238,67.494,47.762,7.104,0
2025-10-29,R14,21.657,0.3494,2.332,61.748,19.204,9.102,1
2025-10-30,R14,18.887,0.3248,1.421,63.693,22.232,6.762,0
2025-10-31,R14,19.187,0.4136,23.66,69.982,49.383,6.502,0
2025-11-01,R14,17.752,0.3719,12.875,69.73,56.324,5.681,0
2025-11-02,R14,20.43,0.4393,3.54,66.065,23.894,6.837,0
2025-11-03,R14,15.662,0.4497,30.831,75.743,100,4.091,0
2025-11-04,R14,22.239,0.246,11.8,66.398,43.624,7.403,0
2025-11-05,R14,20.817,0.4215,0.637,61.82,54.087,7.296,0
2025-11-06,R14,18.404,0.4071,5.327,65.679,48.202,5.908,0
2025-11-07,R14,18.531,0.4356,4.404,67.244,37.736,6.322,0
2025-11-08,R14,21.454,0.3541,3.253,58.89,69.12,6.679,1
2025-11-09,R14,17.464,0.3742,3.407,61.474,16.562,6.752,0
2025-11-10,R14,20.44,0.4165,6.586,65.791,42.696,8.277,1
2025-11-11,R14,17.79,0.3739,8.043,65.364,54.856,5.641,0
2025-11-12,R14,22.224,0.4069,3.846,62.675,21.212,8.757,1
2025-11-13,R14,20.68,0.3698,10.152,69.034,81.79,4.949,0
2025-11-14,R14,18.811,0.4099,3.0,61.575,48.545,6.275,0
2025-11-15,R14,21.468,0.3426,7.541,65.926,91.578,5.12,0
2025-11-16,R14,20.034,0.327,1.631,58.546,32.735,7.899,1
2025-11-17,R14,18.802,0.415,7.549,61.216,33.892,7.67,1
2025-11-18,R14,20.162,0.4085,3.026,62.728,26.649,7.41,0
2025-11-19,R14,22.761,0.3706,5.908,61.91,57.622,6.109,0
2025-11-20,R14,16.945,0.338,4.909,58.104,42.886,5.894,1
2025-11-21,R14,19.576,0.4183,11.298,67.793,72.44,5.399,0
2025-11-22,R14,20.265,0.3095,5.914,58.971,27.757,7.41,1
2025-11-23,R14,20.464,0.3658,1.719,62.975,44.886,6.019,1
2025-11-24,R14,21.294,0.3125,4.902,62.402,44.17,6.286,0
2025-11-25,R14,21.282,0.445,3.581,57.78,81.475,7.217,0
2025-11-26,R14,20.921,0.4752,4.299,62.903,31.945,8.339,0
2025-11-27,R14,21.63,0.2099,8.39,61.721,43.702,7.102,1
2025-11-28,R14,21.671,0.2507,6.274,65.26,54.004,7.671,1
2025-11-29,R14,19.746,0.3278,1.368,63.981,37.776,7.78,1
2025-11-30,R14,18.615,0.3689,6.331,66.423,40.262,7.457,1
2025-12-01,R14,22.283,0.294,2.158,60.4,28.922,6.28,0
2025-12-02,R14,19.857,0.3169,9.271,67.244,64.39,8.108,0
2025-12-03,R14,24.105,0.3153,4.389,62.794,54.312,8.052,1
2025-12-04,R14,21.862,0.4225,16.21,66.661,78.132,5.216,0
2025-12-05,R14,19.288,0.254,5.113,65.221,55.712,6.915,0
2025-12-06,R14,19.978,0.3758,16.027,69.736,72.674,5.222,0
2025-12-07,R14,22.029,0.2913,14.942,64.894,74.737,4.797,0
2025-12-08,R14,20.493,0.3373,2.924,59.763,79.594,5.124,0
2025-12-09,R14,21.625,0.4143,10.61,72.29,41.959,7.404,0
2025-12-10,R14,22.284,0.2835,13.898,65.713,56.776,7.244,1
2025-12-11,R14,20.755,0.4629,11.371,66.583,50.445,7.748,0
2025-12-12,R14,24.093,0.3746,10.958,62.6,39.242,8.147,1
2025-12-13,R14,20.864,0.2835,8.133,68.859,46.087,6.764,0
2025-12-14,R14,22.227,0.3931,1.158,57.897,40.214,8.715,1
2025-12-15,R14,20.157,0.396,9.567,65.514,32.237,8.316,1
2025-12-16,R14,22.731,0.3509,2.881,62.317,60.901,5.074,0
2025-12-17,R14,21.882,0.4022,18.791,71.807,71.236,6.309,0
2025-12-18,R14,20.781,0.2719,3.249,64.648,36.011,7.386,0
2025-12-19,R14,23.796,0.3126,0.555,54.324,37.528,9.486,1
2025-12-20,R14,22.634,0.3187,6.534,60.665,71.639,5.972,0
2025-12-21,R14,24.917,0.2136,1.407,61.045,44.487,8.565,1
2025-12-22,R14,24.817,0.407,32.716,67.86,64.764,6.511,0
2025-12-23,R14,24.842,0.4011,0.867,60.565,5,10.758,1
2025-12-24,R14,25.052,0.3725,18.024,66.754,70.19,7.104,0
2025-12-25,R14,24.19,0.2141,12.482,62.41,42.138,7.264,1
2025-12-26,R14,23.563,0.2516,1.956,60.997,32.468,8.913,1
2025-12-27,R14,21.257,0.2484,24.767,69.76,69.366,6.785,0
2025-12-28,R14,22.158,0.3522,2.474,62.313,41.013,7.659,1
2025-12-29,R14,21.803,0.4378,12.619,65.326,26.486,8.154,1
2025-12-30,R14,24.61,0.3618,5.234,64.746,62.058,7.987,1
2025-12-31,R14,23.049,0.3022,3.048,59.935,41.483,8.691,1
2025-01-01,R15,19.424,0.8174,6.943,34.736,49.995,7.216,1
2025-01-02,R15,22.431,0.7121,3.909,32.305,59.916,7.393,1
2025-01-03,R15,22.3,0.8527,3.044,37.267,47.046,7.696,1
2025-01-04,R15,22.515,0.7253,6.51,31.626,28.029,9.162,1
2025-01-05,R15,22.621,0.6612,29.445,39.769,81.859,5.896,0
2025-01-06,R15,22.815,0.7434,5.442,39.991,54.528,7.619,1
2025-01-07,R15,21.021,0.8345,16.102,40.988,47.368,6.47,1
2025-01-08,R15,23.118,0.8211,10.26,36.505,62.361,7.784,1
2025-01-09,R15,22.848,0.8584,2.789,30.582,26.89,7.791,1
2025-01-10,R15,25.05,0.7251,6.57,30.308,66.571,8.063,1
2025-01-11,R15,17.984,0.7714,8.776,32.958,57.604,6.434,1
2025-01-12,R15,25.616,0.7379,1.714,31.426,24.209,8.676,1
2025-01-13,R15,24.475,0.7661,23.679,42.304,74.128,6.659,1
2025-01-14,R15,22.084,0.6481,2.899,36.952,30.743,7.958,1
2025-01-15,R15,23.74,0.681,2.928,34.504,24.442,9.034,1
2025-01-16,R15,19.742,0.7699,3.791,38.033,31.998,7.814,1
2025-01-17,R15,21.944,0.7945,5.688,36.655,44.661,7.496,1
2025-01-18,R15,23.593,0.9079,1.365,30.458,54.947,8.311,1
2025-01-19,R15,22.954,0.7828,4.737,33.61,45.012,6.703,1
2025-01-20,R15,21.913,0.8259,0.282,31.082,7.094,8.759,1
2025-01-21,R15,24.247,0.7347,1.193,28.362,19.48,9.176,1
2025-01-22,R15,22.867,0.8466,20.561,38.723,62.427,8.448,1
2025-01-23,R15,24.746,0.7899,9.077,35.658,51.521,8.231,1
2025-01-24,R15,24.001,0.6684,0.455,31.687,13.72,9.42,1
2025-01-25,R15,24.704,0.6328,11.082,32.682,49.432,7.245,1
2025-01-26,R15,22.477,0.7019,1.812,33.403,62.363,7.756,1
2025-01-27,R15,25.272,0.8062,2.458,34.516,54.021,5.822,1
2025-01-28,R15,23.624,0.8249,3.3,38.149,38.753,7.623,1
2025-01-29,R15,24.849,0.6825,2.286,34.116,39.511,8.672,1
2025-01-30,R15,22.718,0.6566,4.005,32.047,61.95,6.638,1
2025-01-31,R15,23.022,0.7994,24.802,45.502,66.18,6.766,1
2025-02-01,R15,19.864,0.7869,19.392,36.991,52.607,6.571,1
2025-02-02,R15,23.484,0.7578,13.133,37.602,75.285,5.587,0
2025-02-03,R15,27.616,0.6601,8.938,28.053,73.955,6.622,1
2025-02-04,R15,25.641,0.6752,9.543,34.179,27.918,9.149,1
2025-02-05,R15,24.837,0.8357,5.479,31.151,50.155,6.619,1
2025-02-06,R15,24.891,0.768,23.452,36.112,65.787,7.861,1
2025-02-07,R15,25.246,0.6895,2.124,34.126,40.051,9.208,1
2025-02-08,R15,25.431,0.6376,13.783,33.314,68.418,7.855,1
2025-02-09,R15,26.857,0.8301,3.874,27.41,49.221,7.78,1
2025-02-10,R15,26.899,0.6895,35.907,45.257,60.687,7.756,1
2025-02-11,R15,23.411,0.7407,8.156,39.763,76.478,5.089,1
2025-02-12,R15,25.417,0.7143,7.267,32.373,97.774,6.356,1
2025-02-13,R15,24.959,0.6489,4.887,32.671,27.332,8.664,1
2025-02-14,R15,24.613,0.6872,0.813,28.621,43.034,6.616,1
2025-02-15,R15,23.028,0.6565,10.052,37.182,45.472,6.771,1
2025-02-16,R15,25.869,0.7647,2.257,29.561,25.545,8.06,1
2025-02-17,R15,25.369,0.7025,10.955,35.491,47.299,7.978,1
2025-02-18,R15,26.364,0.7403,10.517,31.282,41.577,7.952,1
2025-02-19,R15,22.413,0.734,11.688,37.462,44.013,9.368,1
2025-02-20,R15,23.231,0.7571,8.938,35.327,34.631,7.748,1
2025-02-21,R15,25.332,0.6136,12.835,32.98,72.262,6.73,1
2025-02-22,R15,22.12,0.7205,13.503,44.153,71.696,5.398,0
2025-02-23,R15,23.747,0.7301,7.581,30.828,36.33,10.437,1
2025-02-24,R15,26.14,0.7949,4.258,35.256,12.597,9.271,1
2025-02-25,R15,29.225,0.6354,1.821,30.193,18.719,10.564,1
2025-02-26,R15,23.839,0.6513,4.611,31.363,27.549,8.618,1
2025-02-27,R15,22.039,0.7585,3.223,33.189,74.507,6.449,1
2025-02-28,R15,24.885,0.6739,11.433,30.99,47.113,8.245,1
2025-03-01,R15,21.915,0.6954,2.327,31.375,27.187,7.791,1
2025-03-02,R15,27.865,0.7043,1.112,24.775,49.853,7.401,1
2025-03-03,R15,27.366,0.8041,16.754,38.111,39.398,9.094,1
2025-03-04,R15,26.297,0.6545,3.151,32.473,40.578,11.282,1
2025-03-05,R15,26.969,0.7397,2.369,29.37,24.681,9.405,1
2025-03-06,R15,26.696,0.7343,2.639,34.778,19.515,8.648,1
2025-03-07,R15,24.119,0.6813,29.403,41.651,79.701,5.098,0
2025-03-08,R15,24.182,0.7844,59.096,53.954,55.753,7.099,0
2025-03-09,R15,23.898,0.6218,15.332,37.709,32.22,7.335,1
2025-03-10,R15,25.613,0.7131,6.304,30.983,46.867,7.913,1
2025-03-11,R15,27.083,0.7608,2.422,26.161,13.896,11.271,1
2025-03-12,R15,27.531,0.761,0.686,25.587,44.445,7.696,1
2025-03-13,R15,24.362,0.7275,2.645,34.404,62.039,8.947,1
2025-03-14,R15,23.071,0.7471,3.766,32.117,32.523,8.7,1
2025-03-15,R15,24.799,0.6276,8.808,35.78,71.768,6.624,1
2025-03-16,R15,26.443,0.7155,5.181,29.354,63.948,6.753,1
2025-03-17,R15,22.713,0.757,8.474,37.144,30.776,8.485,1
2025-03-18,R15,27.335,0.7938,6.101,28.801,77.383,7.484,1
2025-03-19,R15,25.327,0.6467,4.974,33.713,53.232,9.919,1
2025-03-20,R15,22.144,0.7028,2.666,29.11,32.378,9.277,1
2025-03-21,R15,27.108,0.6282,5.105,29.809,35.122,7.872,1
2025-03-22,R15,26.218,0.6839,2.973,24.489,53.005,7.218,1
2025-03-23,R15,22.415,0.7437,1.961,37.93,37.627,8.84,1
2025-03-24,R15,26.022,0.709,8.453,34.391,54.178,8.247,1
2025-03-25,R15,23.846,0.7809,15.984,35.958,63.849,8.033,1
2025-03-26,R15,24.827,0.7144,5.378,28.359,77.805,6.5,1
2025-03-27,R15,25.387,0.6538,16.649,38.524,83.882,6.279,1
2025-03-28,R15,27.808,0.748,5.176,31.586,43.525,10.194,1
2025-03-29,R15,26.812,0.7467,11.264,30.873,56.625,8.674,1
2025-03-30,R15,30.322,0.7066,21.96,32.835,46.356,9.64,1
2025-03-31,R15,25.656,0.7473,7.567,30.911,43.578,9.253,1
2025-04-01,R15,27.679,0.7901,4.532,31.463,41.879,8.341,1
2025-04-02,R15,24.809,0.7501,7.385,35.377,36.749,8.264,1
2025-04-03,R15,23.867,0.7495,4.55,38.332,16.879,10.218,1
2025-04-04,R15,27.083,0.6928,2.387,30.557,45.468,8.354,1
2025-04-05,R15,26.394,0.715,3.04,31.713,42.229,8.861,1
2025-04-06,R15,26.935,0.8426,6.802,35.157,41.127,9.346,1
2025-04-07,R15,24.566,0.6413,48.886,44.603,93.816,5.996,0
2025-04-08,R15,27.386,0.7349,9.92,37.277,86.187,8.487,1
2025-04-09,R15,24.179,0.7944,17.201,36.106,61.972,8.63,1
2025-04-10,R15,24.726,0.7106,2.669,32.059,54.929,8.687,1
2025-04-11,R15,28.704,0.6511,18.708,38.729,34.641,11.193,1
2025-04-12,R15,26.647,0.7701,16.459,37.401,44.136,7.815,1
2025-04-13,R15,24.509,0.7317,0.419,30.655,30.042,9.031,1
2025-04-14,R15,27.335,0.7802,9.715,33.692,40.301,8.503,1
2025-04-15,R15,26.14,0.7564,10.917,31.934,67.004,7.253,1
2025-04-16,R15,26.242,0.6338,6.007,32.746,46.012,8.401,1
2025-04-17,R15,22.96,0.8314,18.135,39.711,48.883,5.826,0
2025-04-18,R15,25.413,0.719,7.966,35.333,25.323,10.905,1
2025-04-19,R15,27.855,0.6806,9.369,32.424,73.254,7.211,1
2025-04-20,R15,26.439,0.8092,9.929,37.824,89.708,7.183,1
2025-04-21,R15,26.791,0.6973,2.658,28.983,33.969,8.434,1
2025-04-22,R15,24.73,0.6442,5.41,33.015,48.652,8.013,1
2025-04-23,R15,26.652,0.7797,6.886,29.863,47.779,7.795,1
2025-04-24,R15,26.194,0.7235,5.307,35.572,27.637,10.06,1
2025-04-25,R15,24.988,0.7781,16.804,36.418,60.994,6.549,1
2025-04-26,R15,25.608,0.7571,10.984,29.006,74.252,6.411,1
2025-04-27,R15,26.883,0.6244,14.427,33.867,72.527,6.66,1
2025-04-28,R15,26.535,0.8071,7.286,35.351,30.286,8.939,1
2025-04-29,R15,25.067,0.641,3.684,30.427,41.643,9.462,1
2025-04-30,R15,26.863,0.8467,2.233,30.022,63.061,7.506,1
2025-05-01,R15,28.903,0.6872,14.4,36.929,68.686,8.253,1
2025-05-02,R15,26.958,0.7585,12.368,31.118,79.283,7.416,1
2025-05-03,R15,26.098,0.7417,14.651,36.45,55.99,7.901,1
2025-05-04,R15,26.593,0.7397,2.424,30.603,66.041,7.827,1
2025-05-05,R15,26.229,0.7515,2.655,33.565,35.84,8.234,1
2025-05-06,R15,23.86,0.7348,4.598,31.547,67.825,6.474,1
2025-05-07,R15,25.028,0.7085,4.979,33.779,24.289,8.365,1
2025-05-08,R15,24.499,0.7898,6.619,33.563,38.646,8.368,1
2025-05-09,R15,24.221,0.7074,2.284,30.213,22.836,8.514,1
2025-05-10,R15,24.805,0.6813,5.272,29.305,59.574,6.902,1
2025-05-11,R15,26.229,0.6787,16.842,34.538,76.978,6.005,1
2025-05-12,R15,25.61,0.7183,2.545,36.198,43.698,9.321,1
2025-05-13,R15,28.118,0.7306,7.255,29.445,79.326,7.22,1
2025-05-14,R15,26.572,0.7209,1.685,30.524,11.412,10.871,1
2025-05-15,R15,25.536,0.7558,14.655,36.575,62.752,8.263,1
2025-05-16,R15,26.636,0.8309,14.567,37.364,91.978,5.139,1
2025-05-17,R15,22.557,0.7492,5.83,32.016,41.316,6.483,1
2025-05-18,R15,24.166,0.7826,4.073,34.383,58.836,8.39,1
2025-05-19,R15,22.422,0.8087,5.635,33.578,32.553,8.818,1
2025-05-20,R15,25.836,0.7181,14.925,36.457,70.545,7.842,1
2025-05-21,R15,24.984,0.6853,8.665,30.212,41.798,9.193,1
2025-05-22,R15,23.826,0.6641,20.058,40.72,75.873,6.732,1
2025-05-23,R15,21.647,0.8065,5.989,37.152,46.79,7.918,1
2025-05-24,R15,22.183,0.675,7.207,34.493,24.535,9.969,1
2025-05-25,R15,23.072,0.7331,4.161,32.929,53.523,5.849,1
2025-05-26,R15,22.576,0.6584,1.475,30.664,32.086,8.284,1
2025-05-27,R15,25.261,0.6644,15.968,37.777,56.466,8.47,1
2025-05-28,R15,26.138,0.649,8.073,33.422,38.425,8.417,1
2025-05-29,R15,24.612,0.7395,8.486,32.862,85.495,6.718,1
2025-05-30,R15,22.362,0.664,11.399,41.355,39.827,7.713,1
2025-05-31,R15,23.944,0.7639,5.405,38.47,65.654,5.348,0
2025-06-01,R15,20.611,0.7942,2.263,33.776,56.316,6.987,1
2025-06-02,R15,22.757,0.6541,18.777,36.488,55.331,8.786,1
2025-06-03,R15,22.84,0.7742,8.096,39.769,57.678,6.13,1
2025-06-04,R15,21.158,0.715,7.259,35.763,71.885,5.642,1
2025-06-05,R15,23.437,0.7826,13.823,38.826,67.593,6.086,1
2025-06-06,R15,25.089,0.6624,9.519,36.268,49.716,8.203,1
2025-06-07,R15,24.807,0.6775,23.151,37.096,60.768,7.746,1
2025-06-08,R15,26.268,0.7277,19.992,37.731,86.171,5.555,1
2025-06-09,R15,25.166,0.7657,7.531,34.81,46.906,8.294,1
2025-06-10,R15,23.221,0.734,8.551,38.039,35.851,9.004,1
2025-06-11,R15,22.743,0.874,3.076,28.852,43.88,7.728,1
2025-06-12,R15,19.475,0.7825,15.268,38.115,44.772,7.052,1
2025-06-13,R15,22.608,0.6763,1.526,33.647,30.259,8.776,1
2025-06-14,R15,23.432,0.6834,0.954,37.822,29.091,8.885,1
2025-06-15,R15,23.501,0.7784,5.149,38.584,52.094,7.477,1
2025-06-16,R15,19.073,0.7834,2.118,39.71,41.707,6.165,1
2025-06-17,R15,22.288,0.7216,14.257,39.083,45.939,7.051,1
2025-06-18,R15,27.032,0.6215,12.071,33.627,61.055,8.074,1
2025-06-19,R15,23.573,0.6348,1.453,28.569,51.484,7.782,1
2025-06-20,R15,24.053,0.7482,5.436,34.737,54.1,7.624,1
2025-06-21,R15,22.588,0.7484,10.545,37.972,53.727,7.969,1
2025-06-22,R15,22.297,0.8219,9.264,36.246,46.852,6.885,1
2025-06-23,R15,18.62,0.9149,16.707,35.736,67.977,5.732,0
2025-06-24,R15,23.875,0.7919,11.051,33.083,83.071,6.163,1
2025-06-25,R15,24.358,0.716,6.888,32.588,56.158,7.719,1
2025-06-26,R15,21.96,0.7399,5.924,35.432,100,5.525,1
2025-06-27,R15,23.236,0.7525,5.687,45.004,60.263,8.055,1
2025-06-28,R15,22.289,0.7357,9.492,38.869,83.079,5.103,1
2025-06-29,R15,24.362,0.6478,5.369,34.99,40.503,8.03,1
2025-06-30,R15,23.47,0.7539,13.621,34.988,37.587,9.497,1
2025-07-01,R15,21.263,0.831,7.061,37.941,53.178,7.018,1
2025-07-02,R15,22.436,0.72,4.847,36.953,49.358,8.52,1
2025-07-03,R15,22.86,0.7159,7.843,39.213,58.498,6.296,1
2025-07-04,R15,20.569,0.6784,16.511,36.659,66.569,7.836,1
2025-07-05,R15,22.514,0.8223,8.14,40.398,51.99,6.394,1
2025-07-06,R15,23.699,0.717,11.746,35.603,62.754,7.765,1
2025-07-07,R15,20.843,0.8442,8.343,37.756,58.823,5.775,1
2025-07-08,R15,21.139,0.6751,1.526,32.726,20.407,8.973,1
2025-07-09,R15,20.272,0.7457,4.315,30.565,43.142,8.35,1
2025-07-10,R15,20.153,0.8922,17.047,39.668,83.519,5.682,1
2025-07-11,R15,24.74,0.5915,0.399,30.984,53.151,7.381,1
2025-07-12,R15,18.214,0.7906,4.219,33.957,65.977,5.458,1
2025-07-13,R15,21.651,0.6898,4.383,39.617,54.687,7.185,1
2025-07-14,R15,19.275,0.7541,12.758,40.402,42.876,6.744,1
2025-07-15,R15,19.621,0.619,2.059,34.589,47.393,6.984,1
2025-07-16,R15,18.569,0.757,4.82,35.819,35.373,7.919,1
2025-07-17,R15,23.526,0.8446,5.094,38.392,58.546,6.493,1
2025-07-18,R15,19.968,0.7626,6.093,35.19,42.858,6.082,1
2025-07-19,R15,18.122,0.8944,12.202,38.214,45.319,8.132,1
2025-07-20,R15,18.869,0.8483,8.615,38.25,59.041,4.879,0
2025-07-21,R15,18.899,0.79,5.183,34.135,21.936,7.929,1
2025-07-22,R15,17.778,0.7685,10.36,39.635,36.517,7.696,1
2025-07-23,R15,18.933,0.7847,20.106,38.511,85.297,5.609,0
2025-07-24,R15,21.76,0.7293,9.277,34.118,52.535,8.282,1
2025-07-25,R15,20.615,0.8668,8.329,37.27,37.421,8.139,1
2025-07-26,R15,17.971,0.7491,13.549,38.228,57.353,6.881,1
2025-07-27,R15,18.538,0.7353,10.6,37.206,56.403,5.571,1
2025-07-28,R15,18.637,0.8591,3.73,39.664,57.566,6.528,1
2025-07-29,R15,22.243,0.7794,2.96,37.542,76.033,6.701,1
2025-07-30,R15,19.389,0.7889,17.734,41.656,68.325,5.653,1
2025-07-31,R15,19.936,0.7084,22.091,39.215,34.159,7.956,1
2025-08-01,R15,18.79,0.7901,23.565,45.034,78.742,6.121,0
2025-08-02,R15,18.418,0.7169,8.311,44.451,40.441,9.062,1
2025-08-03,R15,19.602,0.7888,38.956,41.205,62.157,5.246,0
2025-08-04,R15,15.974,0.8171,17.365,46.184,69.328,5.565,0
2025-08-05,R15,18.869,0.7638,6.893,38.385,44.773,6.923,1
2025-08-06,R15,17.397,0.9309,8.828,43.035,34.992,6.34,1
2025-08-07,R15,22.253,0.8308,6.544,33.011,46.498,7.688,1
2025-08-08,R15,17.582,0.852,2.655,33.27,30.533,7.141,1
2025-08-09,R15,17.652,0.744,14.199,40.196,28.367,7.605,1
2025-08-10,R15,18.723,0.8395,7.631,33.538,47.045,6.278,1
2025-08-11,R15,22.169,0.7728,13.521,39.496,55.419,7.114,1
2025-08-12,R15,20.344,0.8042,9.296,31.69,67.093,5.393,1
2025-08-13,R15,19.656,0.7875,8.358,38.053,65.826,6.624,1
2025-08-14,R15,20.602,0.7255,18.589,38.194,81.225,4.276,0
2025-08-15,R15,17.715,0.7787,6.247,35.272,39.037,7.827,1
2025-08-16,R15,16.044,0.8252,3.127,42.907,11.885,8.297,1
2025-08-17,R15,17.723,0.8666,4.287,38.322,62.773,6.852,1
2025-08-18,R15,18.921,0.757,15.287,42.898,57.535,5.312,0
2025-08-19,R15,16.021,0.8002,15.401,44.639,48.994,6.084,0
2025-08-20,R15,15.379,0.7238,2.384,34.528,38.766,6.781,1
2025-08-21,R15,18.514,0.785,9.956,35.239,69.665,6.226,1
2025-08-22,R15,17.605,0.8319,3.25,37.912,12.01,7.885,1
2025-08-23,R15,20.15,0.7759,9.792,35.059,71.345,5.642,0
2025-08-24,R15,19.718,0.7851,1.678,32.946,13.215,9.009,1
2025-08-25,R15,17.264,0.8635,4.626,37.46,41.943,6.736,1
2025-08-26,R15,16.786,0.7874,6.988,44.53,59.053,6.431,1
2025-08-27,R15,18.78,0.831,7.197,38.481,66.569,5.318,1
2025-08-28,R15,19.335,0.86,15.962,39.374,45.627,8.033,1
2025-08-29,R15,15.32,0.95,7.416,35.285,71.597,3.549,0
2025-08-30,R15,18.01,0.8765,2.386,30.009,35.79,6.99,1
2025-08-31,R15,17.569,0.806,16.056,37.922,76.972,5.571,1
2025-09-01,R15,16.351,0.8245,13.211,41.292,80.561,3.332,0
2025-09-02,R15,18.148,0.8795,1.363,35.671,31.147,5.949,0
2025-09-03,R15,19.284,0.8273,15.939,38.032,43.182,5.048,0
2025-09-04,R15,18.012,0.7875,4.381,33.856,43.402,6.471,1
2025-09-05,R15,17.733,0.8343,9.062,36.715,77.607,4.122,0
2025-09-06,R15,18.449,0.9385,9.832,37.36,64.636,4.042,0
2025-09-07,R15,17.411,0.8218,4.171,35.38,44.227,5.909,1
2025-09-08,R15,17.368,0.8359,18.653,47.313,62.972,5.841,0
2025-09-09,R15,16.719,0.7848,0.962,32.488,65.984,4.078,1
2025-09-10,R15,17.369,0.8379,4.35,43.635,51.012,6.861,1
2025-09-11,R15,18.683,0.8937,8.245,38.389,50.369,5.787,0
2025-09-12,R15,18.25,0.8437,13.639,40.439,64.916,5.156,0
2025-09-13,R15,16.371,0.7876,14.7,40.836,81.164,5.809,0
2025-09-14,R15,15.57,0.7432,4.715,42.966,58.585,5.619,0
2025-09-15,R15,16.995,0.8855,3.338,33.085,36.064,7.743,1
2025-09-16,R15,16.56,0.8746,5.574,38.046,43.229,7.051,1
2025-09-17,R15,17.547,0.8247,9.456,34.829,50.722,5.711,0
2025-09-18,R15,16.458,0.8679,12.262,38.943,60.485,5.708,0
2025-09-19,R15,15.175,0.7567,14.804,40.212,84.464,4.897,0
2025-09-20,R15,14.43,0.8015,2.819,39.215,35.592,7.457,1
2025-09-21,R15,15.283,0.8227,1.009,35.523,59.048,5.042,1
2025-09-22,R15,18.696,0.696,2.099,32.97,42.862,5.721,1
2025-09-23,R15,17.742,0.7147,7.628,40.249,45.508,7.339,1
2025-09-24,R15,17.949,0.7821,2.049,32.751,24.476,8.78,1
2025-09-25,R15,17.006,0.7991,13.407,39.422,72.557,5.337,0
2025-09-26,R15,16.908,0.7753,7.044,32.3,64.579,3.672,0
2025-09-27,R15,17.801,0.7853,7.419,40.667,71.458,4.93,0
2025-09-28,R15,17.085,0.7905,6.941,39.28,41.393,6.886,1
2025-09-29,R15,18.504,0.9332,14.457,42.921,57.338,5.932,0
2025-09-30,R15,15.137,0.9333,11.444,41.286,57.896,4.666,0
2025-10-01,R15,15.617,0.9135,3.131,40.722,27.974,8.5,1
2025-10-02,R15,19.41,0.7409,8.666,39.394,73.02,6.397,1
2025-10-03,R15,17.36,0.8057,5.415,34.891,60.265,7.197,1
2025-10-04,R15,20.071,0.8373,6.057,32.741,56.084,7.073,1
2025-10-05,R15,14.306,0.8668,9.769,34.636,49.04,6.977,1
2025-10-06,R15,16.903,0.8834,5.859,37.878,56.265,6.203,0
2025-10-07,R15,16.086,0.7328,3.559,39.356,23.324,7.636,1
2025-10-08,R15,14.799,0.8085,9.192,41.323,62.978,5.183,0
2025-10-09,R15,15.552,0.8078,8.098,37.951,30.245,6.453,1
2025-10-10,R15,17.181,0.7239,2.492,40.931,32.35,5.484,1
2025-10-11,R15,17.965,0.7992,3.362,31.378,51.479,5.906,1
2025-10-12,R15,17.447,0.7308,14.859,42.466,57.477,5.067,0
2025-10-13,R15,20.815,0.7933,15.434,38.737,69.705,6.593,1
2025-10-14,R15,17.057,0.8972,1.024,40.244,59.238,5.528,0
2025-10-15,R15,19.181,0.8308,0.936,37.303,75.981,4.707,1
2025-10-16,R15,17.261,0.8554,9.279,39.627,63.022,5.758,1
2025-10-17,R15,14.802,0.8862,44.3,52.438,73.513,4.874,0
2025-10-18,R15,17.008,0.8024,3.459,43.889,21.069,8.037,1
2025-10-19,R15,14.334,0.8895,4.624,39.55,38.847,5.717,0
2025-10-20,R15,16.49,0.8178,6.516,36.803,52.167,7.06,1
2025-10-21,R15,20.698,0.6938,5.348,35.893,10.475,8.704,1
2025-10-22,R15,16.394,0.8249,7.695,38.212,43.188,7.074,1
2025-10-23,R15,18.904,0.8488,8.681,40.314,45.629,7.171,1
2025-10-24,R15,15.777,0.8482,3.363,36.265,41.312,5.593,0
2025-10-25,R15,15.734,0.8061,13.465,40.329,50.834,5.568,0
2025-10-26,R15,15.005,0.95,10.336,43.047,40.864,5.488,0
2025-10-27,R15,19.817,0.7098,11.25,39.975,80.789,4.881,1
2025-10-28,R15,16.284,0.9244,6.384,40.931,47.923,6.263,1
2025-10-29,R15,15.026,0.7917,6.996,40.781,56.628,4.548,0
2025-10-30,R15,17.236,0.8394,0.851,36.209,41.761,7.067,1
2025-10-31,R15,17.308,0.8706,2.15,36.174,40.109,5.928,1
2025-11-01,R15,17.435,0.7826,2.641,40.758,46.317,6.249,0
2025-11-02,R15,16.344,0.785,15.379,41.342,50.125,6.044,1
2025-11-03,R15,14.673,0.8511,4.103,39.672,46.853,5.608,0
2025-11-04,R15,18.898,0.7181,2.415,34.425,20.02,8.035,1
2025-11-05,R15,14.245,0.9203,22.724,42.968,33.725,7.115,0
2025-11-06,R15,18.955,0.6967,3.359,36.853,55.075,7.782,1
2025-11-07,R15,15.838,0.8635,7.096,33.973,23.042,9.877,1
2025-11-08,R15,19.19,0.736,1.279,34.705,15.352,7.804,1
2025-11-09,R15,21.834,0.8967,14.011,32.126,75.424,6.359,1
2025-11-10,R15,20.316,0.7845,27.296,42.008,71.278,5.772,0
2025-11-11,R15,20.219,0.844,11.283,39.983,39.649,6.861,1
2025-11-12,R15,15.167,0.8284,0.255,36.431,40.782,5.393,1
2025-11-13,R15,15.288,0.8127,20.971,39.888,52.224,5.602,0
2025-11-14,R15,20.516,0.8057,7.204,40.004,45.683,6.953,1
2025-11-15,R15,18.66,0.8269,10.988,33.027,81.721,4.88,0
2025-11-16,R15,19.107,0.8248,2.509,34.535,27.169,7.586,1
2025-11-17,R15,20.113,0.7175,5.383,32.366,71.472,6.1,1
2025-11-18,R15,18.523,0.8404,2.626,30.648,6.931,8.572,1
2025-11-19,R15,20.454,0.687,3.699,36.151,38.395,7.633,1
2025-11-20,R15,17.046,0.95,24.781,46.063,57.98,5.427,0
2025-11-21,R15,18.035,0.7899,2.752,38.431,48.07,7.676,1
2025-11-22,R15,17.295,0.7792,1.881,37.452,41.576,7.262,1
2025-11-23,R15,18.955,0.8988,7.618,34.38,37.37,5.803,1
2025-11-24,R15,19.996,0.8862,10.8,43.247,49.229,5.416,1
2025-11-25,R15,18.543,0.7899,27.724,45.295,97.638,4.548,0
2025-11-26,R15,19.197,0.8478,2.955,35.752,48.193,6.673,1
2025-11-27,R15,17.699,0.7219,5.378,36.86,50.268,7.095,1
2025-11-28,R15,16.453,0.8092,7.656,42.402,72.831,6.69,0
2025-11-29,R15,19.657,0.6986,3.13,35.774,49.091,7.687,1
2025-11-30,R15,16.687,0.7647,11.856,42.083,41.954,7.083,1
2025-12-01,R15,19.71,0.799,26.647,47.308,49.622,7.734,0
2025-12-02,R15,20.784,0.7832,10.893,41.046,51.69,7.137,1
2025-12-03,R15,18.094,0.8545,5.416,37.531,40.121,8.404,1
2025-12-04,R15,22.152,0.7242,9.931,39.602,74.413,6.137,1
2025-12-05,R15,18.842,0.6846,5.815,40.184,51.693,6.629,1
2025-12-06,R15,16.595,0.7701,11.349,43.954,68.555,5.453,0
2025-12-07,R15,19.009,0.8405,5.588,34.422,59.806,5.95,1
2025-12-08,R15,20.643,0.796,10.191,33.938,58.525,7.205,1
2025-12-09,R15,19.759,0.8019,14.18,34.894,48.841,7.617,1
2025-12-10,R15,20.298,0.7979,6.528,39.362,30.236,8.05,1
2025-12-11,R15,22.321,0.7867,8.053,33.829,42.541,8.314,1
2025-12-12,R15,19.369,0.7152,11.053,36.17,70.832,5.401,1
2025-12-13,R15,19.049,0.6278,11.62,41.137,50.888,6.603,1
2025-12-14,R15,17.44,0.838,6.829,34.127,59.345,5.939,0
2025-12-15,R15,19.184,0.8758,25.375,42.598,57.899,4.554,0
2025-12-16,R15,21.363,0.7943,0.84,38.008,59.814,5.554,1
2025-12-17,R15,21.521,0.7717,14.536,40.061,57.916,7.386,1
2025-12-18,R15,20.092,0.6976,13.784,44.256,48.764,6.106,1
2025-12-19,R15,22.419,0.7878,13.334,35.328,42.696,8.63,1
2025-12-20,R15,19.956,0.6663,1.774,34.804,43.039,8.25,1
2025-12-21,R15,20.334,0.8291,2.785,34.294,19.54,8.204,1
2025-12-22,R15,24.062,0.7112,10.538,41.333,32.563,7.592,1
2025-12-23,R15,24.217,0.7693,4.158,28.571,62.744,7.604,1
2025-12-24,R15,22.192,0.8198,9.675,36.13,53.343,8.172,1
2025-12-25,R15,22.617,0.8325,11.13,36.784,32.543,10.332,1
2025-12-26,R15,25.456,0.7082,10.236,35.487,30.492,10.244,1
2025-12-27,R15,21.042,0.7283,2.175,32.786,11.118,9.758,1
2025-12-28,R15,19.908,0.7519,12.782,33.522,59.578,5.926,1
2025-12-29,R15,22.466,0.6617,1.725,33.554,46.725,7.551,1
2025-12-30,R15,20.259,0.8465,5.612,40.058,36.561,8.522,1
2025-12-31,R15,18.85,0.7835,7.994,35.241,45.071,5.636,1
2025-01-01,R16,34.098,0.4842,4.497,51.071,14.124,12.448,1
2025-01-02,R16,30.584,0.4438,9.378,52.462,59.239,9.042,1
2025-01-03,R16,33.369,0.4381,1.815,44.383,47.772,9.242,1
2025-01-04,R16,34.136,0.5082,25.599,52.935,65.552,9.182,1
2025-01-05,R16,34.573,0.5004,8.005,45.284,60.89,8.72,1
2025-01-06,R16,35.774,0.5234,6.943,49.952,39.741,8.817,1
2025-01-07,R16,34.027,0.5687,3.22,47.103,52.169,9.475,1
2025-01-08,R16,32.422,0.6059,13.476,56.757,32.236,9.138,1
2025-01-09,R16,36.967,0.4845,15.364,48.8,55.238,11.055,1
2025-01-10,R16,37.906,0.6169,23.193,50.399,57.172,10.867,1
2025-01-11,R16,37.016,0.408,11.319,47.582,33.19,12.227,1
2025-01-12,R16,36.847,0.4438,2.976,45.758,57.563,9.122,1
2025-01-13,R16,35.629,0.5289,12.557,51.103,53.863,7.772,1
2025-01-14,R16,34.09,0.6116,1.803,50.076,82.244,7.976,1
2025-01-15,R16,37.328,0.4454,0.959,48.534,55.358,9.178,1
2025-01-16,R16,34.008,0.5908,11.706,50.793,32.742,11.65,1
2025-01-17,R16,34.007,0.5842,2.466,46.147,43.478,10.169,1
2025-01-18,R16,34.611,0.5188,7.175,51.148,44.875,11.216,1
2025-01-19,R16,37.19,0.5211,3.757,44.996,32.497,10.257,1
2025-01-20,R16,33.46,0.5282,6.411,55.735,33.108,11.449,1
2025-01-21,R16,36.105,0.45,6.343,46.232,79.788,7.925,1
2025-01-22,R16,35.827,0.5244,1.13,41.259,36.368,11.191,1
2025-01-23,R16,38.503,0.5525,2.348,45.348,50.106,11.533,1
2025-01-24,R16,37.988,0.5216,10.733,46.965,62.403,10.203,1
2025-01-25,R16,34.955,0.5753,12.264,53.535,50.346,9.884,1
2025-01-26,R16,37.385,0.5186,3.667,43.435,49.526,11.567,1
2025-01-27,R16,35.542,0.4608,9.628,48.621,58.036,9.355,1
2025-01-28,R16,37.571,0.537,1.133,41.436,43.789,11.896,1
2025-01-29,R16,33.083,0.5253,3.245,50.679,27.154,11.529,1
2025-01-30,R16,36.043,0.5197,7.67,51.292,49.382,10.093,1
2025-01-31,R16,35.04,0.5302,7.323,47.643,76.993,10.146,1
2025-02-01,R16,37.198,0.3846,3.306,46.953,46.377,10.443,1
2025-02-02,R16,35.06,0.5281,13.542,52.621,69.401,9.589,1
2025-02-03,R16,36.371,0.5056,11.468,46.683,34.452,11.683,1
2025-02-04,R16,36.869,0.4374,12.504,48.748,30.799,10.653,1
2025-02-05,R16,37.473,0.5887,4.247,49.191,45.98,11.172,1
2025-02-06,R16,34.969,0.4733,5.872,46.557,29.573,11.965,1
2025-02-07,R16,37.08,0.4741,11.485,53.606,77.37,11.091,1
2025-02-08,R16,35.205,0.4421,27.517,49.692,65.676,8.143,1
2025-02-09,R16,38.306,0.3444,7.369,47.833,34.164,11.848,1
2025-02-10,R16,35.763,0.4329,7.664,40.827,47.79,10.277,1
2025-02-11,R16,36.77,0.4629,2.991,43.946,44.945,10.51,1
2025-02-12,R16,35.659,0.5719,8.0,48.603,95.503,6.878,1
2025-02-13,R16,37.689,0.5389,6.147,45.434,41.199,9.266,1
2025-02-14,R16,39.581,0.4074,9.976,51.241,61.408,11.126,1
2025-02-15,R16,35.523,0.529,10.663,52.234,71.736,9.187,1
2025-02-16,R16,37.446,0.6146,16.145,43.208,76.412,10.492,1
2025-02-17,R16,36.668,0.4929,8.716,50.457,50.961,10.907,1
2025-02-18,R16,37.181,0.4802,7.294,45.951,50.483,10.596,1
2025-02-19,R16,37.573,0.5145,8.813,49.491,59.34,10.758,1
2025-02-20,R16,39.682,0.4459,3.519,41.81,40.639,10.566,1
2025-02-21,R16,38.806,0.441,10.158,48.426,63.435,9.663,1
2025-02-22,R16,41.349,0.3731,10.398,50.532,71.232,11.875,1
2025-02-23,R16,38.662,0.3884,22.062,51.455,74.272,9.549,1
2025-02-24,R16,35.36,0.516,20.461,51.122,50.121,9.256,1
2025-02-25,R16,39.718,0.3388,3.637,42.137,47.259,12.852,1
2025-02-26,R16,37.881,0.536,7.568,43.247,43.753,10.827,1
2025-02-27,R16,35.804,0.6119,6.075,44.901,52.128,10.45,1
2025-02-28,R16,38.662,0.4066,8.481,50.072,84.803,8.86,1
2025-03-01,R16,37.903,0.5636,3.323,49.59,25.947,12.1,1
2025-03-02,R16,36.62,0.4778,2.03,47.722,42.624,11.927,1
2025-03-03,R16,35.313,0.5755,12.999,56.336,33.625,12.08,1
2025-03-04,R16,39.185,0.5353,6.752,51.089,55.359,11.52,1
2025-03-05,R16,40.967,0.5098,25.955,52.322,52.306,10.844,1
2025-03-06,R16,37.235,0.5405,7.395,50.878,43.828,12.23,1
2025-03-07,R16,40.54,0.453,13.171,51.034,58.043,10.959,1
2025-03-08,R16,39.925,0.4334,0.652,41.933,47.757,10.697,1
2025-03-09,R16,37.699,0.6003,1.983,44.521,49.625,10.628,1
2025-03-10,R16,37.628,0.4314,9.116,43.793,26.807,12.805,1
2025-03-11,R16,35.056,0.5102,4.325,50.004,43.149,11.649,1
2025-03-12,R16,38.781,0.533,17.829,50.851,48.951,11.308,1
2025-03-13,R16,38.525,0.471,8.993,49.859,57.422,11.122,1
2025-03-14,R16,36.273,0.4694,15.505,51.259,44.364,9.701,1
2025-03-15,R16,36.935,0.4902,3.054,45.17,30.935,12.15,1
2025-03-16,R16,37.971,0.5503,6.865,48.835,42.124,10.164,1
2025-03-17,R16,40.312,0.4972,3.369,42.701,30.175,13.117,1
2025-03-18,R16,39.956,0.386,23.657,57.153,51.659,11.37,1
2025-03-19,R16,36.885,0.5641,7.636,46.629,65.168,9.707,1
2025-03-20,R16,37.733,0.5288,10.366,47.76,48.852,10.304,1
2025-03-21,R16,36.259,0.5752,9.889,50.782,62.589,9.719,1
2025-03-22,R16,36.661,0.5093,3.931,46.567,36.545,11.367,1
2025-03-23,R16,38.695,0.5402,1.744,41.578,25.246,11.782,1
2025-03-24,R16,38.054,0.6122,12.634,46.778,61.543,10.256,1
2025-03-25,R16,38.098,0.5409,11.944,43.371,49.21,11.969,1
2025-03-26,R16,37.128,0.4812,7.831,47.026,68.31,8.567,1
2025-03-27,R16,39.246,0.4102,2.683,44.892,16.006,13.149,1
2025-03-28,R16,40.452,0.5026,20.218,49.301,69.291,10.14,1
2025-03-29,R16,37.783,0.5071,6.493,42.846,60.347,10.977,1
2025-03-30,R16,35.86,0.4942,1.946,39.677,24.336,12.157,1
2025-03-31,R16,37.749,0.4989,6.401,47.534,48.302,10.559,1
2025-04-01,R16,37.492,0.5411,3.207,45.478,57.806,9.293,1
2025-04-02,R16,39.195,0.4346,5.543,43.151,56.986,10.098,1
2025-04-03,R16,37.352,0.4354,3.303,48.208,46.825,11.756,1
2025-04-04,R16,39.49,0.4433,12.016,45.487,45.096,9.986,1
2025-04-05,R16,39.195,0.482,9.883,38.516,50.999,10.339,1
2025-04-06,R16,38.925,0.422,6.989,46.893,60.675,10.83,1
2025-04-07,R16,41.383,0.4695,7.859,45.159,48.447,11.048,1
2025-04-08,R16,37.314,0.5268,5.588,50.86,36.334,13.051,1
2025-04-09,R16,40.356,0.4482,16.601,45.379,74.975,11.537,1
2025-04-10,R16,37.308,0.429,11.184,50.389,71.609,10.581,1
2025-04-11,R16,37.328,0.3845,8.1,46.409,68.684,10.886,1
2025-04-12,R16,38.336,0.4772,10.403,44.815,62.065,10.659,1
2025-04-13,R16,37.373,0.4226,35.853,63.226,59.997,10.835,1
2025-04-14,R16,41.283,0.5108,8.78,42.416,65.255,10.818,1
2025-04-15,R16,39.708,0.3917,0.739,45.097,34.551,11.891,1
2025-04-16,R16,40.706,0.4262,2.543,45.327,47.39,12.059,1
2025-04-17,R16,40.644,0.4103,14.559,49.805,52.687,11.302,1
2025-04-18,R16,39.707,0.4951,5.589,45.028,26.477,11.708,1
2025-04-19,R16,37.28,0.5589,17.295,53.288,53.599,11.095,1
2025-04-20,R16,38.15,0.4163,0.3,44.947,42.51,11.947,1
2025-04-21,R16,38.493,0.4408,8.392,45.057,46.941,11.047,1
2025-04-22,R16,39.229,0.3463,7.217,49.733,75.06,10.754,1
2025-04-23,R16,35.985,0.5062,2.526,43.89,55.836,11.588,1
2025-04-24,R16,40.928,0.5038,12.075,43.043,60.436,10.6,1
2025-04-25,R16,40.63,0.424,2.766,42.74,46.425,13.345,1
2025-04-26,R16,40.002,0.4599,5.738,42.502,61.81,10.452,1
2025-04-27,R16,40.283,0.4997,10.035,45.829,54.496,11.25,1
2025-04-28,R16,36.547,0.3733,15.278,51.977,43.176,11.314,1
2025-04-29,R16,34.921,0.598,4.587,44.834,25.806,11.617,1
2025-04-30,R16,39.019,0.5035,13.318,44.444,54.13,11.914,1
2025-05-01,R16,39.405,0.5235,2.397,49.381,42.718,11.111,1
2025-05-02,R16,38.003,0.4797,4.83,48.323,52.817,11.406,1
2025-05-03,R16,37.437,0.4978,14.945,51.11,35.18,11.966,1
2025-05-04,R16,38.718,0.5519,2.866,45.909,33.116,12.817,1
2025-05-05,R16,34.149,0.6009,6.202,47.788,51.981,9.501,1
2025-05-06,R16,37.787,0.4898,3.862,44.191,52.107,12.077,1
2025-05-07,R16,36.831,0.5262,5.717,53.401,41.092,10.063,1
2025-05-08,R16,38.427,0.4707,3.259,45.681,52.962,10.952,1
2025-05-09,R16,38.515,0.4438,7.525,49.053,46.336,10.808,1
2025-05-10,R16,40.76,0.51,3.285,43.035,32.444,10.879,1
2025-05-11,R16,38.838,0.4963,21.804,47.441,62.127,9.643,1
2025-05-12,R16,37.273,0.4954,10.963,47.352,81.568,8.694,1
2025-05-13,R16,37.191,0.4835,20.665,48.28,67.602,8.224,1
2025-05-14,R16,36.431,0.6753,9.253,44.012,44.428,11.675,1
2025-05-15,R16,37.226,0.4823,5.365,39.246,46.079,10.981,1
2025-05-16,R16,38.229,0.4659,17.931,49.014,38.922,10.03,1
2025-05-17,R16,37.663,0.5099,4.746,50.166,69.534,9.801,1
2025-05-18,R16,35.752,0.5636,4.878,50.161,79.9,8.695,1
2025-05-19,R16,35.565,0.4695,0.949,44.929,22.546,11.214,1
2025-05-20,R16,34.139,0.5256,5.447,45.944,53.406,9.41,1
2025-05-21,R16,37.818,0.4084,2.969,46.706,15.134,10.768,1
2025-05-22,R16,35.384,0.411,4.186,45.009,50.499,9.653,1
2025-05-23,R16,34.808,0.4834,7.764,45.237,65.477,9.49,1
2025-05-24,R16,36.945,0.5238,21.649,53.874,44.542,10.706,1
2025-05-25,R16,35.207,0.6085,0.331,49.239,27.564,10.172,1
2025-05-26,R16,35.036,0.6423,22.486,53.874,52.289,8.615,1
2025-05-27,R16,39.77,0.5382,15.106,48.242,75.305,9.855,1
2025-05-28,R16,32.219,0.5477,6.489,48.88,52.905,9.107,1
2025-05-29,R16,33.892,0.571,3.912,45.584,49.582,9.441,1
2025-05-30,R16,33.708,0.603,7.475,53.043,55.979,10.145,1
2025-05-31,R16,34.289,0.4753,3.245,47.063,58.227,9.738,1
2025-06-01,R16,33.949,0.5133,13.057,49.363,70.973,8.618,1
2025-06-02,R16,39.766,0.3979,14.123,48.901,69.331,10.649,1
2025-06-03,R16,39.001,0.3824,21.177,51.129,75.642,9.427,1
2025-06-04,R16,37.264,0.3934,5.422,44.017,66.583,10.627,1
2025-06-05,R16,38.237,0.3971,0.888,46.057,25.571,11.679,1
2025-06-06,R16,35.679,0.4936,29.862,56.867,61.043,9.613,1
2025-06-07,R16,36.581,0.428,2.971,47.184,20.592,13.109,1
2025-06-08,R16,33.686,0.5574,2.146,45.501,67.938,8.136,1
2025-06-09,R16,36.932,0.5376,11.907,51.292,79.704,9.591,1
2025-06-10,R16,36.198,0.4525,6.52,45.346,86.693,7.326,1
2025-06-11,R16,34.809,0.4886,5.526,49.533,59.607,9.687,1
2025-06-12,R16,34.871,0.5222,5.495,51.407,40.155,11.34,1
2025-06-13,R16,33.995,0.5098,2.556,49.626,55.788,10.327,1
2025-06-14,R16,31.558,0.5169,16.132,52.365,60.638,9.595,1
2025-06-15,R16,37.145,0.4384,16.523,52.363,58.434,11.525,1
2025-06-16,R16,35.953,0.469,18.344,50.594,68.452,9.76,1
2025-06-17,R16,34.666,0.4847,2.677,45.121,46.885,10.075,1
2025-06-18,R16,37.778,0.5061,8.895,50.529,38.46,12.527,1
2025-06-19,R16,35.989,0.4981,3.813,48.848,44.666,11.795,1
2025-06-20,R16,31.054,0.3816,9.599,48.896,65.082,8.712,1
2025-06-21,R16,35.368,0.3976,27.636,54.855,63.832,10.667,1
2025-06-22,R16,36.9,0.4682,11.688,47.45,37.973,11.956,1
2025-06-23,R16,37.514,0.4738,3.481,46.998,30.626,12.711,1
2025-06-24,R16,36.326,0.5653,8.594,51.412,48.354,11.417,1
2025-06-25,R16,35.505,0.4912,5.796,44.337,30.847,11.361,1
2025-06-26,R16,33.764,0.4892,0.445,46.499,22.537,10.447,1
2025-06-27,R16,35.987,0.5371,20.823,52.605,60.514,10.543,1
2025-06-28,R16,30.052,0.5412,6.438,48.587,58.925,8.495,1
2025-06-29,R16,35.527,0.5779,17.491,47.564,76.197,9.353,1
2025-06-30,R16,29.336,0.5998,7.413,49.633,48.205,9.44,1
2025-07-01,R16,38.043,0.5631,9.355,46.702,70.081,8.836,1
2025-07-02,R16,32.484,0.5141,3.775,51.382,54.564,10.388,1
2025-07-03,R16,35.953,0.5505,3.608,49.252,49.395,10.704,1
2025-07-04,R16,32.909,0.442,5.124,47.572,25.142,11.604,1
2025-07-05,R16,30.244,0.5254,15.127,50.895,56.991,8.221,1
2025-07-06,R16,32.939,0.4234,17.481,51.718,48.363,9.788,1
2025-07-07,R16,33.304,0.4471,12.682,49.969,67.602,7.974,1
2025-07-08,R16,33.194,0.5089,12.335,51.517,48.547,9.032,1
2025-07-09,R16,35.193,0.3335,1.913,46.683,41.294,10.211,1
2025-07-10,R16,32.787,0.5147,3.83,50.379,25.216,10.321,1
2025-07-11,R16,32.079,0.571,2.784,46.227,51.525,10.012,1
2025-07-12,R16,30.941,0.5606,10.261,51.17,63.988,8.29,1
2025-07-13,R16,34.769,0.6093,2.318,50.555,53.611,10.649,1
2025-07-14,R16,34.31,0.696,0.167,42.215,45.82,9.775,1
2025-07-15,R16,32.409,0.5187,12.996,55.605,46.129,9.353,1
2025-07-16,R16,33.898,0.5705,8.322,48.959,47.532,9.156,1
2025-07-17,R16,30.764,0.4886,3.202,44.16,52.786,8.978,1
2025-07-18,R16,32.529,0.5928,7.177,50.389,49.571,10.349,1
2025-07-19,R16,35.836,0.4682,2.476,51.533,100,7.103,1
2025-07-20,R16,33.921,0.511,19.777,57.684,52.065,8.439,1
2025-07-21,R16,31.046,0.6171,21.736,56.014,55.276,9.358,1
2025-07-22,R16,29.277,0.6634,15.263,53.23,85.869,7.393,1
2025-07-23,R16,33.757,0.5279,5.984,45.577,54.68,10.055,1
2025-07-24,R16,37.108,0.5293,11.759,53.023,39.803,11.942,1
2025-07-25,R16,32.179,0.4649,3.293,48.7,78.008,7.143,1
2025-07-26,R16,32.441,0.5022,11.588,50.462,61.062,9.792,1
2025-07-27,R16,26.374,0.5906,3.059,51.053,51.872,7.805,1
2025-07-28,R16,30.996,0.5703,1.65,47.731,45.571,10.739,1
2025-07-29,R16,30.889,0.5779,4.184,41.586,32.199,9.3,1
2025-07-30,R16,31.886,0.5196,11.077,50.553,84.539,8.927,1
2025-07-31,R16,30.18,0.6297,10.99,47.694,69.361,8.05,1
2025-08-01,R16,32.957,0.5146,4.212,48.364,54.861,10.303,1
2025-08-02,R16,33.935,0.5236,17.104,52.151,72.826,8.622,1
2025-08-03,R16,32.606,0.5729,1.345,47.538,42.414,11.505,1
2025-08-04,R16,29.554,0.5019,14.231,54.789,44.003,9.516,1
2025-08-05,R16,32.818,0.4509,0.171,48.879,6.375,10.154,1
2025-08-06,R16,29.416,0.555,18.377,51.196,65.811,9.053,1
2025-08-07,R16,30.965,0.5131,1.588,54.158,50.285,8.914,1
2025-08-08,R16,29.828,0.4784,4.063,48.875,26.477,9.336,1
2025-08-09,R16,29.972,0.4629,2.286,47.071,29.275,9.359,1
2025-08-10,R16,29.251,0.599,24.765,55.928,63.281,8.863,1
2025-08-11,R16,29.8,0.5047,15.846,53.505,37.111,10.762,1
2025-08-12,R16,28.852,0.5336,1.186,51.129,20.323,11.213,1
2025-08-13,R16,31.084,0.5064,16.341,47.688,62.655,9.611,1
2025-08-14,R16,31.099,0.5779,6.055,51.741,49.483,9.516,1
2025-08-15,R16,32.322,0.5131,4.81,41.323,53.685,9.345,1
2025-08-16,R16,30.656,0.5941,9.176,49.976,69.51,8.808,1
2025-08-17,R16,34.558,0.496,4.474,42.761,48.243,11.823,1
2025-08-18,R16,29.996,0.5475,7.739,50.741,50.18,10.083,1
2025-08-19,R16,35.218,0.5931,6.724,49.218,26.824,10.603,1
2025-08-20,R16,29.626,0.6027,33.241,59.947,54.622,9.806,1
2025-08-21,R16,31.204,0.4763,0.983,45.463,71.771,7.071,1
2025-08-22,R16,31.04,0.5319,2.928,44.535,43.89,11.01,1
2025-08-23,R16,32.743,0.6448,3.218,54.319,35.342,9.494,1
2025-08-24,R16,27.743,0.6522,12.033,56.119,47.513,10.519,1
2025-08-25,R16,30.048,0.582,12.695,53.335,39.453,10.947,1
2025-08-26,R16,29.31,0.616,1.197,49.556,9.897,11.2,1
2025-08-27,R16,33.658,0.5054,10.737,51.837,62.13,9.49,1
2025-08-28,R16,28.626,0.528,8.364,54.529,32.571,9.689,1
2025-08-29,R16,28.582,0.5399,5.309,42.311,33.297,9.144,1
2025-08-30,R16,28.149,0.5302,2.15,52.344,83.9,7.006,1
2025-08-31,R16,32.146,0.5115,15.973,51.643,45.228,10.365,1
2025-09-01,R16,29.959,0.6297,3.199,51.128,50.996,7.003,1
2025-09-02,R16,29.936,0.4616,11.882,50.815,64.92,8.107,1
2025-09-03,R16,32.063,0.4996,6.385,50.256,67.704,10.42,1
2025-09-04,R16,31.375,0.6223,33.16,58.379,66.047,7.724,0
2025-09-05,R16,30.487,0.5764,1.373,52.339,45.271,9.377,1
2025-09-06,R16,27.554,0.4918,13.387,49.537,53.647,7.008,1
2025-09-07,R16,28.365,0.6389,13.877,55.021,53.751,8.461,1
2025-09-08,R16,29.461,0.5935,3.662,52.043,50.725,9.762,1
2025-09-09,R16,30.269,0.5372,11.079,48.691,38.868,9.433,1
2025-09-10,R16,30.162,0.576,20.328,55.101,65.983,8.144,1
2025-09-11,R16,30.881,0.5484,3.946,46.215,22.518,11.566,1
2025-09-12,R16,27.569,0.6222,10.991,57.994,37.932,10.233,1
2025-09-13,R16,30.917,0.5373,6.885,52.589,49.333,10.025,1
2025-09-14,R16,30.155,0.5434,0.86,53.481,33.311,9.874,1
2025-09-15,R16,30.676,0.4731,1.617,45.912,68.903,8.826,1
2025-09-16,R16,30.415,0.4913,4.379,48.259,21.382,11.575,1
2025-09-17,R16,28.349,0.6051,5.53,48.803,48.722,9.997,1
2025-09-18,R16,27.954,0.7112,5.773,51.523,45.401,7.639,1
2025-09-19,R16,26.365,0.7434,5.775,49.003,53.749,8.856,1
2025-09-20,R16,27.594,0.6515,0.791,42.762,22.107,10.347,1
2025-09-21,R16,29.23,0.5189,9.884,52.369,45.546,7.768,1
2025-09-22,R16,28.559,0.5399,17.089,54.271,64.577,7.385,1
2025-09-23,R16,27.318,0.5474,1.952,51.002,53.175,9.031,1
2025-09-24,R16,30.022,0.6362,26.89,59.993,58.549,9.14,1
2025-09-25,R16,29.302,0.5634,6.138,54.798,56.639,9.358,1
2025-09-26,R16,26.628,0.5983,6.555,52.585,39.75,8.949,1
2025-09-27,R16,30.697,0.5862,8.618,50.444,60.49,7.349,1
2025-09-28,R16,29.312,0.607,7.762,50.641,77.279,6.747,1
2025-09-29,R16,27.989,0.5676,6.582,52.65,54.928,8.474,1
2025-09-30,R16,31.552,0.5273,7.533,52.307,52.079,7.006,1
2025-10-01,R16,27.779,0.523,43.707,69.549,59.557,7.556,0
2025-10-02,R16,29.71,0.5735,12.382,51.898,51.412,8.781,1
2025-10-03,R16,27.702,0.5796,12.871,57.162,52.523,7.532,1
2025-10-04,R16,31.81,0.6377,8.449,48.949,49.522,10.02,1
2025-10-05,R16,29.876,0.4761,18.906,55.232,44.793,9.69,1
2025-10-06,R16,28.673,0.5283,4.45,47.365,18.834,10.603,1
2025-10-07,R16,25.761,0.5548,26.447,63.337,55.379,7.123,0
2025-10-08,R16,25.568,0.6242,23.777,59.155,57.54,7.815,1
2025-10-09,R16,26.841,0.4851,7.164,51.35,42.11,9.324,1
2025-10-10,R16,31.254,0.469,1.478,49.047,41.336,9.981,1
2025-10-11,R16,34.145,0.6302,1.301,45.723,26.575,11.465,1
2025-10-12,R16,29.102,0.5347,16.575,56.22,67.122,8.828,1
2025-10-13,R16,29.644,0.5475,3.8,49.544,39.47,9.046,1
2025-10-14,R16,32.424,0.5998,12.853,52.295,63.24,7.707,1
2025-10-15,R16,28.472,0.6408,13.314,55.521,56.23,8.761,1
2025-10-16,R16,31.086,0.466,9.38,52.596,48.587,9.376,1
2025-10-17,R16,27.49,0.6634,7.966,53.695,51.148,8.339,1
2025-10-18,R16,30.989,0.581,31.843,67.484,65.323,7.709,0
2025-10-19,R16,31.744,0.5249,10.124,49.538,82.126,8.396,1
2025-10-20,R16,27.188,0.5218,8.321,53.51,50.314,8.045,1
2025-10-21,R16,29.307,0.6108,6.76,47.662,63.322,8.601,1
2025-10-22,R16,29.846,0.5383,17.431,49.492,73.911,8.274,1
2025-10-23,R16,28.539,0.5444,0.483,51.85,27.082,10.398,1
2025-10-24,R16,29.38,0.6255,26.86,55.787,76.533,7.321,1
2025-10-25,R16,28.777,0.5849,19.181,58.978,42.767,8.253,1
2025-10-26,R16,31.187,0.4926,38.287,61.102,61.411,9.837,1
2025-10-27,R16,30.702,0.5565,1.957,48.057,57.906,8.678,1
2025-10-28,R16,29.598,0.6595,10.075,53.844,25.914,10.672,1
2025-10-29,R16,29.279,0.5688,0.594,46.377,5,11.17,1
2025-10-30,R16,29.433,0.5513,15.16,56.69,96.762,7.43,1
2025-10-31,R16,30.805,0.5741,9.849,49.745,19.737,11.623,1
2025-11-01,R16,32.293,0.5892,12.945,48.246,89.194,7.092,1
2025-11-02,R16,31.254,0.4272,2.808,48.351,13.699,12.094,1
2025-11-03,R16,26.472,0.6256,21.886,60.962,63.126,8.578,1
2025-11-04,R16,31.022,0.5672,1.335,51.339,66.27,9.101,1
2025-11-05,R16,31.118,0.5169,8.351,47.828,61.826,9.069,1
2025-11-06,R16,32.922,0.6198,7.004,47.497,73.865,7.994,1
2025-11-07,R16,31.597,0.5143,8.823,51.229,37.498,10.474,1
2025-11-08,R16,31.821,0.5763,4.277,45.634,39.675,10.729,1
2025-11-09,R16,33.659,0.4993,8.13,48.229,65.221,9.313,1
2025-11-10,R16,30.305,0.5662,4.076,45.371,46.715,10.811,1
2025-11-11,R16,31.076,0.4499,34.496,57.966,68.582,9.153,1
2025-11-12,R16,29.039,0.5967,6.97,46.394,52.068,8.348,1
2025-11-13,R16,30.705,0.6498,5.18,53.11,45.67,9.361,1
2025-11-14,R16,29.113,0.6121,4.062,45.404,53.804,8.505,1
2025-11-15,R16,28.819,0.5728,14.176,53.488,45.858,8.929,1
2025-11-16,R16,32.191,0.4681,15.496,57.586,56.63,10.647,1
2025-11-17,R16,28.908,0.6076,23.291,56.518,63.425,7.489,1
2025-11-18,R16,30.168,0.6333,15.776,55.041,69.573,9.234,1
2025-11-19,R16,33.699,0.4826,10.436,53.004,69.891,10.481,1
2025-11-20,R16,30.444,0.5304,12.085,53.06,27.7,11.491,1
2025-11-21,R16,31.84,0.5494,5.134,43.114,31.55,10.932,1
2025-11-22,R16,29.693,0.7288,10.516,49.234,74.681,8.705,1
2025-11-23,R16,30.444,0.5464,18.479,57.044,58.124,9.413,1
2025-11-24,R16,33.461,0.5491,6.854,49.515,50.592,10.165,1
2025-11-25,R16,33.393,0.5574,6.662,46.768,52.829,9.446,1
2025-11-26,R16,31.585,0.6102,14.23,46.741,52.365,10.739,1
2025-11-27,R16,34.106,0.4305,0.694,46.445,38.459,12.253,1
2025-11-28,R16,31.096,0.5217,4.96,51.456,68.947,9.589,1
2025-11-29,R16,32.257,0.4937,4.292,49.499,90.638,7.345,1
2025-11-30,R16,31.133,0.5283,0.301,47.111,11.981,11.157,1
2025-12-01,R16,29.679,0.5818,0.665,44.704,40.5,10.676,1
2025-12-02,R16,34.581,0.4943,1.222,47.629,36.192,9.619,1
2025-12-03,R16,36.076,0.566,2.856,46.604,34.378,11.974,1
2025-12-04,R16,30.819,0.5594,11.115,54.334,78.334,8.59,1
2025-12-05,R16,33.856,0.576,22.453,58.626,100,8.488,1
2025-12-06,R16,33.846,0.5068,11.223,46.089,71.5,9.548,1
2025-12-07,R16,33.124,0.5745,2.157,46.33,41.85,9.838,1
2025-12-08,R16,33.696,0.5894,1.308,53.389,29.976,11.672,1
2025-12-09,R16,32.125,0.5633,25.837,58.363,52.854,10.26,1
2025-12-10,R16,29.65,0.447,7.346,50.695,61.901,9.143,1
2025-12-11,R16,33.179,0.5573,6.4,44.181,66.058,8.629,1
2025-12-12,R16,33.756,0.5393,2.748,47.145,59.37,9.489,1
2025-12-13,R16,31.406,0.4386,0.349,47.174,26.47,11.179,1
2025-12-14,R16,30.655,0.5345,8.826,50.375,33.813,10.241,1
2025-12-15,R16,31.243,0.5648,6.443,47.78,62.142,7.911,1
2025-12-16,R16,30.637,0.5733,1.134,47.185,43.751,9.01,1
2025-12-17,R16,32.585,0.6086,6.131,50.412,72.137,8.333,1
2025-12-18,R16,35.429,0.5691,12.996,49.85,73.236,9.346,1
2025-12-19,R16,36.553,0.4837,25.618,55.004,73.963,9.236,1
2025-12-20,R16,35.223,0.4837,8.703,48.234,57.372,10.605,1
2025-12-21,R16,30.25,0.6559,12.702,56.192,61.61,8.98,1
2025-12-22,R16,35.7,0.3771,17.014,52.099,39.697,12.263,1
2025-12-23,R16,30.604,0.7226,3.754,48.637,19.344,11.571,1
2025-12-24,R16,31.976,0.4371,4.014,50.575,18.471,12.005,1
2025-12-25,R16,32.114,0.512,2.774,52.699,59.053,7.739,1
2025-12-26,R16,34.829,0.6659,26.851,53.679,61.407,8.658,1
2025-12-27,R16,30.958,0.5845,8.755,48.716,49.581,8.798,1
2025-12-28,R16,33.491,0.6281,2.478,45.513,31.183,13.006,1
2025-12-29,R16,33.148,0.5112,12.827,51.157,38.179,10.619,1
2025-12-30,R16,36.114,0.4756,5.239,46.059,53.673,10.207,1
2025-12-31,R16,34.953,0.4697,8.413,50.169,34.186,12.621,1
2025-01-01,R17,29.584,0.1851,6.786,49.477,54.401,9.093,1
2025-01-02,R17,27.151,0.05,3.981,52.602,94.395,6.92,1
2025-01-03,R17,28.286,0.1782,28.387,61.128,97.272,6.63,0
2025-01-04,R17,28.669,0.2307,11.802,57.889,41.482,9.949,1
2025-01-05,R17,31.14,0.2092,10.469,55.981,50.143,10.968,1
2025-01-06,R17,28.911,0.1505,19.98,61.527,71.016,7.045,1
2025-01-07,R17,27.916,0.2137,4.994,52.097,64.689,6.277,1
2025-01-08,R17,29.295,0.1141,3.02,50.636,40.107,9.322,1
2025-01-09,R17,29.231,0.3327,1.756,55.536,40.454,9.277,1
2025-01-10,R17,29.869,0.2827,3.031,54.324,18.227,9.542,1
2025-01-11,R17,31.036,0.2426,8.125,54.288,76.478,6.658,1
2025-01-12,R17,27.649,0.3147,4.925,59.618,52.348,8.972,1
2025-01-13,R17,29.895,0.2381,15.954,56.191,64.504,9.532,1
2025-01-14,R17,26.752,0.1683,4.466,57.088,40.114,9.646,1
2025-01-15,R17,28.633,0.1124,1.415,51.943,25.979,9.916,1
2025-01-16,R17,30.89,0.1336,8.079,59.176,49.12,9.754,1
2025-01-17,R17,34.065,0.1413,12.768,53.955,64.827,8.906,1
2025-01-18,R17,30.158,0.1301,5.294,49.566,38.59,9.843,1
2025-01-19,R17,27.068,0.2061,4.807,54.405,34.675,8.567,1
2025-01-20,R17,28.807,0.1534,11.828,55.587,68.291,7.504,1
2025-01-21,R17,30.909,0.1438,4.707,51.981,58.102,9.34,1
2025-01-22,R17,30.386,0.2387,3.721,50.405,31.292,10.945,1
2025-01-23,R17,30.968,0.2284,3.573,53.372,83.925,8.618,1
2025-01-24,R17,30.79,0.3356,2.841,55.507,21.834,11.909,1
2025-01-25,R17,31.549,0.1927,22.098,58.736,71.327,9.195,1
2025-01-26,R17,30.78,0.1379,12.889,59.643,54.196,8.569,1
2025-01-27,R17,34.003,0.2265,6.815,53.93,50.755,10.532,1
2025-01-28,R17,28.794,0.1367,3.409,51.895,42.883,8.747,1
2025-01-29,R17,31.955,0.1541,3.732,53.456,68.016,9.046,1
2025-01-30,R17,31.483,0.2325,13.758,54.218,68.7,9.25,1
2025-01-31,R17,32.684,0.1902,23.386,60.705,37.728,9.666,1
2025-02-01,R17,29.867,0.212,27.279,61.002,90.241,7.436,1
2025-02-02,R17,31.384,0.2412,9.076,56.823,68.679,7.461,1
2025-02-03,R17,31.93,0.1868,11.494,55.559,47.238,10.526,1
2025-02-04,R17,32.33,0.2357,5.747,53.899,62.703,9.334,1
2025-02-05,R17,29.417,0.2111,32.726,63.246,78.176,7.315,1
2025-02-06,R17,28.397,0.2806,8.667,58.092,50.666,8.526,1
2025-02-07,R17,30.657,0.2869,9.655,56.776,36.198,9.894,1
2025-02-08,R17,32.607,0.2627,18.805,50.403,59.236,8.396,1
2025-02-09,R17,29.991,0.2819,17.242,57.041,53.221,8.523,1
2025-02-10,R17,34.879,0.1793,7.544,53.087,64.201,8.917,1
2025-02-11,R17,33.11,0.1225,7.493,52.273,51.471,10.044,1
2025-02-12,R17,31.237,0.1296,14.858,56.142,40.047,9.16,1
2025-02-13,R17,30.53,0.267,16.754,55.843,93.764,5.031,1
2025-02-14,R17,32.811,0.2581,9.307,51.16,44.151,8.571,1
2025-02-15,R17,30.438,0.1967,2.042,55.011,63.875,8.623,1
2025-02-16,R17,31.439,0.1983,14.412,62.462,36.473,9.855,1
2025-02-17,R17,31.784,0.1429,12.888,55.668,67.277,8.292,1
2025-02-18,R17,31.408,0.2115,12.571,53.635,46.291,8.866,1
2025-02-19,R17,34.001,0.0873,14.173,54.025,49.74,9.814,1
2025-02-20,R17,36.029,0.2564,8.643,53.383,50.777,8.672,1
2025-02-21,R17,29.548,0.1911,0.702,52.468,38.712,10.305,1
2025-02-22,R17,34.511,0.05,8.004,57.524,60.322,9.056,1
2025-02-23,R17,33.406,0.05,0.515,54.252,15.03,10.833,1
2025-02-24,R17,35.528,0.0749,3.276,51.292,35.646,10.346,1
2025-02-25,R17,35.204,0.2171,6.472,52.607,26.414,11.719,1
2025-02-26,R17,30.453,0.1982,1.498,55.38,50.506,9.169,1
2025-02-27,R17,33.476,0.1411,9.434,54.261,68.501,9.06,1
2025-02-28,R17,32.474,0.1366,3.792,47.172,44.873,9.413,1
2025-03-01,R17,32.403,0.2055,5.265,55.697,61.853,10.069,1
2025-03-02,R17,30.549,0.2038,9.62,56.763,77.548,8.297,1
2025-03-03,R17,29.922,0.1196,6.365,57.083,43.531,9.35,1
2025-03-04,R17,33.492,0.1596,43.131,67.084,78.599,8.206,1
2025-03-05,R17,34.488,0.0869,5.091,49.359,38.32,10.098,1
2025-03-06,R17,33.517,0.1643,3.305,53.855,38.306,11.228,1
2025-03-07,R17,33.274,0.1921,19.64,57.643,74.784,9.515,1
2025-03-08,R17,34.954,0.25,20.088,60.37,80.37,9.627,1
2025-03-09,R17,33.075,0.1882,11.04,58.687,43.566,10.272,1
2025-03-10,R17,35.796,0.1637,4.888,55.232,35.16,9.9,1
2025-03-11,R17,34.278,0.2232,3.309,53.685,43.949,9.182,1
2025-03-12,R17,30.568,0.2202,5.246,54.262,68.771,7.577,1
2025-03-13,R17,34.475,0.057,1.342,52.103,14.023,11.978,1
2025-03-14,R17,33.409,0.2689,33.341,61.412,85.592,8.402,1
2025-03-15,R17,34.001,0.128,14.471,46.612,69.667,9.287,1
2025-03-16,R17,37.43,0.1056,3.982,51.412,56.087,10.89,1
2025-03-17,R17,31.987,0.2029,12.21,54.609,54.079,9.54,1
2025-03-18,R17,36.458,0.05,2.481,49.476,58.873,10.283,1
2025-03-19,R17,33.624,0.1989,2.534,57.835,21.121,11.527,1
2025-03-20,R17,36.263,0.2023,7.126,48.568,62.081,10.836,1
2025-03-21,R17,32.485,0.1794,2.526,51.899,39.728,10.316,1
2025-03-22,R17,36.044,0.2391,9.554,52.554,53.34,10.218,1
2025-03-23,R17,32.221,0.1639,1.16,45.463,23.924,11.679,1
2025-03-24,R17,33.383,0.2415,33.433,58.9,100,6.48,1
2025-03-25,R17,33.964,0.1647,2.244,47.816,44.179,9.377,1
2025-03-26,R17,32.522,0.1934,5.892,49.384,55.069,10.14,1
2025-03-27,R17,36.362,0.1645,8.623,55.646,48.014,10.147,1
2025-03-28,R17,32.621,0.1412,10.915,59.193,87.387,8.233,1
2025-03-29,R17,31.454,0.2039,10.178,61.338,33.504,8.964,1
2025-03-30,R17,32.78,0.1641,1.291,49.351,12.766,12.035,1
2025-03-31,R17,32.734,0.1799,10.385,57.59,47.679,9.41,1
2025-04-01,R17,34.34,0.2295,4.803,54.62,76.851,7.745,1
2025-04-02,R17,36.0,0.1273,20.239,58.029,49.33,11.503,1
2025-04-03,R17,31.633,0.2295,8.084,52.914,52.174,9.643,1
2025-04-04,R17,34.025,0.1479,12.686,57.734,66.767,8.205,1
2025-04-05,R17,31.311,0.1399,14.233,54.268,46.065,9.642,1
2025-04-06,R17,32.084,0.1393,4.205,52.536,40.974,8.689,1
2025-04-07,R17,32.063,0.1512,22.77,61.826,68.457,9.034,1
2025-04-08,R17,32.281,0.0643,1.21,53.19,62.207,8.201,1
2025-04-09,R17,33.622,0.2044,16.869,58.371,55.414,9.311,1
2025-04-10,R17,32.785,0.1874,4.273,53.286,25.776,10.0,1
2025-04-11,R17,34.1,0.0662,2.491,54.38,24.475,11.283,1
2025-04-12,R17,30.986,0.147,12.206,53.075,44.209,10.204,1
2025-04-13,R17,32.104,0.1637,6.287,55.279,65.642,9.434,1
2025-04-14,R17,32.391,0.1796,8.346,61.125,55.506,9.554,1
2025-04-15,R17,32.087,0.2286,51.81,66.009,99.942,6.633,0
2025-04-16,R17,34.625,0.183,6.781,48.908,34.415,11.868,1
2025-04-17,R17,35.299,0.05,13.452,56.926,83.646,10.04,1
2025-04-18,R17,37.642,0.05,4.816,50.444,50.81,10.175,1
2025-04-19,R17,35.078,0.1465,9.326,49.225,76.016,10.06,1
2025-04-20,R17,34.376,0.1436,6.74,53.753,53.049,10.975,1
2025-04-21,R17,34.777,0.1057,12.412,49.282,70.72,9.237,1
2025-04-22,R17,33.808,0.1991,2.557,52.323,53.083,9.333,1
2025-04-23,R17,29.024,0.2438,0.682,57.285,55.982,9.25,1
2025-04-24,R17,33.747,0.05,11.325,52.546,38.751,10.626,1
2025-04-25,R17,32.303,0.1462,6.635,56.194,39.01,10.045,1
2025-04-26,R17,33.368,0.1847,4.786,53.588,23.119,11.291,1
2025-04-27,R17,29.649,0.1273,4.686,57.793,53.852,8.854,1
2025-04-28,R17,33.498,0.1164,28.448,64.21,75.41,9.031,1
2025-04-29,R17,32.877,0.1854,3.649,53.903,52.738,11.703,1
2025-04-30,R17,30.186,0.1886,2.69,48.087,46.694,9.49,1
2025-05-01,R17,33.11,0.2239,9.502,56.203,31.586,10.336,1
2025-05-02,R17,33.091,0.1599,7.969,48.79,35.89,10.931,1
2025-05-03,R17,31.293,0.143,6.008,54.978,42.521,10.309,1
2025-05-04,R17,33.441,0.1239,6.638,50.951,67.686,9.068,1
2025-05-05,R17,32.375,0.1157,1.588,53.794,71.676,8.078,1
2025-05-06,R17,33.947,0.1814,1.801,48.17,29.902,11.053,1
2025-05-07,R17,31.688,0.123,10.08,58.653,67.675,8.353,1
2025-05-08,R17,32.097,0.2167,17.903,61.937,41.699,10.914,1
2025-05-09,R17,31.349,0.1482,8.033,59.182,56.189,8.391,1
2025-05-10,R17,35.851,0.0776,6.743,53.042,39.418,11.791,1
2025-05-11,R17,34.191,0.1271,18.758,57.388,49.239,9.132,1
2025-05-12,R17,34.304,0.111,15.915,59.474,51.82,9.447,1
2025-05-13,R17,32.255,0.1442,12.342,57.696,50.105,9.661,1
2025-05-14,R17,35.056,0.1992,2.448,47.803,49.012,9.976,1
2025-05-15,R17,30.642,0.1327,6.961,52.747,42.948,8.92,1
2025-05-16,R17,32.009,0.1544,4.508,52.659,54.178,9.175,1
2025-05-17,R17,28.672,0.1021,5.72,57.231,48.431,7.98,1
2025-05-18,R17,29.733,0.2863,6.223,53.274,53.505,9.069,1
2025-05-19,R17,30.718,0.1579,7.878,55.139,30.811,10.198,1
2025-05-20,R17,31.162,0.2162,3.343,55.124,22.489,11.681,1
2025-05-21,R17,31.642,0.1908,1.73,54.144,39.321,9.359,1
2025-05-22,R17,32.293,0.1486,6.441,55.574,48.762,9.285,1
2025-05-23,R17,30.06,0.1403,2.439,52.158,31.284,11.033,1
2025-05-24,R17,31.663,0.0793,0.081,52.6,13.939,11.509,1
2025-05-25,R17,32.686,0.2663,16.99,56.651,98.873,7.091,0
2025-05-26,R17,31.747,0.2691,7.016,51.531,12.284,11.13,1
2025-05-27,R17,32.581,0.1002,7.214,51.645,41.376,9.976,1
2025-05-28,R17,31.699,0.2359,8.585,58.112,40.779,10.464,1
2025-05-29,R17,34.177,0.1201,6.251,52.621,53.349,9.729,1
2025-05-30,R17,31.564,0.1,6.193,51.674,61.177,9.051,1
2025-05-31,R17,35.643,0.2008,2.17,47.474,40.168,10.949,1
2025-06-01,R17,31.673,0.1671,0.457,54.976,48.19,11.042,1
2025-06-02,R17,32.172,0.1932,4.522,55.659,55.695,10.069,1
2025-06-03,R17,29.004,0.1139,3.897,54.8,55.615,9.327,1
2025-06-04,R17,34.336,0.167,23.06,55.779,78.54,7.854,1
2025-06-05,R17,33.16,0.1243,7.99,55.733,54.267,8.327,1
2025-06-06,R17,31.171,0.1609,10.473,57.345,46.236,9.829,1
2025-06-07,R17,29.952,0.2054,32.582,61.871,63.307,8.936,1
2025-06-08,R17,35.051,0.0833,6.95,55.09,61.856,8.7,1
2025-06-09,R17,31.643,0.2343,1.68,49.613,15.11,10.324,1
2025-06-10,R17,29.604,0.1537,8.639,55.75,40.758,7.974,1
2025-06-11,R17,28.691,0.2283,2.257,49.33,50.859,8.243,1
2025-06-12,R17,31.757,0.109,2.161,47.209,31.556,10.563,1
2025-06-13,R17,27.937,0.2313,3.319,59.622,32.86,9.098,1
2025-06-14,R17,30.685,0.1658,11.506,59.119,38.815,10.051,1
2025-06-15,R17,30.2,0.1628,1.629,53.872,30.834,10.799,1
2025-06-16,R17,30.385,0.1726,0.632,51.943,16.571,11.095,1
2025-06-17,R17,32.098,0.1507,1.769,48.711,37.466,10.515,1
2025-06-18,R17,28.464,0.2581,11.46,55.068,66.658,6.47,1
2025-06-19,R17,26.869,0.1778,4.603,57.301,86.518,5.216,1
2025-06-20,R17,28.793,0.149,4.83,56.163,85.278,7.875,1
2025-06-21,R17,29.657,0.0941,6.313,59.16,37.579,8.397,1
2025-06-22,R17,28.136,0.05,7.483,61.066,37.986,9.546,1
2025-06-23,R17,30.963,0.1507,2.176,47.308,28.697,11.44,1
2025-06-24,R17,30.352,0.1587,24.206,63.226,57.857,9.337,1
2025-06-25,R17,31.53,0.2242,6.007,48.171,55.631,8.079,1
2025-06-26,R17,29.367,0.192,17.811,59.253,54.538,8.907,1
2025-06-27,R17,29.994,0.2258,1.358,57.693,29.413,9.497,1
2025-06-28,R17,26.833,0.2326,4.15,55.365,65.903,7.474,1
2025-06-29,R17,29.303,0.2015,6.464,54.041,55.271,7.879,1
2025-06-30,R17,28.426,0.1492,4.489,55.354,26.493,9.734,1
2025-07-01,R17,25.362,0.2216,0.81,53.385,7.82,8.97,1
2025-07-02,R17,28.879,0.1234,3.123,55.944,40.52,11.353,1
2025-07-03,R17,30.755,0.3119,9.131,49.45,30.543,11.016,1
2025-07-04,R17,27.71,0.1998,0.302,54.092,34.024,9.555,1
2025-07-05,R17,26.823,0.2056,3.182,57.229,68.031,5.51,1
2025-07-06,R17,29.499,0.1802,1.128,54.502,67.832,8.28,1
2025-07-07,R17,29.065,0.1648,14.149,58.168,56.426,7.923,1
2025-07-08,R17,29.761,0.2006,7.11,51.199,27.501,11.478,1
2025-07-09,R17,27.466,0.2061,8.999,56.741,45.257,8.54,1
2025-07-10,R17,28.595,0.3067,12.985,53.073,55.275,8.34,1
2025-07-11,R17,28.305,0.2565,8.259,55.356,22.901,10.025,1
2025-07-12,R17,22.754,0.3012,3.329,54.234,41.734,5.663,1
2025-07-13,R17,26.948,0.2406,8.364,59.194,76.189,7.646,1
2025-07-14,R17,28.206,0.1288,6.518,49.297,74.691,7.061,1
2025-07-15,R17,27.383,0.2778,1.076,52.95,72.496,6.835,1
2025-07-16,R17,27.931,0.3672,5.739,56.871,28.322,11.012,1
2025-07-17,R17,26.566,0.2347,18.072,62.202,66.382,7.026,0
2025-07-18,R17,29.813,0.1677,3.602,56.544,49.744,8.991,1
2025-07-19,R17,27.845,0.175,16.947,62.176,53.904,7.775,1
2025-07-20,R17,28.159,0.1155,14.997,57.218,58.07,8.116,1
2025-07-21,R17,25.317,0.2366,1.644,58.873,33.169,8.117,1
2025-07-22,R17,25.742,0.2638,8.171,57.718,64.926,6.897,1
2025-07-23,R17,26.623,0.3644,5.362,59.711,73.421,6.05,0
2025-07-24,R17,29.155,0.1745,11.167,52.814,49.225,8.231,1
2025-07-25,R17,25.621,0.3399,14.689,61.415,76.407,6.7,0
2025-07-26,R17,25.739,0.2665,3.493,59.137,56.026,9.093,1
2025-07-27,R17,25.325,0.2658,11.128,57.054,60.954,7.607,1
2025-07-28,R17,26.483,0.2459,17.212,61.834,90.791,5.879,0
2025-07-29,R17,26.569,0.2378,5.272,55.785,67.814,6.149,1
2025-07-30,R17,21.415,0.2949,9.143,59.386,73.434,6.303,1
2025-07-31,R17,26.765,0.2538,8.429,56.784,57.357,9.348,1
2025-08-01,R17,26.864,0.1996,9.259,57.477,37.887,8.445,1
2025-08-02,R17,24.916,0.1356,6.18,55.092,64.934,6.285,1
2025-08-03,R17,28.809,0.2847,7.836,56.078,22.474,10.963,1
2025-08-04,R17,27.722,0.1181,13.72,55.548,66.083,7.643,1
2025-08-05,R17,24.072,0.184,6.856,57.896,53.707,7.025,1
2025-08-06,R17,22.576,0.2231,4.946,57.002,34.438,7.973,1
2025-08-07,R17,25.989,0.2491,11.434,60.224,57.133,7.3,1
2025-08-08,R17,29.722,0.1644,3.456,51.483,42.415,10.137,1
2025-08-09,R17,25.207,0.2452,5.309,61.087,44.643,9.086,1
2025-08-10,R17,26.496,0.2653,8.391,58.004,52.43,7.902,1
2025-08-11,R17,27.536,0.2717,8.166,53.564,42.274,8.495,1
2025-08-12,R17,27.984,0.2537,4.145,53.166,48.401,8.739,1
2025-08-13,R17,27.529,0.284,2.095,52.608,44.875,9.295,1
2025-08-14,R17,29.19,0.2721,7.622,55.388,48.594,9.534,1
2025-08-15,R17,26.555,0.2983,3.794,53.614,43.004,8.241,1
2025-08-16,R17,24.191,0.2201,3.129,60.273,93.505,5.439,0
2025-08-17,R17,27.654,0.2806,14.238,58.584,62.527,7.178,1
2025-08-18,R17,22.336,0.3846,6.858,64.08,27.593,7.733,0
2025-08-19,R17,26.286,0.2263,2.977,55.466,47.275,9.472,1
2025-08-20,R17,23.1,0.2808,3.965,61.207,24.493,8.971,1
2025-08-21,R17,21.745,0.2524,24.838,68.139,73.847,5.479,0
2025-08-22,R17,21.454,0.41,5.846,58.349,21.9,7.836,0
2025-08-23,R17,24.351,0.2671,11.777,60.81,65.561,5.889,0
2025-08-24,R17,26.318,0.2027,18.139,61.062,71.61,7.699,1
2025-08-25,R17,24.382,0.244,15.743,64.833,72.684,7.723,1
2025-08-26,R17,25.87,0.1983,8.507,57.471,48.908,8.579,1
2025-08-27,R17,26.294,0.2435,21.971,61.273,82.907,5.396,0
2025-08-28,R17,21.143,0.128,7.668,57.462,19.34,8.397,1
2025-08-29,R17,21.977,0.2757,4.671,67.272,58.633,7.033,0
2025-08-30,R17,27.678,0.1472,8.517,52.947,73.293,7.904,1
2025-08-31,R17,22.667,0.3054,8.596,58.884,34.836,7.51,1
2025-09-01,R17,22.342,0.3411,4.031,58.231,17.916,7.555,1
2025-09-02,R17,26.559,0.2594,6.958,56.843,54.9,8.02,1
2025-09-03,R17,24.714,0.3074,4.897,59.107,52.129,8.86,1
2025-09-04,R17,23.777,0.264,34.919,70.771,96.283,5.219,0
2025-09-05,R17,27.215,0.2362,7.155,55.472,17.803,9.793,1
2025-09-06,R17,25.727,0.2594,13.774,61.004,54.096,5.827,1
2025-09-07,R17,22.016,0.2452,10.818,62.939,37.829,7.244,1
2025-09-08,R17,22.569,0.3155,6.662,62.93,27.893,8.838,1
2025-09-09,R17,28.787,0.2113,8.561,55.104,87.859,7.742,1
2025-09-10,R17,24.44,0.3001,3.43,57.147,28.259,9.641,1
2025-09-11,R17,25.739,0.2537,37.168,71.438,91.093,5.203,0
2025-09-12,R17,24.386,0.235,8.529,60.722,43.693,7.893,1
2025-09-13,R17,22.533,0.2198,7.455,61.505,78.138,7.683,1
2025-09-14,R17,23.722,0.2989,2.008,56.398,50.512,6.613,1
2025-09-15,R17,24.861,0.2662,3.919,56.318,25.975,10.515,1
2025-09-16,R17,22.448,0.1978,10.03,54.518,54.618,6.587,1
2025-09-17,R17,21.611,0.237,5.682,54.647,51.624,8.359,1
2025-09-18,R17,24.174,0.244,30.645,65.937,71.975,7.579,0
2025-09-19,R17,26.772,0.1964,3.499,54.931,51.113,8.94,1
2025-09-20,R17,23.406,0.1973,19.129,63.856,53.388,7.521,0
2025-09-21,R17,26.873,0.2174,8.34,60.074,40.45,9.542,1
2025-09-22,R17,23.981,0.319,8.879,57.184,40.329,7.397,1
2025-09-23,R17,23.64,0.2857,10.503,60.595,24.746,10.026,1
2025-09-24,R17,23.522,0.1579,5.27,57.356,30.865,8.725,1
2025-09-25,R17,24.333,0.2074,4.217,55.715,46.17,8.448,1
2025-09-26,R17,25.371,0.1956,13.082,59.798,55.599,7.26,1
2025-09-27,R17,22.341,0.253,16.523,59.315,55.24,6.36,0
2025-09-28,R17,22.341,0.2549,0.606,54.809,28.457,8.711,1
2025-09-29,R17,24.734,0.2037,7.187,57.208,31.294,8.58,1
2025-09-30,R17,27.747,0.3402,21.769,60.483,42.914,9.602,1
2025-10-01,R17,22.1,0.2578,18.176,61.054,69.516,4.731,0
2025-10-02,R17,24.153,0.2833,1.351,57.372,34.024,8.967,1
2025-10-03,R17,24.129,0.3257,25.271,65.42,65.329,7.679,0
2025-10-04,R17,23.389,0.2351,2.846,60.181,52.344,7.442,1
2025-10-05,R17,26.251,0.2858,4.587,54.382,15.963,10.949,1
2025-10-06,R17,22.509,0.1965,2.26,66.345,30.571,7.629,1
2025-10-07,R17,26.192,0.2312,0.756,49.967,10.241,11.349,1
2025-10-08,R17,23.964,0.2873,1.221,56.468,46.814,9.206,1
2025-10-09,R17,26.371,0.2052,2.252,56.493,56.423,9.391,1
2025-10-10,R17,26.448,0.215,8.095,60.821,46.668,7.408,1
2025-10-11,R17,23.532,0.4181,2.901,55.129,67.577,7.937,1
2025-10-12,R17,24.469,0.1777,3.125,54.188,78.487,6.425,1
2025-10-13,R17,27.268,0.1991,2.145,54.119,23.483,11.383,1
2025-10-14,R17,24.613,0.2287,1.548,56.799,54.676,6.576,1
2025-10-15,R17,25.268,0.2553,18.455,61.858,78.517,5.942,0
2025-10-16,R17,23.969,0.2467,3.236,53.362,62.254,6.994,1
2025-10-17,R17,25.206,0.2237,8.523,60.074,52.474,8.834,1
2025-10-18,R17,24.415,0.2884,6.19,58.259,71.152,5.436,1
2025-10-19,R17,23.075,0.3071,3.222,60.999,37.66,7.392,1
2025-10-20,R17,24.711,0.3683,4.116,56.79,36.856,7.767,1
2025-10-21,R17,25.269,0.2097,18.09,60.874,65.489,6.007,0
2025-10-22,R17,21.894,0.2044,5.619,61.625,65.927,5.482,0
2025-10-23,R17,23.193,0.262,8.592,64.824,86.568,5.537,0
2025-10-24,R17,25.456,0.2137,26.102,66.384,86.087,7.365,0
2025-10-25,R17,22.246,0.236,10.81,63.551,64.213,7.388,1
2025-10-26,R17,22.801,0.1796,5.632,58.621,21.967,6.448,1
2025-10-27,R17,25.214,0.2178,5.955,57.457,59.751,7.066,1
2025-10-28,R17,24.868,0.3874,7.81,56.687,36.121,7.5,1
2025-10-29,R17,24.882,0.2479,2.977,57.432,24.761,10.394,1
2025-10-30,R17,23.872,0.2514,13.021,58.967,71.262,6.251,0
2025-10-31,R17,27.9,0.1865,20.619,65.235,43.212,8.942,1
2025-11-01,R17,26.85,0.2862,0.412,56.894,5,9.269,1
2025-11-02,R17,25.416,0.1511,15.37,59.938,78.04,6.165,1
2025-11-03,R17,25.532,0.1865,4.879,58.761,48.185,8.544,1
2025-11-04,R17,26.032,0.2892,1.657,53.254,22.778,11.113,1
2025-11-05,R17,29.07,0.1531,1.094,56.867,26.985,11.005,1
2025-11-06,R17,24.306,0.3619,6.927,54.783,54.341,7.67,1
2025-11-07,R17,28.663,0.1703,11.316,54.769,56.355,9.497,1
2025-11-08,R17,26.802,0.2087,9.33,61.786,33.171,9.443,1
2025-11-09,R17,24.287,0.1817,10.726,58.667,29.819,8.458,1
2025-11-10,R17,22.206,0.24,2.199,56.953,50.247,8.155,1
2025-11-11,R17,28.259,0.141,15.681,54.435,76.618,8.006,1
2025-11-12,R17,23.749,0.3398,25.693,66.556,75.161,6.135,0
2025-11-13,R17,29.471,0.1733,24.396,58.877,85.534,6.183,1
2025-11-14,R17,27.32,0.2304,3.974,59.708,28.582,8.74,1
2025-11-15,R17,24.192,0.2451,12.613,59.306,63.074,6.675,1
2025-11-16,R17,24.875,0.2649,3.688,60.068,44.688,7.463,1
2025-11-17,R17,25.102,0.2818,7.697,55.672,55.699,8.396,1
2025-11-18,R17,21.836,0.3889,2.334,63.692,51.683,7.402,1
2025-11-19,R17,29.395,0.1813,10.626,58.981,50.763,9.09,1
2025-11-20,R17,26.246,0.1832,8.596,57.81,40.003,10.643,1
2025-11-21,R17,24.973,0.098,14.501,64.589,72.057,6.304,1
2025-11-22,R17,25.693,0.2285,1.571,55.447,40.187,8.616,1
2025-11-23,R17,27.209,0.1586,9.077,59.322,46.343,9.253,1
2025-11-24,R17,24.541,0.1981,7.454,62.137,46.073,7.556,0
2025-11-25,R17,27.104,0.1857,13.62,57.788,54.988,8.051,1
2025-11-26,R17,24.914,0.247,13.008,57.667,70.033,7.667,1
2025-11-27,R17,25.469,0.341,8.04,56.993,25.334,8.901,1
2025-11-28,R17,22.835,0.2424,2.544,60.827,45.18,7.687,1
2025-11-29,R17,25.484,0.2662,26.443,67.131,83.94,7.158,0
2025-11-30,R17,24.08,0.2996,8.581,59.919,67.857,7.766,1
2025-12-01,R17,26.011,0.1518,1.529,57.995,34.27,9.579,1
2025-12-02,R17,28.722,0.1101,6.54,53.577,53.012,8.268,1
2025-12-03,R17,27.269,0.2028,22.599,63.753,44.152,9.944,1
2025-12-04,R17,26.495,0.3074,6.935,55.902,46.22,9.434,1
2025-12-05,R17,24.736,0.26,18.106,61.745,54.005,6.413,1
2025-12-06,R17,26.477,0.2579,3.373,57.448,38.488,7.587,1
2025-12-07,R17,27.746,0.2603,3.631,57.893,40.428,8.815,1
2025-12-08,R17,28.149,0.1817,15.114,58.762,39.048,9.173,1
2025-12-09,R17,22.074,0.1953,24.192,61.939,82.733,5.432,0
2025-12-10,R17,27.46,0.2121,7.489,52.378,32.275,7.654,1
2025-12-11,R17,26.861,0.2226,2.692,52.128,40.721,9.206,1
2025-12-12,R17,29.601,0.3246,4.565,53.65,65.933,8.362,1
2025-12-13,R17,28.292,0.2317,13.29,54.117,65.846,7.303,1
2025-12-14,R17,24.928,0.3347,6.402,64.908,43.011,8.241,1
2025-12-15,R17,27.552,0.151,1.809,51.648,64.819,6.611,1
2025-12-16,R17,27.559,0.2776,18.985,61.385,51.031,7.552,1
2025-12-17,R17,29.64,0.1477,1.023,51.434,33.065,9.712,1
2025-12-18,R17,28.918,0.1691,17.275,62.189,44.074,9.715,1
2025-12-19,R17,29.109,0.1092,1.081,50.907,41.566,8.052,1
2025-12-20,R17,28.353,0.1872,6.718,57.882,84.258,6.823,1
2025-12-21,R17,28.12,0.1414,14.468,58.738,55.908,7.627,1
2025-12-22,R17,26.502,0.1881,3.569,53.456,28.454,10.066,1
2025-12-23,R17,27.182,0.2684,13.677,60.381,60.807,8.272,1
2025-12-24,R17,26.688,0.2652,15.347,62.339,64.069,8.053,1
2025-12-25,R17,30.079,0.1413,4.125,55.811,15.345,11.108,1
2025-12-26,R17,28.566,0.0944,25.326,60.535,47.713,9.105,1
2025-12-27,R17,25.559,0.3016,6.43,56.379,53.784,8.305,1
2025-12-28,R17,26.971,0.3048,7.125,64.15,36.801,7.683,1
2025-12-29,R17,30.386,0.0517,7.449,51.141,52.83,8.725,1
2025-12-30,R17,28.586,0.2263,16.13,57.048,34.572,8.711,1
2025-12-31,R17,25.782,0.2804,7.181,55.775,63.501,7.628,1
2025-01-01,R18,22.674,0.3385,3.92,65.031,40.274,8.018,1
2025-01-02,R18,25.097,0.2964,9.594,67.852,70.284,7.532,1
2025-01-03,R18,20.651,0.389,16.492,71.097,48.811,7.718,0
2025-01-04,R18,25.388,0.3743,2.266,60.929,57.031,8.282,1
2025-01-05,R18,23.826,0.2261,3.499,62.782,35.235,7.918,1
2025-01-06,R18,23.537,0.319,3.829,63.748,27.408,9.495,1
2025-01-07,R18,23.616,0.327,15.515,65.117,34.221,8.178,0
2025-01-08,R18,24.116,0.2629,8.388,62.574,81.538,6.48,1
2025-01-09,R18,25.85,0.4461,3.339,64.547,28.946,8.862,1
2025-01-10,R18,22.3,0.1743,29.296,68.385,62.976,7.019,0
2025-01-11,R18,26.513,0.4261,0.426,56.715,8.676,8.565,1
2025-01-12,R18,27.545,0.3298,9.928,64.062,43.13,10.927,1
2025-01-13,R18,23.943,0.1928,3.866,64.838,40.695,8.214,1
2025-01-14,R18,23.228,0.2011,3.898,64.482,46.351,8.391,1
2025-01-15,R18,24.361,0.3978,39.812,76.674,69.409,7.011,0
2025-01-16,R18,23.094,0.3446,4.209,65.407,59.934,6.655,1
2025-01-17,R18,27.257,0.2978,44.034,73.156,76.5,8.158,0
2025-01-18,R18,26.509,0.1905,4.589,58.0,38.462,8.729,1
2025-01-19,R18,23.76,0.3592,24.053,72.079,67.071,4.818,0
2025-01-20,R18,24.195,0.3382,43.78,78.637,95.257,5.989,0
2025-01-21,R18,23.782,0.2938,8.014,64.204,52.106,7.946,1
2025-01-22,R18,23.617,0.397,22.412,69.293,58.136,6.421,0
2025-01-23,R18,26.178,0.309,5.505,64.165,31.332,9.377,1
2025-01-24,R18,23.782,0.2692,16.272,69.787,36.354,7.512,0
2025-01-25,R18,27.75,0.3991,13.657,63.802,72.309,7.652,1
2025-01-26,R18,25.531,0.4307,3.821,62.117,50.105,7.397,1
2025-01-27,R18,22.142,0.3037,12.706,70.481,83.56,6.14,0
2025-01-28,R18,27.52,0.2626,1.443,57.986,34.67,8.404,1
2025-01-29,R18,25.963,0.2817,5.659,57.956,56.534,8.048,1
2025-01-30,R18,23.559,0.3488,10.517,64.684,19.32,9.888,1
2025-01-31,R18,25.18,0.3164,3.251,57.217,36.805,8.832,1
2025-02-01,R18,25.445,0.3082,3.267,60.389,42.689,8.53,1
2025-02-02,R18,23.809,0.3915,17.4,70.343,41.486,7.956,0
2025-02-03,R18,23.904,0.4214,6.974,66.67,40.401,7.664,1
2025-02-04,R18,27.325,0.2315,5.829,64.638,23.547,8.898,1
2025-02-05,R18,24.712,0.267,15.538,62.746,61.915,8.481,1
2025-02-06,R18,27.854,0.347,8.265,58.989,44.441,8.346,1
2025-02-07,R18,25.48,0.3867,0.987,63.85,21.851,10.266,1
2025-02-08,R18,28.137,0.2437,23.38,67.758,76.665,6.977,0
2025-02-09,R18,27.573,0.2446,10.208,62.017,54.799,7.628,1
2025-02-10,R18,28.176,0.2842,2.563,59.254,58.574,9.681,1
2025-02-11,R18,27.632,0.3803,5.732,57.401,44.296,9.434,1
2025-02-12,R18,28.814,0.2848,6.442,66.102,24.917,10.069,1
2025-02-13,R18,28.663,0.3513,7.32,57.434,59.936,7.228,1
2025-02-14,R18,25.9,0.2305,12.747,63.768,42.912,6.304,0
2025-02-15,R18,24.528,0.2852,7.679,62.029,31.66,9.492,1
2025-02-16,R18,26.057,0.3497,3.897,59.032,61.36,7.569,1
2025-02-17,R18,27.404,0.2938,10.361,61.258,77.641,6.16,1
2025-02-18,R18,25.328,0.3203,25.027,69.861,67.706,7.49,0
2025-02-19,R18,28.998,0.3687,7.859,61.928,70.623,7.673,1
2025-02-20,R18,26.373,0.4397,5.032,56.932,56.568,8.413,1
2025-02-21,R18,27.058,0.4656,21.287,69.492,75.062,5.687,0
2025-02-22,R18,27.916,0.2644,18.54,63.153,77.89,9.567,1
2025-02-23,R18,27.76,0.3239,3.288,58.763,20.78,8.976,1
2025-02-24,R18,27.179,0.3929,3.861,59.23,32.662,9.839,1
2025-02-25,R18,27.351,0.3009,11.604,64.973,70.916,6.691,1
2025-02-26,R18,28.684,0.3374,2.505,58.449,64.732,8.082,1
2025-02-27,R18,27.205,0.2453,12.945,64.308,53.762,7.915,1
2025-02-28,R18,23.244,0.2813,1.552,61.735,35.605,8.914,1
2025-03-01,R18,29.378,0.3564,8.872,63.318,55.65,9.494,1
2025-03-02,R18,28.433,0.3507,2.815,56.387,68.225,7.366,1
2025-03-03,R18,25.635,0.3917,10.202,63.106,56.38,7.91,1
2025-03-04,R18,27.827,0.3897,17.218,59.41,80.547,6.885,0
2025-03-05,R18,31.913,0.2508,10.463,59.669,38.489,12.628,1
2025-03-06,R18,29.977,0.3057,12.823,62.567,66.103,8.522,1
2025-03-07,R18,26.333,0.2424,1.829,62.214,56.433,8.988,1
2025-03-08,R18,27.063,0.3155,4.807,59.722,50.679,8.118,1
2025-03-09,R18,28.982,0.2785,1.124,58.75,48.532,8.162,1
2025-03-10,R18,27.906,0.3075,1.648,57.685,34.907,9.286,1
2025-03-11,R18,28.1,0.3216,5.47,59.696,41.777,10.175,1
2025-03-12,R18,29.714,0.3788,1.807,61.76,41.693,11.07,1
2025-03-13,R18,28.823,0.2803,4.325,60.586,58.781,7.63,1
2025-03-14,R18,27.11,0.2533,7.076,59.259,69.316,7.813,1
2025-03-15,R18,30.909,0.2501,7.275,58.654,57.278,9.898,1
2025-03-16,R18,28.516,0.2174,7.528,59.696,64.992,8.669,1
2025-03-17,R18,27.217,0.2183,8.243,66.855,69.063,7.295,1
2025-03-18,R18,28.81,0.2585,8.919,59.749,69.61,8.729,1
2025-03-19,R18,29.539,0.3287,3.08,60.186,62.823,7.828,1
2025-03-20,R18,29.131,0.3433,3.474,61.686,29.683,10.967,1
2025-03-21,R18,31.77,0.2094,4.402,56.012,39.895,11.499,1
2025-03-22,R18,28.052,0.3395,2.887,55.66,30.431,10.469,1
2025-03-23,R18,30.656,0.3191,13.132,61.57,65.57,8.252,1
2025-03-24,R18,30.021,0.3188,16.447,66.27,60.396,9.234,1
2025-03-25,R18,25.892,0.2985,1.053,61.091,10.093,10.019,1
2025-03-26,R18,28.972,0.2234,5.145,63.73,27.661,9.665,1
2025-03-27,R18,26.598,0.3584,7.96,62.92,47.204,8.069,1
2025-03-28,R18,28.209,0.3357,4.241,60.951,49.31,8.072,1
2025-03-29,R18,25.805,0.2644,3.28,59.676,53.079,7.575,1
2025-03-30,R18,29.059,0.2615,14.848,65.42,48.568,7.521,1
2025-03-31,R18,28.18,0.2064,13.827,69.191,72.086,7.854,1
2025-04-01,R18,28.983,0.3181,0.039,53.871,13.852,10.938,1
2025-04-02,R18,28.123,0.4135,30.725,67.986,74.417,7.292,0
2025-04-03,R18,29.492,0.2836,13.525,65.438,49.272,9.207,1
2025-04-04,R18,26.434,0.338,7.073,58.764,65.911,7.348,1
2025-04-05,R18,27.612,0.3126,20.535,61.997,57.852,7.44,0
2025-04-06,R18,27.01,0.3366,0.385,58.649,32.967,7.13,1
2025-04-07,R18,31.06,0.279,4.549,57.68,25.663,11.827,1
2025-04-08,R18,30.085,0.2037,15.766,62.516,48.115,8.746,1
2025-04-09,R18,28.473,0.2298,15.064,62.991,57.177,9.477,1
2025-04-10,R18,29.884,0.3076,7.641,60.696,34.179,9.906,1
2025-04-11,R18,29.956,0.3075,9.266,61.834,29.927,10.727,1
2025-04-12,R18,25.067,0.2614,16.531,72.008,76.457,7.58,0
2025-04-13,R18,25.749,0.3334,3.456,58.734,69.646,7.539,1
2025-04-14,R18,27.411,0.2062,11.543,64.911,49.305,8.218,1
2025-04-15,R18,28.051,0.3129,2.713,61.254,55.596,8.83,1
2025-04-16,R18,29.148,0.2422,26.333,65.557,75.136,6.553,1
2025-04-17,R18,25.511,0.2885,3.171,56.341,70.135,6.73,1
2025-04-18,R18,29.945,0.3407,6.59,57.259,67.638,7.486,1
2025-04-19,R18,30.766,0.4186,3.637,60.427,44.349,9.746,1
2025-04-20,R18,24.886,0.4206,14.853,69.082,68.093,8.227,0
2025-04-21,R18,24.042,0.3964,7.661,68.125,58.555,7.018,0
2025-04-22,R18,29.24,0.3088,3.579,60.111,52.044,8.896,1
2025-04-23,R18,30.065,0.2725,12.497,65.258,75.276,7.561,1
2025-04-24,R18,28.245,0.2644,20.15,63.405,63.194,7.453,1
2025-04-25,R18,29.299,0.3458,2.562,60.853,40.736,9.056,1
2025-04-26,R18,29.493,0.1553,11.061,63.594,39.365,9.314,1
2025-04-27,R18,27.839,0.2789,19.949,66.758,82.057,6.304,0
2025-04-28,R18,29.57,0.278,15.547,64.335,52.975,8.013,1
2025-04-29,R18,29.227,0.2668,11.029,61.818,54.488,8.476,1
2025-04-30,R18,28.115,0.3687,4.375,57.8,14.818,10.516,1
2025-05-01,R18,29.726,0.284,4.078,58.131,39.31,7.925,1
2025-05-02,R18,26.714,0.3772,1.365,59.757,18.865,9.508,1
2025-05-03,R18,29.128,0.3769,22.102,59.751,64.276,7.391,1
2025-05-04,R18,27.819,0.3943,11.336,63.852,49.538,8.668,1
2025-05-05,R18,28.042,0.3603,5.409,57.66,63.578,8.796,1
2025-05-06,R18,27.718,0.3896,0.806,60.922,40.963,7.116,1
2025-05-07,R18,24.583,0.2767,11.546,70.503,46.866,8.322,0
2025-05-08,R18,25.326,0.2627,15.067,65.318,63.074,7.021,0
2025-05-09,R18,26.367,0.3127,3.573,64.881,29.051,7.831,1
2025-05-10,R18,29.202,0.2925,14.338,60.596,79.301,7.646,1
2025-05-11,R18,26.003,0.3129,22.868,67.091,95.454,5.96,0
2025-05-12,R18,26.559,0.4191,10.04,59.569,76.545,8.333,1
2025-05-13,R18,27.313,0.2771,2.819,60.823,57.277,8.88,1
2025-05-14,R18,31.259,0.3039,4.195,54.625,34.906,10.344,1
2025-05-15,R18,23.645,0.2712,20.784,70.895,72.942,5.822,0
2025-05-16,R18,27.24,0.4302,3.071,58.644,46.594,8.714,1
2025-05-17,R18,27.219,0.2915,0.231,58.562,5,10.243,1
2025-05-18,R18,25.513,0.4199,12.961,61.181,62.507,7.828,1
2025-05-19,R18,26.033,0.3388,5.488,64.367,55.432,9.045,1
2025-05-20,R18,25.329,0.3809,10.769,66.4,37.339,10.356,1
2025-05-21,R18,25.038,0.3048,8.776,64.753,56.986,6.472,1
2025-05-22,R18,28.21,0.2527,3.492,59.404,31.621,9.51,1
2025-05-23,R18,26.949,0.2732,19.067,64.458,73.794,6.659,0
2025-05-24,R18,24.762,0.303,4.979,57.487,46.174,7.593,0
2025-05-25,R18,26.494,0.3708,5.605,61.961,58.455,9.357,1
2025-05-26,R18,24.291,0.3378,12.828,57.465,57.625,7.259,1
2025-05-27,R18,31.026,0.2561,11.171,59.388,40.783,8.772,1
2025-05-28,R18,27.388,0.3312,5.258,65.388,25.866,9.853,1
2025-05-29,R18,26.09,0.3407,8.195,60.256,59.011,8.877,1
2025-05-30,R18,22.32,0.481,5.057,62.386,39.575,7.513,1
2025-05-31,R18,27.526,0.2764,20.966,68.428,76.884,6.265,0
2025-06-01,R18,26.687,0.4369,3.798,59.158,74.709,7.175,1
2025-06-02,R18,27.818,0.2881,1.211,52.678,8.857,11.555,1
2025-06-03,R18,27.167,0.215,11.216,68.419,47.067,8.436,0
2025-06-04,R18,23.894,0.3739,1.035,58.979,38.004,8.649,1
2025-06-05,R18,24.508,0.2998,7.944,60.212,48.186,7.77,1
2025-06-06,R18,24.145,0.3481,0.781,66.483,17.883,8.799,1
2025-06-07,R18,25.844,0.3484,8.265,65.612,52.083,7.655,0
2025-06-08,R18,24.177,0.3327,11.531,70.506,64.708,7.733,1
2025-06-09,R18,27.24,0.2014,13.439,67.28,49.568,6.929,0
2025-06-10,R18,28.764,0.334,12.713,67.969,58.368,8.352,1
2025-06-11,R18,27.199,0.2063,4.107,66.738,47.325,8.336,1
2025-06-12,R18,28.157,0.3103,20.226,61.921,73.126,6.782,1
2025-06-13,R18,24.207,0.3484,9.615,63.057,72.767,6.566,0
2025-06-14,R18,28.234,0.2921,0.929,62.133,60.368,9.309,1
2025-06-15,R18,23.931,0.386,13.953,64.075,76.268,4.819,0
2025-06-16,R18,22.795,0.3082,12.269,66.876,71.783,6.224,0
2025-06-17,R18,23.723,0.313,14.059,64.163,71.931,5.521,0
2025-06-18,R18,25.534,0.2064,39.034,72.601,83.567,6.13,0
2025-06-19,R18,22.101,0.3384,0.194,61.647,5,8.37,1
2025-06-20,R18,23.669,0.3435,2.601,63.065,54.857,7.171,1
2025-06-21,R18,26.678,0.2741,6.482,57.499,47.179,9.674,1
2025-06-22,R18,27.982,0.3621,4.712,58.051,62.182,7.951,1
2025-06-23,R18,25.191,0.3591,13.949,66.335,71.924,6.023,0
2025-06-24,R18,28.357,0.3236,7.009,64.705,42.527,9.081,1
2025-06-25,R18,20.593,0.4037,8.563,60.019,56.187,5.537,0
2025-06-26,R18,22.353,0.4059,5.399,61.786,83.175,6.512,1
2025-06-27,R18,23.655,0.3414,0.997,62.94,42.042,8.637,1
2025-06-28,R18,24.001,0.2839,7.867,69.346,59.785,8.37,1
2025-06-29,R18,25.405,0.2758,8.003,65.119,67.204,6.184,0
2025-06-30,R18,26.317,0.3443,7.733,68.484,47.844,8.497,1
2025-07-01,R18,20.92,0.4286,26.183,77.252,65.393,6.447,0
2025-07-02,R18,23.735,0.332,1.557,57.873,31.427,9.201,1
2025-07-03,R18,23.361,0.3415,6.127,59.523,37.783,8.69,1
2025-07-04,R18,20.102,0.2955,3.112,63.446,77.904,4.682,0
2025-07-05,R18,24.247,0.4322,10.167,63.858,50.298,6.8,0
2025-07-06,R18,22.575,0.3408,16.573,70.398,44.406,7.117,0
2025-07-07,R18,22.347,0.3514,1.596,59.057,60.503,7.32,1
2025-07-08,R18,23.15,0.3967,5.409,68.414,56.036,7.946,0
2025-07-09,R18,24.53,0.3306,4.226,57.793,50.067,7.824,1
2025-07-10,R18,22.821,0.369,0.938,61.358,6.915,11.608,1
2025-07-11,R18,20.237,0.3395,3.243,63.102,43.517,7.207,0
2025-07-12,R18,23.576,0.2358,0.441,60.036,54.212,8.78,1
2025-07-13,R18,23.146,0.271,7.574,65.167,41.237,7.953,1
2025-07-14,R18,25.464,0.4359,1.535,61.122,29.968,9.914,1
2025-07-15,R18,21.959,0.3878,5.128,61.027,34.507,8.187,1
2025-07-16,R18,23.233,0.3053,15.524,64.278,88.266,5.208,0
2025-07-17,R18,23.413,0.4475,3.772,70.347,18.741,9.078,1
2025-07-18,R18,22.616,0.2915,3.558,61.292,40.304,8.174,1
2025-07-19,R18,24.069,0.3412,4.741,61.084,51.59,7.915,1
2025-07-20,R18,22.143,0.4449,13.204,62.972,53.433,8.392,1
2025-07-21,R18,20.898,0.3562,2.339,62.634,32.317,8.969,1
2025-07-22,R18,22.568,0.2748,7.881,66.281,67.443,5.376,0
2025-07-23,R18,23.266,0.4097,5.614,62.335,47.385,7.654,1
2025-07-24,R18,22.031,0.4211,7.15,68.513,33.279,8.206,0
2025-07-25,R18,20.451,0.3308,20.333,67.52,38.982,9.048,0
2025-07-26,R18,18.362,0.4666,8.556,67.696,60.868,3.903,0
2025-07-27,R18,22.341,0.358,7.494,63.42,50.02,8.337,1
2025-07-28,R18,23.321,0.4625,2.222,65.69,65.686,6.945,0
2025-07-29,R18,23.338,0.3389,19.027,63.557,94.841,5.99,0
2025-07-30,R18,20.357,0.4718,3.838,63.123,40.597,6.667,0
2025-07-31,R18,18.263,0.4155,2.029,67.121,31.403,7.107,0
2025-08-01,R18,21.959,0.3283,4.1,60.185,74.67,6.478,1
2025-08-02,R18,20.203,0.4209,6.99,70.334,65.457,6.725,0
2025-08-03,R18,18.423,0.3018,2.486,59.393,77.845,6.287,0
2025-08-04,R18,23.212,0.2797,6.968,64.346,42.908,8.449,1
2025-08-05,R18,21.711,0.3664,37.037,72.112,45.284,6.119,0
2025-08-06,R18,22.957,0.3453,1.726,59.763,28.903,8.675,0
2025-08-07,R18,18.705,0.3702,16.17,67.323,43.942,7.24,0
2025-08-08,R18,20.253,0.352,5.861,63.345,38.454,6.316,0
2025-08-09,R18,23.818,0.3368,9.443,59.896,62.1,7.193,1
2025-08-10,R18,19.719,0.4248,1.088,68.793,80.054,4.969,0
2025-08-11,R18,22.414,0.3313,1.533,61.892,11.76,10.667,1
2025-08-12,R18,21.016,0.4048,2.814,62.192,38.157,6.621,0
2025-08-13,R18,21.679,0.3359,20.999,72.454,91.384,4.234,0
2025-08-14,R18,19.905,0.4063,25.093,75.469,64.194,6.49,0
2025-08-15,R18,19.988,0.2971,6.394,65.595,69.143,6.289,0
2025-08-16,R18,21.151,0.3499,11.704,67.64,73.612,4.783,0
2025-08-17,R18,23.207,0.2956,6.17,66.813,60.923,7.08,1
2025-08-18,R18,19.667,0.258,9.263,75.079,67.789,6.805,0
2025-08-19,R18,20.446,0.3575,13.591,68.162,60.833,6.859,0
2025-08-20,R18,20.606,0.3833,6.741,69.721,72.638,5.337,0
2025-08-21,R18,21.657,0.3445,29.636,72.853,65.976,6.93,0
2025-08-22,R18,23.744,0.3167,6.531,63.278,44.413,8.347,1
2025-08-23,R18,19.002,0.406,12.149,72.412,48.758,6.804,0
2025-08-24,R18,19.105,0.3839,8.703,68.257,47.149,7.085,0
2025-08-25,R18,17.581,0.4937,10.848,66.253,62.136,4.916,0
2025-08-26,R18,15.508,0.4037,8.74,71.921,45.218,5.577,0
2025-08-27,R18,23.711,0.2644,9.195,68.319,55.062,6.834,1
2025-08-28,R18,22.566,0.3191,9.16,65.602,57.952,6.971,1
2025-08-29,R18,20.727,0.3999,14.513,65.098,65.618,6.7,0
2025-08-30,R18,22.941,0.3841,16.434,68.893,78.844,5.202,0
2025-08-31,R18,19.895,0.4114,15.179,67.435,66.755,6.0,0
2025-09-01,R18,21.922,0.3958,8.324,62.951,56.077,6.135,0
2025-09-02,R18,16.421,0.4221,0.598,64.163,5,8.666,1
2025-09-03,R18,18.607,0.3709,13.898,71.622,43.741,6.295,0
2025-09-04,R18,19.172,0.4797,3.063,57.796,17.449,7.505,0
2025-09-05,R18,20.261,0.4404,6.423,66.601,66.719,5.245,0
2025-09-06,R18,19.558,0.3244,3.112,64.069,16.596,8.348,1
2025-09-07,R18,22.031,0.3907,4.469,62.549,62.485,7.606,1
2025-09-08,R18,22.255,0.342,4.051,67.835,36.78,7.955,1
2025-09-09,R18,22.719,0.2976,10.91,65.855,71.383,6.919,0
2025-09-10,R18,19.098,0.3438,5.263,69.855,41.033,6.463,0
2025-09-11,R18,15.841,0.4336,2.49,66.42,43.191,4.847,0
2025-09-12,R18,20.72,0.3656,29.538,73.864,50.113,7.552,0
2025-09-13,R18,16.231,0.3953,34.312,82.225,59.241,5.919,0
2025-09-14,R18,17.971,0.4008,11.143,66.096,60.446,6.712,0
2025-09-15,R18,20.463,0.4764,18.853,65.273,42.445,7.986,0
2025-09-16,R18,21.481,0.406,11.523,71.962,41.141,7.802,0
2025-09-17,R18,20.64,0.4741,10.977,64.789,67.036,6.324,0
2025-09-18,R18,16.581,0.3706,10.345,68.476,63.948,4.898,0
2025-09-19,R18,16.663,0.4019,11.499,67.714,67.763,6.874,0
2025-09-20,R18,19.454,0.2553,5.968,63.029,39.645,7.17,0
2025-09-21,R18,19.575,0.2445,12.537,69.104,67.392,6.117,0
2025-09-22,R18,19.471,0.3122,3.982,68.688,28.216,7.622,1
2025-09-23,R18,20.225,0.4456,5.448,65.788,62.704,5.482,0
2025-09-24,R18,19.655,0.2863,1.968,68.104,60.979,6.961,0
2025-09-25,R18,22.341,0.33,7.859,60.783,26.26,6.767,1
2025-09-26,R18,21.606,0.3424,6.827,69.126,35.77,7.924,0
2025-09-27,R18,20.912,0.2557,4.481,60.894,36.386,8.533,1
2025-09-28,R18,20.548,0.4063,7.48,66.335,44.848,7.525,0
2025-09-29,R18,19.703,0.4539,2.879,65.535,58.09,6.253,0
2025-09-30,R18,20.15,0.3593,2.545,67.106,34.912,6.074,0
2025-10-01,R18,23.179,0.44,5.46,61.378,70.094,7.064,1
2025-10-02,R18,20.183,0.4411,11.338,69.397,75.662,5.845,0
2025-10-03,R18,19.695,0.2814,15.479,72.612,81.038,5.695,0
2025-10-04,R18,20.836,0.2636,5.329,61.68,38.421,6.241,0
2025-10-05,R18,17.593,0.4863,6.954,68.365,60.444,6.182,0
2025-10-06,R18,19.985,0.4253,0.369,60.325,5.806,7.469,0
2025-10-07,R18,17.622,0.3435,14.056,66.483,72.902,5.565,0
2025-10-08,R18,18.174,0.3666,5.216,61.69,54.625,6.349,0
2025-10-09,R18,18.068,0.2928,2.828,62.207,44.727,6.74,0
2025-10-10,R18,20.877,0.2386,1.788,56.262,23.477,9.362,1
2025-10-11,R18,16.542,0.5162,2.592,64.043,22.405,7.162,0
2025-10-12,R18,20.679,0.3839,4.407,67.668,34.748,7.113,0
2025-10-13,R18,22.592,0.3776,3.787,63.691,61.879,6.859,0
2025-10-14,R18,21.761,0.4285,9.746,66.595,65.499,7.181,0
2025-10-15,R18,18.663,0.348,16.348,71.97,37.332,5.506,0
2025-10-16,R18,18.876,0.3409,3.624,70.11,57.524,7.573,0
2025-10-17,R18,21.34,0.4979,5.023,61.504,47.165,8.513,0
2025-10-18,R18,18.041,0.3404,6.141,65.727,54.01,7.135,0
2025-10-19,R18,18.627,0.3428,3.587,69.236,45.333,7.363,0
2025-10-20,R18,21.34,0.2939,11.41,65.725,87.806,4.886,0
2025-10-21,R18,22.405,0.2483,11.677,61.413,57.858,7.042,0
2025-10-22,R18,18.66,0.4627,1.175,65.977,40.03,6.7,0
2025-10-23,R18,21.029,0.3563,3.316,68.457,49.133,6.957,0
2025-10-24,R18,17.529,0.3515,5.782,63.789,32.777,6.779,0
2025-10-25,R18,19.84,0.4837,6.121,59.365,38.665,7.492,1
2025-10-26,R18,19.778,0.3582,9.807,64.335,31.675,6.859,0
2025-10-27,R18,19.436,0.2968,1.853,65.199,32.578,7.822,0
2025-10-28,R18,19.733,0.4758,5.601,65.004,84.041,4.182,0
2025-10-29,R18,17.877,0.5185,3.572,68.283,41.217,5.839,0
2025-10-30,R18,19.42,0.3776,6.195,59.963,47.447,7.254,0
2025-10-31,R18,19.17,0.3377,3.883,69.835,56.576,7.057,0
2025-11-01,R18,18.677,0.4028,8.44,64.099,40.958,5.909,0
2025-11-02,R18,20.249,0.4263,2.603,68.712,73.751,5.114,0
2025-11-03,R18,19.751,0.4826,6.827,65.433,44.46,6.732,0
2025-11-04,R18,17.566,0.3739,17.057,70.148,60.34,5.839,0
2025-11-05,R18,20.381,0.3097,20.6,69.775,53.93,7.023,0
2025-11-06,R18,16.403,0.3884,7.553,66.18,45.613,6.473,0
2025-11-07,R18,21.623,0.4301,1.749,62.409,48.314,8.392,1
2025-11-08,R18,19.096,0.4303,2.787,62.112,43.637,6.508,0
2025-11-09,R18,19.348,0.3444,15.018,69.55,48.883,8.574,0
2025-11-10,R18,17.602,0.4413,10.884,74.818,28.892,7.763,0
2025-11-11,R18,18.795,0.2981,24.407,73.097,69.435,5.999,0
2025-11-12,R18,17.362,0.4228,17.335,70.993,75.303,6.225,0
2025-11-13,R18,20.472,0.3451,1.24,65.306,52.459,7.252,0
2025-11-14,R18,19.51,0.3923,7.786,62.479,48.679,6.226,0
2025-11-15,R18,23.325,0.4334,2.513,63.324,44.459,7.956,1
2025-11-16,R18,20.29,0.3888,5.368,60.957,56.087,7.443,1
2025-11-17,R18,21.284,0.2719,14.695,65.567,54.203,6.894,0
2025-11-18,R18,23.109,0.2452,10.622,64.853,19.655,9.897,1
2025-11-19,R18,16.092,0.3944,22.053,71.877,52.257,5.357,0
2025-11-20,R18,23.045,0.4146,23.216,73.782,62.904,6.571,0
2025-11-21,R18,19.317,0.4222,8.72,64.659,52.609,6.94,0
2025-11-22,R18,24.357,0.371,5.234,64.396,77.027,6.137,0
2025-11-23,R18,19.841,0.3723,20.795,69.602,72.559,5.524,0
2025-11-24,R18,19.381,0.3815,7.136,59.798,85.422,4.677,0
2025-11-25,R18,22.126,0.3826,24.554,69.789,64.291,5.798,0
2025-11-26,R18,18.998,0.3033,6.766,65.199,67.991,5.941,0
2025-11-27,R18,22.602,0.3022,7.02,64.103,34.763,8.018,1
2025-11-28,R18,20.95,0.3625,7.495,72.226,55.588,7.254,0
2025-11-29,R18,22.673,0.3957,3.363,64.044,66.696,6.549,0
2025-11-30,R18,18.541,0.3922,2.126,66.958,50.698,6.795,0
2025-12-01,R18,22.614,0.3403,23.417,69.229,97.326,4.398,0
2025-12-02,R18,19.325,0.4072,10.212,72.343,53.473,6.145,0
2025-12-03,R18,23.393,0.4448,1.368,64.447,54.909,7.995,1
2025-12-04,R18,23.805,0.292,10.259,62.065,48.726,7.551,1
2025-12-05,R18,22.533,0.3627,17.536,68.527,60.49,7.08,0
2025-12-06,R18,18.221,0.4093,1.444,59.743,46.853,7.473,0
2025-12-07,R18,21.358,0.4248,7.512,65.053,55.959,6.702,1
2025-12-08,R18,23.314,0.3172,13.397,69.446,40.816,9.36,1
2025-12-09,R18,20.183,0.4187,9.601,69.627,39.256,7.232,0
2025-12-10,R18,20.96,0.3003,4.774,68.907,53.452,6.01,0
2025-12-11,R18,19.285,0.4057,15.327,69.531,48.41,8.065,1
2025-12-12,R18,26.622,0.3408,5.79,61.056,15.876,9.237,1
2025-12-13,R18,20.74,0.3878,19.255,72.031,80.231,4.214,0
2025-12-14,R18,26.057,0.2656,13.862,59.982,95.557,5.835,1
2025-12-15,R18,21.809,0.3567,9.709,67.772,45.285,7.85,0
2025-12-16,R18,24.395,0.3121,1.923,62.552,33.241,9.371,1
2025-12-17,R18,21.43,0.4668,17.331,69.223,44.064,8.333,0
2025-12-18,R18,23.416,0.3616,2.573,60.809,33.086,9.347,1
2025-12-19,R18,22.617,0.4372,6.08,60.439,53.593,6.968,1
2025-12-20,R18,26.319,0.3967,25.495,71.843,57.04,7.078,0
2025-12-21,R18,23.111,0.3079,17.571,67.025,53.0,6.683,0
2025-12-22,R18,24.256,0.3364,17.472,71.909,68.823,8.26,0
2025-12-23,R18,21.833,0.3996,3.451,60.868,53.111,8.264,0
2025-12-24,R18,19.347,0.2816,23.858,72.599,62.792,7.886,0
2025-12-25,R18,22.394,0.3451,5.382,64.685,67.093,7.18,1
2025-12-26,R18,25.535,0.2744,14.236,62.794,71.724,7.333,1
2025-12-27,R18,22.813,0.3668,0.451,59.818,19.925,9.433,1
2025-12-28,R18,24.769,0.2244,1.007,60.788,65.548,5.452,1
2025-12-29,R18,24.466,0.3475,15.597,63.525,86.489,6.124,0
2025-12-30,R18,23.856,0.3987,2.419,60.502,52.647,7.322,1
2025-12-31,R18,23.327,0.4045,2.23,57.701,15.825,8.355,1
2025-01-01,R19,22.523,0.5471,2.686,44.577,38.484,7.487,1
2025-01-02,R19,22.149,0.4815,21.604,48.687,44.787,7.172,1
2025-01-03,R19,21.992,0.44,3.653,44.879,26.502,7.843,1
2025-01-04,R19,19.301,0.6116,3.887,49.061,60.961,8.111,1
2025-01-05,R19,18.37,0.4972,11.857,46.729,47.833,7.783,1
2025-01-06,R19,25.127,0.3737,13.829,51.865,43.952,9.516,1
2025-01-07,R19,20.183,0.4546,5.417,46.47,100,4.256,0
2025-01-08,R19,20.59,0.5496,16.776,47.074,55.82,6.957,1
2025-01-09,R19,21.023,0.454,0.856,52.941,47.681,8.179,1
2025-01-10,R19,19.036,0.4528,3.916,52.277,88.746,4.537,0
2025-01-11,R19,21.184,0.4365,4.112,43.905,79.145,6.397,1
2025-01-12,R19,22.625,0.5514,6.586,42.254,38.641,7.216,1
2025-01-13,R19,23.302,0.581,12.928,51.597,86.898,4.69,0
2025-01-14,R19,27.425,0.4497,8.083,43.249,42.728,9.567,1
2025-01-15,R19,20.861,0.3937,1.022,48.227,56.995,6.786,1
2025-01-16,R19,22.283,0.5421,16.63,49.418,59.149,7.709,1
2025-01-17,R19,21.729,0.535,8.787,49.881,75.166,6.161,0
2025-01-18,R19,21.385,0.5067,8.732,52.164,71.519,4.272,0
2025-01-19,R19,22.326,0.3662,41.718,55.974,37.479,7.938,0
2025-01-20,R19,23.297,0.4957,7.857,44.241,49.15,8.062,1
2025-01-21,R19,21.889,0.6214,21.507,54.516,67.613,6.483,0
2025-01-22,R19,21.76,0.4906,3.124,43.353,46.087,7.756,1
2025-01-23,R19,24.581,0.5143,21.931,48.368,51.858,6.963,1
2025-01-24,R19,21.391,0.5096,8.311,44.304,48.117,7.713,1
2025-01-25,R19,21.525,0.5168,23.461,49.986,53.057,7.384,1
2025-01-26,R19,27.141,0.3798,16.721,47.435,88.782,7.591,1
2025-01-27,R19,23.901,0.5257,14.331,50.66,47.855,9.063,1
2025-01-28,R19,24.084,0.5011,4.531,39.572,62.722,6.247,1
2025-01-29,R19,21.485,0.6486,4.076,44.585,27.713,7.628,1
2025-01-30,R19,21.799,0.389,0.607,42.805,66.445,6.933,1
2025-01-31,R19,23.801,0.5449,7.688,42.835,47.865,8.088,1
2025-02-01,R19,23.324,0.5125,3.365,45.04,78.126,6.22,1
2025-02-02,R19,23.513,0.5119,5.462,42.021,25.894,9.544,1
2025-02-03,R19,23.259,0.4669,14.674,47.579,66.118,7.738,1
2025-02-04,R19,20.957,0.4766,3.815,49.597,58.553,7.619,1
2025-02-05,R19,22.537,0.5934,5.206,40.865,61.44,8.57,1
2025-02-06,R19,25.734,0.495,6.12,40.53,20.446,9.552,1
2025-02-07,R19,27.347,0.5006,1.153,44.888,40.717,8.588,1
2025-02-08,R19,25.762,0.419,26.53,48.179,78.994,6.884,1
2025-02-09,R19,22.778,0.548,3.869,42.99,58.35,5.973,1
2025-02-10,R19,26.384,0.4796,7.64,42.469,58.753,7.028,1
2025-02-11,R19,23.497,0.5351,5.074,41.606,33.786,8.254,1
2025-02-12,R19,26.059,0.4501,28.215,46.15,63.37,7.574,1
2025-02-13,R19,23.774,0.3842,8.321,45.596,47.454,8.504,1
2025-02-14,R19,26.345,0.4263,4.191,41.368,35.034,9.46,1
2025-02-15,R19,21.768,0.4963,8.551,48.676,51.153,7.42,1
2025-02-16,R19,24.63,0.4442,16.883,53.964,82.569,6.152,0
2025-02-17,R19,26.864,0.5269,5.354,35.117,70.522,8.252,1
2025-02-18,R19,23.12,0.4913,8.353,46.906,37.05,8.618,1
2025-02-19,R19,25.015,0.4729,14.953,49.289,70.187,7.029,1
2025-02-20,R19,24.376,0.3666,8.29,44.046,48.432,8.042,1
2025-02-21,R19,25.226,0.507,6.699,38.83,80.762,5.377,1
2025-02-22,R19,26.326,0.3561,2.647,44.406,52.541,7.75,1
2025-02-23,R19,26.631,0.3925,0.806,44.12,5,10.809,1
2025-02-24,R19,24.018,0.3321,19.247,44.91,68.319,5.732,1
2025-02-25,R19,23.782,0.5483,10.196,44.242,77.336,6.025,1
2025-02-26,R19,23.7,0.3866,14.347,44.807,65.383,8.716,1
2025-02-27,R19,23.966,0.5103,37.428,52.274,79.645,6.273,0
2025-02-28,R19,26.811,0.3981,8.297,44.985,38.625,6.95,1
2025-03-01,R19,26.994,0.595,2.447,40.1,44.722,9.732,1
2025-03-02,R19,24.27,0.4855,8.501,48.694,48.6,7.262,1
2025-03-03,R19,26.725,0.4159,4.88,43.555,27.48,8.955,1
2025-03-04,R19,25.683,0.3825,7.374,45.415,37.44,9.324,1
2025-03-05,R19,27.503,0.4656,7.037,45.67,17.595,8.989,1
2025-03-06,R19,27.908,0.4064,46.755,58.647,83.946,7.816,0
2025-03-07,R19,25.288,0.5141,5.341,44.831,31.422,9.168,1
2025-03-08,R19,24.433,0.5008,17.505,48.788,57.723,8.179,1
2025-03-09,R19,24.915,0.4516,4.062,40.893,79.006,7.164,1
2025-03-10,R19,22.034,0.4918,7.745,44.265,66.996,7.163,1
2025-03-11,R19,23.613,0.4199,14.48,44.421,50.394,7.15,1
2025-03-12,R19,26.948,0.3692,3.802,45.596,60.923,8.138,1
2025-03-13,R19,28.239,0.4512,21.019,51.02,73.059,8.01,1
2025-03-14,R19,25.565,0.4773,3.886,46.708,48.028,8.152,1
2025-03-15,R19,27.137,0.4327,8.293,45.567,49.836,7.183,1
2025-03-16,R19,25.631,0.4844,34.452,48.855,65.722,8.37,1
2025-03-17,R19,28.742,0.3913,22.367,44.761,68.409,8.403,1
2025-03-18,R19,27.532,0.3324,36.319,54.817,75.104,6.647,0
2025-03-19,R19,26.81,0.2456,8.951,41.286,31.86,9.698,1
2025-03-20,R19,26.17,0.4511,6.576,44.265,52.493,9.123,1
2025-03-21,R19,24.429,0.4544,2.658,46.771,74.435,5.94,1
2025-03-22,R19,24.598,0.52,4.324,37.271,73.143,7.356,1
2025-03-23,R19,25.565,0.4712,2.452,43.379,38.765,9.203,1
2025-03-24,R19,26.608,0.5437,6.019,41.824,59.296,7.387,1
2025-03-25,R19,27.201,0.4098,9.486,45.179,36.43,10.067,1
2025-03-26,R19,27.382,0.3357,6.419,40.902,53.441,8.012,1
2025-03-27,R19,27.488,0.452,11.4,45.851,67.877,7.823,1
2025-03-28,R19,29.275,0.3473,3.37,38.986,39.206,9.941,1
2025-03-29,R19,27.668,0.3633,8.936,38.422,41.326,9.112,1
2025-03-30,R19,25.676,0.4428,1.522,36.534,30.835,8.215,1
2025-03-31,R19,28.141,0.4669,4.664,42.765,50.703,8.031,1
2025-04-01,R19,28.055,0.436,10.57,44.359,57.435,8.261,1
2025-04-02,R19,26.607,0.3718,10.986,42.838,45.421,7.67,1
2025-04-03,R19,26.997,0.4057,4.186,43.16,38.685,9.391,1
2025-04-04,R19,25.94,0.483,3.159,44.545,42.862,8.3,1
2025-04-05,R19,24.889,0.4362,9.758,45.38,55.449,7.655,1
2025-04-06,R19,23.228,0.4871,0.333,46.605,36.794,8.626,1
2025-04-07,R19,27.657,0.3817,6.795,43.822,59.314,8.358,1
2025-04-08,R19,23.159,0.5154,6.04,44.678,62.011,5.327,1
2025-04-09,R19,26.428,0.462,2.457,39.606,28.3,9.395,1
2025-04-10,R19,24.983,0.4764,20.298,47.839,67.871,7.708,1
2025-04-11,R19,26.235,0.4526,11.062,43.079,36.77,9.404,1
2025-04-12,R19,27.613,0.367,3.442,40.776,45.846,8.12,1
2025-04-13,R19,27.92,0.4384,12.742,47.023,50.685,8.314,1
2025-04-14,R19,26.72,0.4672,13.285,44.203,52.969,7.266,1
2025-04-15,R19,24.045,0.4626,15.671,44.24,55.103,7.509,1
2025-04-16,R19,30.038,0.3151,3.402,42.238,47.636,7.956,1
2025-04-17,R19,26.32,0.4152,5.615,39.0,16.228,9.948,1
2025-04-18,R19,26.284,0.4757,12.341,41.465,43.992,7.869,1
2025-04-19,R19,29.264,0.3698,10.108,41.674,77.136,9.013,1
2025-04-20,R19,26.084,0.4724,14.024,41.263,58.666,8.812,1
2025-04-21,R19,26.143,0.4361,6.626,41.782,37.902,8.056,1
2025-04-22,R19,28.705,0.433,4.625,40.492,81.362,7.273,1
2025-04-23,R19,30.093,0.4173,2.632,34.101,43.132,8.211,1
2025-04-24,R19,27.456,0.4908,2.89,35.974,44.186,6.947,1
2025-04-25,R19,26.952,0.4208,9.551,41.71,79.403,6.487,1
2025-04-26,R19,21.127,0.418,8.804,51.463,35.193,5.795,1
2025-04-27,R19,23.746,0.4768,2.702,38.984,29.432,8.233,1
2025-04-28,R19,26.945,0.3924,1.754,38.327,52.273,7.995,1
2025-04-29,R19,28.478,0.3691,9.696,42.487,31.21,9.953,1
2025-04-30,R19,26.059,0.3568,4.597,40.108,37.5,9.01,1
2025-05-01,R19,22.812,0.3908,23.275,50.105,83.555,5.365,0
2025-05-02,R19,26.365,0.4381,13.403,37.99,51.165,8.84,1
2025-05-03,R19,24.125,0.3963,13.241,45.362,46.082,8.852,1
2025-05-04,R19,24.745,0.4415,2.128,41.227,36.859,7.629,1
2025-05-05,R19,25.054,0.3902,6.778,48.069,28.085,10.228,1
2025-05-06,R19,27.026,0.3964,2.232,40.849,19.953,10.034,1
2025-05-07,R19,25.583,0.3736,5.263,43.544,27.327,8.13,1
2025-05-08,R19,25.103,0.379,1.337,40.415,54.572,9.598,1
2025-05-09,R19,24.059,0.4898,2.791,42.545,35.519,8.054,1
2025-05-10,R19,28.0,0.4984,8.913,42.263,39.749,9.232,1
2025-05-11,R19,25.375,0.4081,7.584,39.629,65.138,6.592,1
2025-05-12,R19,22.775,0.5216,1.741,40.132,40.368,8.047,1
2025-05-13,R19,24.639,0.4551,4.205,42.048,33.089,8.84,1
2025-05-14,R19,25.272,0.4243,25.531,50.112,50.995,7.368,1
2025-05-15,R19,24.374,0.5725,10.326,46.835,65.958,7.857,1
2025-05-16,R19,25.399,0.4587,11.414,43.254,70.268,6.24,1
2025-05-17,R19,24.215,0.4111,11.358,44.237,34.817,9.933,1
2025-05-18,R19,22.987,0.4333,10.631,44.88,66.214,5.157,1
2025-05-19,R19,28.078,0.3958,7.131,39.756,59.063,9.396,1
2025-05-20,R19,25.351,0.391,7.912,42.505,63.248,7.31,1
2025-05-21,R19,26.87,0.4452,3.714,43.183,23.072,9.358,1
2025-05-22,R19,25.881,0.431,2.093,35.867,46.563,7.81,1
2025-05-23,R19,21.804,0.5134,11.698,47.18,67.066,6.471,1
2025-05-24,R19,25.748,0.5023,10.184,42.763,61.701,8.317,1
2025-05-25,R19,22.547,0.4776,14.099,47.103,36.435,7.786,1
2025-05-26,R19,22.953,0.5869,7.832,43.736,48.431,7.87,1
2025-05-27,R19,22.608,0.5285,16.554,49.655,75.036,6.531,0
2025-05-28,R19,20.969,0.4868,7.764,46.612,51.226,7.325,1
2025-05-29,R19,22.124,0.5408,3.629,46.514,30.424,7.137,1
2025-05-30,R19,27.337,0.39,4.584,42.211,62.068,7.722,1
2025-05-31,R19,24.729,0.496,18.957,46.218,81.844,4.54,0
2025-06-01,R19,24.867,0.4673,27.583,45.339,56.475,6.934,1
2025-06-02,R19,22.771,0.4741,16.666,50.316,67.055,5.567,0
2025-06-03,R19,23.345,0.4007,4.57,42.587,37.848,8.129,1
2025-06-04,R19,23.877,0.486,7.05,39.595,61.033,6.603,1
2025-06-05,R19,24.655,0.3852,6.113,37.288,46.591,8.047,1
2025-06-06,R19,22.457,0.5305,3.506,53.312,63.672,7.715,1
2025-06-07,R19,27.402,0.4278,3.446,45.486,30.906,10.28,1
2025-06-08,R19,24.247,0.4456,10.001,47.321,52.614,7.862,1
2025-06-09,R19,23.996,0.4769,16.751,48.106,75.939,6.147,1
2025-06-10,R19,23.703,0.483,1.792,42.01,35.863,7.636,1
2025-06-11,R19,26.79,0.4391,6.811,41.827,47.79,8.358,1
2025-06-12,R19,24.819,0.4722,8.082,46.547,60.95,7.702,1
2025-06-13,R19,25.608,0.505,14.971,48.432,52.178,7.802,1
2025-06-14,R19,23.692,0.423,6.713,46.195,43.302,8.442,1
2025-06-15,R19,22.589,0.4795,10.524,49.289,57.084,7.185,1
2025-06-16,R19,23.987,0.5288,16.417,46.666,56.364,6.81,0
2025-06-17,R19,23.583,0.3755,3.23,45.439,76.316,5.217,1
2025-06-18,R19,23.348,0.4086,29.645,49.807,70.209,5.135,0
2025-06-19,R19,24.204,0.4968,2.597,46.157,69.377,6.044,1
2025-06-20,R19,22.807,0.4217,3.936,39.925,43.08,6.647,1
2025-06-21,R19,25.032,0.4626,1.257,40.778,21.484,9.899,1
2025-06-22,R19,22.061,0.456,25.289,44.652,77.284,6.201,0
2025-06-23,R19,21.923,0.5053,3.595,46.72,26.191,6.696,1
2025-06-24,R19,23.361,0.4412,4.517,42.699,57.747,8.447,1
2025-06-25,R19,20.984,0.4923,20.068,47.988,77.763,6.507,1
2025-06-26,R19,27.555,0.4235,10.974,48.62,91.829,6.758,1
2025-06-27,R19,22.449,0.5045,9.532,48.937,44.675,7.014,1
2025-06-28,R19,20.918,0.5007,4.379,46.351,38.089,6.64,1
2025-06-29,R19,21.496,0.5772,2.856,45.121,56.507,7.848,1
2025-06-30,R19,22.416,0.5974,1.488,41.203,32.638,9.172,1
2025-07-01,R19,26.2,0.4136,9.34,47.099,55.942,6.832,1
2025-07-02,R19,24.299,0.5139,2.283,37.14,33.951,8.543,1
2025-07-03,R19,23.42,0.4495,1.03,47.336,27.156,8.409,1
2025-07-04,R19,21.124,0.4513,4.452,42.524,31.588,8.952,1
2025-07-05,R19,20.31,0.4566,8.453,43.37,84.56,4.745,1
2025-07-06,R19,26.359,0.4295,20.233,49.705,72.411,8.206,1
2025-07-07,R19,19.635,0.4788,4.885,44.666,67.48,5.604,1
2025-07-08,R19,19.345,0.4842,2.656,43.032,35.934,6.742,1
2025-07-09,R19,20.626,0.562,4.944,47.191,81.984,7.541,1
2025-07-10,R19,23.515,0.5312,26.404,50.093,48.167,6.555,1
2025-07-11,R19,19.565,0.6163,11.663,48.528,53.338,7.391,1
2025-07-12,R19,22.393,0.3757,2.662,43.982,41.093,7.688,1
2025-07-13,R19,20.079,0.5035,12.182,47.231,74.968,6.142,1
2025-07-14,R19,20.436,0.3548,3.23,44.186,36.327,7.214,1
2025-07-15,R19,21.76,0.5851,3.944,39.325,61.447,6.985,1
2025-07-16,R19,19.198,0.5092,5.214,40.727,69.502,6.147,1
2025-07-17,R19,21.8,0.3785,1.956,40.782,54.731,7.904,1
2025-07-18,R19,17.991,0.5227,3.674,48.807,50.167,7.451,1
2025-07-19,R19,17.926,0.5227,4.47,46.163,40.084,7.483,1
2025-07-20,R19,17.803,0.6127,2.933,46.532,35.085,7.664,1
2025-07-21,R19,21.496,0.432,11.386,38.476,63.609,6.892,1
2025-07-22,R19,19.344,0.618,14.582,54.092,60.56,6.654,0
2025-07-23,R19,20.985,0.5163,0.986,44.099,6.582,8.706,1
2025-07-24,R19,20.437,0.3867,14.981,46.412,75.457,6.066,1
2025-07-25,R19,20.908,0.5577,0.175,47.161,20.44,8.745,1
2025-07-26,R19,23.199,0.5036,3.585,44.204,80.328,7.386,1
2025-07-27,R19,18.205,0.4261,5.874,47.717,62.116,7.662,1
2025-07-28,R19,17.342,0.4884,9.278,52.893,43.11,7.388,1
2025-07-29,R19,19.439,0.5545,4.598,44.402,51.326,6.953,1
2025-07-30,R19,18.68,0.5363,8.877,44.679,58.959,5.159,0
2025-07-31,R19,19.886,0.4334,1.199,43.91,42.33,8.253,1
2025-08-01,R19,19.169,0.6611,5.371,44.579,28.674,7.649,1
2025-08-02,R19,20.123,0.5686,8.19,42.252,41.608,6.19,1
2025-08-03,R19,20.801,0.4091,6.448,39.718,66.627,5.405,1
2025-08-04,R19,18.153,0.5361,2.641,45.429,33.18,5.809,0
2025-08-05,R19,17.071,0.4614,8.554,44.83,75.293,5.457,0
2025-08-06,R19,21.466,0.4419,3.883,45.729,27.939,7.805,1
2025-08-07,R19,18.174,0.487,6.545,41.49,75.877,4.898,1
2025-08-08,R19,17.566,0.4776,1.243,42.309,59.418,6.881,1
2025-08-09,R19,20.984,0.443,16.015,48.818,46.277,7.019,1
2025-08-10,R19,19.395,0.4327,10.864,44.366,34.793,7.817,1
2025-08-11,R19,18.945,0.5011,4.223,47.377,41.87,7.085,1
2025-08-12,R19,19.123,0.5461,0.228,49.763,17.608,8.724,1
2025-08-13,R19,18.985,0.5124,33.401,59.984,71.551,4.568,0
2025-08-14,R19,22.236,0.4546,6.533,47.054,74.654,4.284,0
2025-08-15,R19,16.066,0.6049,14.793,50.38,58.024,5.35,0
2025-08-16,R19,15.06,0.5243,12.632,51.576,44.549,5.364,0
2025-08-17,R19,19.468,0.5487,7.631,45.117,62.282,5.46,1
2025-08-18,R19,17.873,0.3888,14.484,47.534,78.036,4.118,0
2025-08-19,R19,18.171,0.4849,3.58,43.512,52.412,6.435,1
2025-08-20,R19,18.255,0.3541,3.254,49.325,57.349,5.866,1
2025-08-21,R19,14.332,0.4806,9.824,51.847,73.35,4.278,0
2025-08-22,R19,19.515,0.4822,1.378,40.963,71.409,5.593,0
2025-08-23,R19,15.914,0.5853,1.853,51.208,67.783,5.687,0
2025-08-24,R19,18.401,0.4874,4.913,42.308,70.962,5.631,1
2025-08-25,R19,21.137,0.5574,12.611,45.317,75.856,5.394,0
2025-08-26,R19,15.908,0.5322,7.096,47.527,49.48,5.431,0
2025-08-27,R19,19.329,0.5683,2.933,42.24,87.54,3.865,0
2025-08-28,R19,20.134,0.3936,14.759,52.112,75.358,5.036,0
2025-08-29,R19,18.406,0.579,3.004,49.755,37.015,7.639,1
2025-08-30,R19,20.233,0.4934,3.829,49.903,47.293,6.032,1
2025-08-31,R19,20.903,0.6556,7.364,44.635,54.282,6.473,1
2025-09-01,R19,16.809,0.6001,15.908,53.048,30.782,7.543,0
2025-09-02,R19,17.973,0.528,1.086,44.844,36.772,6.513,1
2025-09-03,R19,17.057,0.6269,10.717,47.91,35.603,7.093,1
2025-09-04,R19,16.703,0.5491,15.774,49.437,48.774,5.523,0
2025-09-05,R19,16.08,0.4854,14.22,49.469,49.017,6.94,0
2025-09-06,R19,17.52,0.4012,10.106,48.557,45.616,7.675,1
2025-09-07,R19,15.406,0.6046,2.965,45.951,43.478,6.051,0
2025-09-08,R19,14.961,0.6523,9.127,51.178,69.49,4.379,0
2025-09-09,R19,15.231,0.5942,24.78,52.98,69.015,4.909,0
2025-09-10,R19,15.964,0.5142,0.674,47.629,32.601,7.142,1
2025-09-11,R19,16.986,0.4997,20.146,49.702,75.96,4.403,0
2025-09-12,R19,16.173,0.5546,12.071,43.303,74.335,5.593,0
2025-09-13,R19,16.695,0.5004,5.396,46.955,65.891,5.367,1
2025-09-14,R19,17.703,0.5613,0.772,45.632,46.305,6.562,0
2025-09-15,R19,16.139,0.6071,4.557,50.541,16.69,6.553,0
2025-09-16,R19,14.608,0.6205,2.943,43.982,57.568,6.107,1
2025-09-17,R19,17.945,0.5952,4.63,48.892,49.882,7.966,1
2025-09-18,R19,13.43,0.6362,3.578,51.78,44.591,5.035,0
2025-09-19,R19,13.791,0.6342,0.958,48.677,6.561,7.443,0
2025-09-20,R19,17.625,0.4788,13.755,48.661,42.452,6.532,0
2025-09-21,R19,16.734,0.6006,44.831,60.811,79.5,5.602,0
2025-09-22,R19,19.213,0.5515,1.877,42.584,34.256,6.721,1
2025-09-23,R19,16.311,0.4853,34.997,60.258,47.681,5.995,0
2025-09-24,R19,16.423,0.4445,4.85,44.999,77.11,4.221,0
2025-09-25,R19,15.428,0.416,18.927,54.597,69.376,7.062,0
2025-09-26,R19,15.611,0.5961,1.194,44.385,32.541,5.484,1
2025-09-27,R19,18.287,0.488,9.691,46.965,51.045,6.549,0
2025-09-28,R19,16.895,0.3734,16.765,56.331,59.787,4.848,0
2025-09-29,R19,20.403,0.5039,11.679,45.428,35.152,8.529,1
2025-09-30,R19,15.754,0.5508,15.712,52.175,64.923,6.535,0
2025-10-01,R19,15.764,0.622,7.147,50.624,62.679,6.027,0
2025-10-02,R19,15.74,0.5936,20.549,52.717,75.073,5.207,0
2025-10-03,R19,16.213,0.5557,33.862,53.967,53.101,5.497,0
2025-10-04,R19,18.803,0.5666,3.049,44.555,45.585,7.738,1
2025-10-05,R19,19.092,0.504,1.572,46.812,72.225,5.029,0
2025-10-06,R19,18.147,0.5212,20.472,53.822,64.829,5.242,0
2025-10-07,R19,15.268,0.544,6.862,46.597,57.537,6.191,1
2025-10-08,R19,16.015,0.5423,6.609,46.797,48.338,5.052,0
2025-10-09,R19,15.705,0.5951,8.279,55.905,44.311,5.614,0
2025-10-10,R19,20.523,0.6073,5.981,51.078,39.281,8.165,1
2025-10-11,R19,14.752,0.5506,4.303,49.027,39.956,5.629,1
2025-10-12,R19,16.411,0.5423,2.89,43.599,44.861,6.915,1
2025-10-13,R19,18.18,0.5154,7.928,44.866,44.822,7.207,1
2025-10-14,R19,17.911,0.4291,8.191,53.701,80.704,5.418,0
2025-10-15,R19,17.814,0.5331,3.192,45.67,83.997,3.538,0
2025-10-16,R19,16.234,0.5411,4.752,45.612,26.097,6.19,1
2025-10-17,R19,15.787,0.4152,4.811,50.103,26.805,7.103,1
2025-10-18,R19,17.991,0.5347,10.373,50.006,71.72,5.826,0
2025-10-19,R19,19.672,0.4619,8.349,43.731,50.557,5.74,1
2025-10-20,R19,18.445,0.5441,1.257,47.779,52.359,6.996,1
2025-10-21,R19,19.464,0.6517,13.565,48.585,57.887,5.617,0
2025-10-22,R19,19.695,0.5006,1.737,43.814,38.762,7.526,1
2025-10-23,R19,15.499,0.4974,5.289,55.366,61.111,4.419,0
2025-10-24,R19,16.385,0.5423,5.892,53.543,36.115,5.659,0
2025-10-25,R19,19.968,0.4055,5.809,45.018,51.37,6.883,1
2025-10-26,R19,16.53,0.5883,8.454,48.03,46.063,6.352,1
2025-10-27,R19,18.672,0.5472,1.425,46.696,32.974,6.119,1
2025-10-28,R19,18.834,0.5628,18.532,48.121,46.36,7.08,1
2025-10-29,R19,16.187,0.5858,3.875,48.923,68.522,3.51,0
2025-10-30,R19,18.021,0.5264,4.753,46.93,54.145,5.957,1
2025-10-31,R19,18.493,0.4694,10.557,46.707,52.853,5.653,1
2025-11-01,R19,19.472,0.577,4.629,43.585,22.052,8.531,1
2025-11-02,R19,18.046,0.525,2.47,42.174,51.85,7.437,1
2025-11-03,R19,15.51,0.6257,13.365,50.807,32.111,6.871,0
2025-11-04,R19,17.271,0.5131,1.816,45.336,69.518,6.298,1
2025-11-05,R19,14.834,0.5675,13.92,52.444,66.619,4.553,0
2025-11-06,R19,17.493,0.558,3.148,44.302,62.066,5.047,0
2025-11-07,R19,19.746,0.4674,5.359,47.843,37.855,7.02,1
2025-11-08,R19,15.697,0.5731,2.111,44.222,62.677,5.069,1
2025-11-09,R19,14.954,0.5514,13.264,49.35,75.634,4.988,0
2025-11-10,R19,14.047,0.5229,17.235,50.151,53.627,4.657,0
2025-11-11,R19,13.775,0.5544,5.862,50.469,33.813,5.865,0
2025-11-12,R19,20.091,0.4984,8.082,49.909,43.361,8.088,1
2025-11-13,R19,15.891,0.4791,4.498,50.277,70.479,4.653,0
2025-11-14,R19,18.363,0.3615,14.585,48.471,59.67,6.372,0
2025-11-15,R19,16.71,0.5403,12.274,52.085,86.648,4.914,0
2025-11-16,R19,17.543,0.5018,17.414,52.106,45.984,7.367,1
2025-11-17,R19,24.325,0.4546,8.676,50.745,66.27,7.017,1
2025-11-18,R19,18.461,0.558,25.775,51.044,51.898,7.651,0
2025-11-19,R19,19.596,0.524,2.609,45.306,49.57,4.869,1
2025-11-20,R19,16.754,0.4523,10.318,54.598,65.22,7.155,0
2025-11-21,R19,17.18,0.5529,2.437,46.207,47.094,7.592,1
2025-11-22,R19,19.704,0.5782,6.356,44.212,53.704,7.596,1
2025-11-23,R19,21.263,0.4728,14.721,50.605,38.108,8.332,1
2025-11-24,R19,18.352,0.4669,4.434,46.395,68.72,5.215,1
2025-11-25,R19,22.707,0.5266,18.045,48.474,60.919,6.447,1
2025-11-26,R19,19.446,0.3315,11.733,50.461,60.587,6.061,1
2025-11-27,R19,21.562,0.4003,2.28,43.844,55.658,7.036,1
2025-11-28,R19,19.003,0.4374,16.41,51.9,72.063,5.988,0
2025-11-29,R19,20.341,0.6312,31.544,54.794,72.585,5.002,0
2025-11-30,R19,19.715,0.55,1.734,40.916,37.182,7.019,1
2025-12-01,R19,18.108,0.4905,21.776,48.304,79.038,5.574,0
2025-12-02,R19,19.016,0.6179,21.213,49.98,45.576,7.183,0
2025-12-03,R19,22.499,0.5327,2.681,39.705,65.379,8.143,1
2025-12-04,R19,19.848,0.5417,22.856,55.544,58.357,4.384,0
2025-12-05,R19,18.646,0.5247,1.455,50.269,12.79,9.066,1
2025-12-06,R19,23.458,0.4633,6.427,48.436,30.291,7.713,1
2025-12-07,R19,21.85,0.4313,9.096,44.242,73.184,5.988,0
2025-12-08,R19,16.615,0.4328,16.812,50.145,61.66,5.926,0
2025-12-09,R19,19.147,0.5515,9.396,44.295,51.771,6.129,1
2025-12-10,R19,19.806,0.528,2.016,47.419,61.302,4.924,0
2025-12-11,R19,20.041,0.5215,4.742,48.257,38.592,7.236,1
2025-12-12,R19,20.973,0.4167,4.771,43.922,64.202,5.779,1
2025-12-13,R19,19.649,0.5003,9.737,47.807,55.24,6.959,1
2025-12-14,R19,16.092,0.3917,10.657,51.133,89.582,4.72,0
2025-12-15,R19,20.939,0.4097,4.178,50.402,42.626,7.476,1
2025-12-16,R19,21.057,0.5084,11.869,48.762,67.943,5.348,0
2025-12-17,R19,21.147,0.4776,1.112,45.179,43.552,7.203,1
2025-12-18,R19,19.011,0.4146,4.966,49.076,47.722,6.78,1
2025-12-19,R19,21.046,0.4829,1.944,43.802,39.536,6.226,1
2025-12-20,R19,19.136,0.5472,9.997,48.058,58.01,6.901,1
2025-12-21,R19,21.282,0.4988,11.053,49.643,69.383,6.27,1
2025-12-22,R19,20.781,0.4325,18.155,48.999,38.432,7.826,1
2025-12-23,R19,21.803,0.4089,16.716,50.679,70.975,5.682,0
2025-12-24,R19,24.152,0.5818,9.127,50.658,48.174,7.87,1
2025-12-25,R19,21.526,0.5126,9.947,47.698,49.391,6.463,0
2025-12-26,R19,20.61,0.4475,23.365,52.164,81.01,5.523,0
2025-12-27,R19,21.632,0.5759,26.937,55.429,64.412,7.059,0
2025-12-28,R19,18.355,0.5688,26.487,60.168,56.756,6.307,0
2025-12-29,R19,22.12,0.4955,3.308,42.133,20.485,7.878,1
2025-12-30,R19,19.713,0.5065,13.016,51.881,49.738,7.233,1
2025-12-31,R19,19.797,0.5601,5.774,44.315,35.555,8.374,1
2025-01-01,R20,25.606,0.5739,6.863,50.262,76.018,5.59,0
2025-01-02,R20,26.805,0.5912,12.493,51.226,56.829,7.899,1
2025-01-03,R20,25.731,0.6406,1.996,45.556,58.714,8.58,1
2025-01-04,R20,27.288,0.5783,11.316,50.026,54.549,8.585,1
2025-01-05,R20,25.088,0.579,4.808,49.244,66.767,6.01,1
2025-01-06,R20,24.922,0.5997,5.192,47.577,39.712,7.921,1
2025-01-07,R20,28.789,0.5756,6.491,48.189,50.321,9.04,1
2025-01-08,R20,27.911,0.5919,8.001,46.939,46.746,6.65,1
2025-01-09,R20,24.734,0.604,16.279,49.81,61.52,7.79,1
2025-01-10,R20,27.181,0.5583,7.579,46.926,47.016,8.866,1
2025-01-11,R20,27.89,0.575,3.616,47.604,50.785,9.004,1
2025-01-12,R20,25.035,0.5643,29.633,60.752,80.177,7.135,0
2025-01-13,R20,22.637,0.6276,10.612,47.876,54.088,6.757,1
2025-01-14,R20,25.539,0.5603,4.367,47.899,36.345,10.057,1
2025-01-15,R20,27.558,0.5506,38.54,60.762,68.411,9.453,1
2025-01-16,R20,24.142,0.6236,3.936,43.273,34.847,8.798,1
2025-01-17,R20,25.905,0.6225,24.199,55.032,71.047,8.415,1
2025-01-18,R20,28.322,0.5176,8.999,49.05,40.725,8.675,1
2025-01-19,R20,26.115,0.5853,0.69,49.172,35.354,9.173,1
2025-01-20,R20,27.641,0.6058,1.233,41.187,72.717,6.18,1
2025-01-21,R20,25.32,0.5641,9.917,53.657,81.274,5.901,0
2025-01-22,R20,27.806,0.5677,11.159,45.11,82.601,7.003,1
2025-01-23,R20,28.722,0.5977,11.043,47.28,50.008,10.572,1
2025-01-24,R20,27.92,0.5705,4.364,46.369,56.394,8.32,1
2025-01-25,R20,25.469,0.6494,3.794,51.704,60.261,7.98,1
2025-01-26,R20,26.942,0.6006,4.999,50.358,50.784,9.42,1
2025-01-27,R20,30.608,0.4966,21.586,53.823,75.357,8.221,1
2025-01-28,R20,27.308,0.5319,12.465,50.085,74.256,6.424,1
2025-01-29,R20,30.045,0.6522,22.667,58.436,59.778,8.28,1
2025-01-30,R20,25.042,0.6656,13.005,49.59,54.014,7.573,1
2025-01-31,R20,29.653,0.6489,13.286,56.145,57.079,8.822,1
2025-02-01,R20,25.755,0.5411,15.426,52.075,65.245,6.533,0
2025-02-02,R20,28.835,0.5583,31.588,60.685,88.658,8.579,1
2025-02-03,R20,27.879,0.5248,24.277,52.904,63.549,6.855,0
2025-02-04,R20,24.16,0.5931,2.017,44.03,40.368,6.758,1
2025-02-05,R20,33.065,0.3919,3.8,45.812,55.511,9.331,1
2025-02-06,R20,27.221,0.4872,15.234,59.174,31.382,9.572,1
2025-02-07,R20,27.236,0.5529,13.719,53.767,72.957,8.017,1
2025-02-08,R20,31.807,0.5197,9.023,48.325,53.777,9.339,1
2025-02-09,R20,28.074,0.6494,21.804,52.986,74.304,7.379,1
2025-02-10,R20,27.673,0.5212,18.061,54.798,96.395,6.372,1
2025-02-11,R20,29.745,0.6777,26.349,56.069,91.02,6.853,0
2025-02-12,R20,26.679,0.5099,9.285,49.47,60.678,6.881,1
2025-02-13,R20,27.565,0.5478,6.178,48.899,38.235,8.904,1
2025-02-14,R20,28.762,0.6194,19.722,52.114,55.157,8.195,1
2025-02-15,R20,28.903,0.5639,1.199,46.497,47.044,10.517,1
2025-02-16,R20,31.034,0.4485,3.144,47.713,34.474,10.229,1
2025-02-17,R20,29.544,0.5019,5.253,46.015,71.422,8.688,1
2025-02-18,R20,30.666,0.6651,11.191,47.79,25.492,9.683,1
2025-02-19,R20,27.999,0.6134,25.662,56.868,67.558,8.231,1
2025-02-20,R20,28.747,0.5721,10.851,50.691,39.116,10.198,1
2025-02-21,R20,30.149,0.5002,34.441,59.841,59.392,8.444,0
2025-02-22,R20,29.103,0.67,7.014,45.938,47.201,8.157,1
2025-02-23,R20,27.248,0.5611,1.141,48.729,29.518,8.499,1
2025-02-24,R20,31.502,0.5256,5.261,48.666,44.628,9.497,1
2025-02-25,R20,27.366,0.5548,5.792,51.818,63.762,9.11,1
2025-02-26,R20,30.174,0.4886,4.252,45.419,25.785,10.836,1
2025-02-27,R20,26.559,0.6494,7.283,48.21,46.581,9.348,1
2025-02-28,R20,27.314,0.5026,8.815,49.041,55.622,8.338,1
2025-03-01,R20,31.145,0.5644,6.512,43.569,57.535,8.515,1
2025-03-02,R20,30.196,0.5429,14.895,51.48,43.957,10.17,1
2025-03-03,R20,31.373,0.5853,27.933,51.143,79.09,8.655,1
2025-03-04,R20,25.407,0.5403,6.461,54.776,49.829,7.699,1
2025-03-05,R20,27.288,0.4612,6.603,46.529,37.907,8.627,1
2025-03-06,R20,28.554,0.565,1.348,49.305,44.064,8.703,1
2025-03-07,R20,29.771,0.4864,3.457,48.944,42.444,9.619,1
2025-03-08,R20,28.727,0.5141,10.366,50.159,64.328,7.425,1
2025-03-09,R20,25.455,0.6044,1.791,48.645,20.241,9.841,1
2025-03-10,R20,30.098,0.6658,13.058,53.49,64.102,7.95,1
2025-03-11,R20,29.275,0.5052,5.317,47.954,64.201,7.323,1
2025-03-12,R20,29.486,0.5345,13.108,45.19,39.491,9.417,1
2025-03-13,R20,26.524,0.6282,4.604,45.136,49.511,9.115,1
2025-03-14,R20,27.294,0.5519,6.46,50.006,46.38,9.355,1
2025-03-15,R20,30.956,0.4983,3.258,48.452,50.35,8.656,1
2025-03-16,R20,28.911,0.5267,4.806,48.632,52.853,8.358,1
2025-03-17,R20,28.936,0.6011,9.22,47.343,56.586,8.952,1
2025-03-18,R20,30.623,0.4575,1.932,47.132,92.766,7.122,1
2025-03-19,R20,29.003,0.4626,0.523,44.981,55.51,8.699,1
2025-03-20,R20,28.121,0.6329,4.214,48.67,65.762,8.044,1
2025-03-21,R20,30.073,0.5448,22.101,54.124,77.207,6.797,1
2025-03-22,R20,26.012,0.5845,10.162,53.99,52.989,8.053,1
2025-03-23,R20,30.414,0.5616,5.433,46.574,39.674,10.114,1
2025-03-24,R20,28.773,0.4595,22.016,56.422,82.92,7.579,0
2025-03-25,R20,29.613,0.5555,12.798,53.952,25.813,10.885,1
2025-03-26,R20,30.576,0.5315,3.369,45.768,71.957,7.889,1
2025-03-27,R20,27.647,0.6641,19.8,53.217,62.426,7.034,0
2025-03-28,R20,31.189,0.5432,6.581,53.093,36.957,9.627,1
2025-03-29,R20,28.025,0.5572,14.194,53.587,61.392,6.855,0
2025-03-30,R20,31.068,0.4999,11.916,46.039,57.306,9.354,1
2025-03-31,R20,32.503,0.4152,4.701,47.948,62.524,9.961,1
2025-04-01,R20,28.079,0.5537,11.038,50.061,51.791,9.342,1
2025-04-02,R20,28.127,0.6166,22.377,56.22,60.34,7.994,1
2025-04-03,R20,27.21,0.4702,1.247,41.075,23.54,9.546,1
2025-04-04,R20,29.817,0.5666,0.154,43.72,5.82,11.87,1
2025-04-05,R20,30.774,0.3606,11.888,48.888,61.41,10.01,1
2025-04-06,R20,31.231,0.3637,3.056,49.882,51.95,9.85,1
2025-04-07,R20,29.492,0.5707,0.715,46.677,55.682,10.962,1
2025-04-08,R20,29.01,0.5776,8.592,43.146,33.524,10.838,1
2025-04-09,R20,26.82,0.5176,13.013,50.681,62.859,9.933,1
2025-04-10,R20,28.759,0.6137,2.357,46.979,36.853,10.044,1
2025-04-11,R20,29.871,0.564,3.731,39.16,51.947,8.771,1
2025-04-12,R20,32.08,0.5202,4.835,34.551,30.251,9.784,1
2025-04-13,R20,29.455,0.5631,1.411,49.16,27.584,9.522,1
2025-04-14,R20,28.272,0.6412,22.924,54.068,67.886,7.425,1
2025-04-15,R20,32.505,0.4236,4.241,41.523,38.211,9.533,1
2025-04-16,R20,28.616,0.5502,2.441,48.048,35.032,10.543,1
2025-04-17,R20,28.994,0.5214,18.268,55.3,47.576,7.86,1
2025-04-18,R20,26.962,0.6354,7.761,45.767,59.538,8.615,1
2025-04-19,R20,26.831,0.5319,3.899,46.329,43.767,7.479,1
2025-04-20,R20,31.55,0.4829,8.855,46.933,50.406,9.095,1
2025-04-21,R20,31.311,0.4863,15.887,49.886,34.954,8.688,1
2025-04-22,R20,29.997,0.4568,6.941,54.039,23.27,10.145,1
2025-04-23,R20,29.679,0.6248,9.397,51.518,51.496,8.461,1
2025-04-24,R20,26.255,0.6033,5.58,45.634,21.777,8.874,1
2025-04-25,R20,27.492,0.606,14.66,48.291,43.92,8.648,1
2025-04-26,R20,32.079,0.4872,24.6,54.791,74.128,8.826,1
2025-04-27,R20,27.612,0.5341,12.908,49.097,54.218,6.643,1
2025-04-28,R20,28.408,0.539,4.263,43.644,39.713,9.774,1
2025-04-29,R20,31.678,0.5321,16.459,45.08,65.346,9.03,1
2025-04-30,R20,31.45,0.4628,21.51,52.123,65.51,8.942,1
2025-05-01,R20,26.542,0.7527,10.5,46.591,40.15,8.069,1
2025-05-02,R20,29.743,0.4612,4.601,47.265,43.921,8.975,1
2025-05-03,R20,28.486,0.5419,5.438,46.423,44.147,9.818,1
2025-05-04,R20,26.845,0.6746,6.416,46.994,40.891,9.329,1
2025-05-05,R20,27.724,0.5821,3.369,51.611,24.494,9.294,1
2025-05-06,R20,29.88,0.5541,3.184,46.589,79.484,7.758,1
2025-05-07,R20,27.374,0.6353,8.562,54.846,62.806,6.89,1
2025-05-08,R20,32.694,0.6184,5.055,44.589,40.258,10.362,1
2025-05-09,R20,31.247,0.4928,8.583,46.715,63.238,9.52,1
2025-05-10,R20,28.167,0.5587,0.733,49.085,23.711,9.448,1
2025-05-11,R20,31.313,0.5603,11.986,48.642,49.661,9.47,1
2025-05-12,R20,28.205,0.6138,7.454,52.043,31.71,8.976,1
2025-05-13,R20,28.233,0.5576,10.185,43.141,67.369,6.386,1
2025-05-14,R20,27.809,0.6215,7.566,46.879,13.12,10.431,1
2025-05-15,R20,26.857,0.6507,3.477,48.668,65.201,8.269,1
2025-05-16,R20,29.778,0.4707,3.048,49.284,48.492,9.165,1
2025-05-17,R20,30.008,0.6559,2.905,43.695,19.44,11.094,1
2025-05-18,R20,27.554,0.5885,5.682,51.173,49.484,7.106,1
2025-05-19,R20,25.705,0.6386,7.577,49.439,43.427,9.485,1
2025-05-20,R20,31.027,0.4286,7.851,46.097,52.132,8.866,1
2025-05-21,R20,29.201,0.5135,1.369,44.953,5,10.553,1
2025-05-22,R20,27.41,0.5805,18.561,56.956,67.887,7.932,1
2025-05-23,R20,29.864,0.4618,6.437,42.607,58.442,6.707,1
2025-05-24,R20,29.619,0.516,11.409,51.625,50.883,7.315,1
2025-05-25,R20,28.96,0.5752,10.242,49.474,32.892,9.841,1
2025-05-26,R20,26.514,0.5752,9.327,52.263,57.742,7.265,1
2025-05-27,R20,30.419,0.6236,11.772,51.084,53.191,8.129,1
2025-05-28,R20,27.821,0.5984,19.098,53.866,64.108,8.712,1
2025-05-29,R20,28.601,0.4996,15.394,47.942,39.7,9.261,1
2025-05-30,R20,28.745,0.539,5.454,46.248,41.493,10.493,1
2025-05-31,R20,26.722,0.5659,4.649,48.167,41.77,7.93,1
2025-06-01,R20,27.126,0.5518,28.166,56.26,100,6.288,0
2025-06-02,R20,27.466,0.5378,4.938,47.52,48.75,9.426,1
2025-06-03,R20,25.925,0.6792,9.903,48.895,40.598,8.767,1
2025-06-04,R20,26.263,0.6127,2.041,46.193,54.916,7.452,1
2025-06-05,R20,30.268,0.5522,17.475,53.909,56.768,9.276,1
2025-06-06,R20,29.664,0.5133,27.561,60.134,61.628,9.962,1
2025-06-07,R20,26.242,0.5253,1.504,48.835,26.86,9.494,1
2025-06-08,R20,22.216,0.6294,10.165,52.618,48.515,7.259,1
2025-06-09,R20,28.959,0.5543,11.292,46.179,64.388,7.609,1
2025-06-10,R20,27.954,0.7046,9.277,47.219,58.573,7.05,1
2025-06-11,R20,29.14,0.6292,1.014,49.504,18.553,10.075,1
2025-06-12,R20,28.88,0.4527,2.489,48.048,31.891,10.106,1
2025-06-13,R20,28.063,0.6277,10.385,49.489,61.044,8.909,1
2025-06-14,R20,29.411,0.477,8.431,48.987,70.821,7.449,1
2025-06-15,R20,25.836,0.5839,1.57,47.87,11.676,10.344,1
2025-06-16,R20,26.663,0.538,5.646,50.615,64.989,7.454,1
2025-06-17,R20,25.824,0.7431,8.234,52.678,53.451,9.168,1
2025-06-18,R20,25.303,0.5676,8.367,50.507,28.687,7.976,1
2025-06-19,R20,29.239,0.5448,4.065,50.293,35.694,9.499,1
2025-06-20,R20,23.85,0.5874,6.609,49.751,67.595,7.13,1
2025-06-21,R20,31.118,0.525,8.025,46.008,34.225,9.229,1
2025-06-22,R20,25.777,0.5972,6.686,52.01,61.107,8.921,1
2025-06-23,R20,24.309,0.6029,16.154,53.358,43.186,8.363,0
2025-06-24,R20,24.615,0.6524,2.899,47.86,59.395,6.55,1
2025-06-25,R20,25.682,0.5388,8.21,53.487,31.393,9.075,1
2025-06-26,R20,27.692,0.5433,31.46,59.724,72.895,7.748,0
2025-06-27,R20,27.603,0.5723,4.885,47.172,35.691,9.394,1
2025-06-28,R20,26.213,0.7176,3.248,44.256,59.46,8.295,1
2025-06-29,R20,28.109,0.498,8.688,51.485,53.747,9.119,1
2025-06-30,R20,24.419,0.5646,3.008,44.29,37.278,8.356,1
2025-07-01,R20,25.768,0.525,2.664,39.484,32.704,9.397,1
2025-07-02,R20,26.904,0.4787,4.189,47.985,48.753,8.267,1
2025-07-03,R20,24.853,0.6088,6.186,52.591,52.084,6.997,1
2025-07-04,R20,25.934,0.5658,2.218,42.547,17.501,10.737,1
2025-07-05,R20,26.845,0.5321,4.173,41.978,67.838,7.488,1
2025-07-06,R20,23.155,0.6114,10.673,51.178,58.205,7.954,1
2025-07-07,R20,25.147,0.6854,14.526,51.786,35.964,7.952,1
2025-07-08,R20,26.064,0.6489,6.981,49.956,36.249,10.271,1
2025-07-09,R20,24.655,0.4803,3.66,46.728,53.324,7.485,1
2025-07-10,R20,24.24,0.6756,3.011,48.596,53.156,7.676,1
2025-07-11,R20,23.748,0.5929,3.179,49.522,23.784,8.903,1
2025-07-12,R20,21.034,0.5766,7.072,59.79,46.465,7.418,0
2025-07-13,R20,24.577,0.511,2.54,48.675,33.053,8.642,1
2025-07-14,R20,23.098,0.6121,9.037,58.814,35.118,8.036,0
2025-07-15,R20,23.075,0.5959,10.132,53.048,50.046,7.645,1
2025-07-16,R20,28.969,0.4834,8.873,53.681,61.215,6.736,1
2025-07-17,R20,24.068,0.5201,2.712,44.897,34.781,8.483,1
2025-07-18,R20,26.15,0.6797,4.209,49.761,41.222,7.53,1
2025-07-19,R20,22.701,0.5553,2.766,52.051,35.67,8.048,1
2025-07-20,R20,21.371,0.6516,7.505,52.963,71.642,4.919,0
2025-07-21,R20,24.964,0.5378,13.626,45.567,73.464,7.138,1
2025-07-22,R20,26.067,0.6006,7.587,49.041,76.622,8.396,1
2025-07-23,R20,22.433,0.7594,2.015,51.034,25.983,8.038,1
2025-07-24,R20,25.733,0.5772,13.422,50.995,29.92,9.494,1
2025-07-25,R20,22.208,0.8177,1.025,51.743,42.547,7.082,1
2025-07-26,R20,26.592,0.5785,7.403,52.052,44.399,9.342,1
2025-07-27,R20,22.195,0.6103,10.602,52.937,53.143,7.167,1
2025-07-28,R20,23.683,0.6082,1.831,42.286,59.049,6.211,1
2025-07-29,R20,22.085,0.5633,4.545,59.337,51.596,6.277,0
2025-07-30,R20,22.92,0.688,8.672,49.581,81.586,6.742,1
2025-07-31,R20,25.811,0.5203,0.878,52.052,38.707,8.926,1
2025-08-01,R20,21.351,0.657,6.472,48.397,41.78,7.826,1
2025-08-02,R20,22.948,0.5592,14.193,54.822,87.272,4.788,0
2025-08-03,R20,21.855,0.4716,25.309,55.941,59.553,6.942,0
2025-08-04,R20,21.786,0.6918,3.549,50.181,61.895,7.029,1
2025-08-05,R20,23.471,0.6667,7.878,53.084,67.152,7.277,1
2025-08-06,R20,23.579,0.5627,1.618,49.308,16.802,9.404,1
2025-08-07,R20,23.769,0.5879,11.659,46.287,52.883,8.856,1
2025-08-08,R20,21.976,0.6211,5.867,53.168,63.803,7.049,0
2025-08-09,R20,21.516,0.5477,3.698,53.086,44.5,7.886,1
2025-08-10,R20,22.053,0.615,6.114,51.342,55.349,6.248,1
2025-08-11,R20,24.375,0.637,5.921,51.975,67.365,6.887,1
2025-08-12,R20,21.877,0.6561,4.045,51.257,51.971,7.869,1
2025-08-13,R20,22.826,0.4975,27.624,64.226,70.82,4.394,0
2025-08-14,R20,21.016,0.632,25.616,53.416,74.509,5.344,0
2025-08-15,R20,23.693,0.6546,12.208,53.806,37.057,9.843,1
2025-08-16,R20,23.035,0.5967,1.491,50.829,7.015,10.333,1
2025-08-17,R20,24.872,0.5559,5.627,42.699,19.52,7.579,1
2025-08-18,R20,23.222,0.6906,19.997,61.796,60.865,6.601,0
2025-08-19,R20,21.457,0.6165,4.697,51.207,44.851,7.896,1
2025-08-20,R20,22.253,0.6685,5.112,51.729,19.863,9.096,1
2025-08-21,R20,21.116,0.5794,16.216,60.396,53.01,7.6,0
2025-08-22,R20,26.274,0.6107,13.715,45.492,39.303,8.744,1
2025-08-23,R20,23.076,0.5496,2.382,45.59,24.261,9.249,1
2025-08-24,R20,20.061,0.6594,28.499,59.671,85.843,5.692,0
2025-08-25,R20,23.317,0.6183,5.229,50.981,57.877,7.038,1
2025-08-26,R20,24.585,0.6181,1.802,51.876,20.972,9.897,1
2025-08-27,R20,20.857,0.6613,3.484,47.966,68.984,5.981,1
2025-08-28,R20,19.239,0.6768,20.852,60.857,100,5.248,0
2025-08-29,R20,19.114,0.6325,17.388,59.211,74.467,5.158,0
2025-08-30,R20,19.538,0.6467,19.534,60.797,58.52,6.69,0
2025-08-31,R20,20.729,0.5692,9.333,58.926,41.113,6.981,0
2025-09-01,R20,20.164,0.6591,8.631,54.59,85.24,4.541,0
2025-09-02,R20,18.543,0.5811,16.283,57.328,68.057,6.546,0
2025-09-03,R20,24.456,0.6091,20.648,54.959,50.977,7.618,0
2025-09-04,R20,23.725,0.6233,2.024,46.826,66.472,7.03,1
2025-09-05,R20,21.485,0.5949,4.192,54.172,30.044,8.375,1
2025-09-06,R20,22.021,0.6785,2.207,44.259,57.107,6.62,0
2025-09-07,R20,23.081,0.5632,1.943,48.437,35.694,6.97,1
2025-09-08,R20,19.695,0.547,24.673,61.626,58.472,6.959,0
2025-09-09,R20,19.508,0.636,7.3,49.633,17.036,7.392,1
2025-09-10,R20,20.786,0.5486,5.361,48.038,33.351,6.005,1
2025-09-11,R20,21.78,0.7045,10.165,47.359,51.524,7.954,1
2025-09-12,R20,21.957,0.6554,7.469,54.944,56.728,7.155,0
2025-09-13,R20,21.462,0.6046,9.385,54.426,78.478,5.573,0
2025-09-14,R20,21.467,0.7,8.776,52.778,46.868,6.099,0
2025-09-15,R20,22.778,0.5988,8.431,45.31,63.946,8.202,1
2025-09-16,R20,20.459,0.5821,2.484,52.525,17.512,8.476,1
2025-09-17,R20,19.844,0.8065,3.245,49.392,39.392,5.257,0
2025-09-18,R20,22.506,0.6898,9.742,58.355,79.653,4.938,0
2025-09-19,R20,22.813,0.5931,7.262,49.262,26.253,8.341,1
2025-09-20,R20,16.806,0.6838,7.903,54.904,45.259,5.531,0
2025-09-21,R20,19.635,0.5605,7.097,52.791,51.781,7.642,1
2025-09-22,R20,20.358,0.5929,1.551,55.211,42.708,7.543,0
2025-09-23,R20,19.019,0.6376,9.786,52.493,42.123,6.373,0
2025-09-24,R20,16.554,0.6576,5.125,50.388,59.606,5.071,0
2025-09-25,R20,19.889,0.6759,0.346,55.39,51.238,6.91,1
2025-09-26,R20,21.438,0.6557,9.498,54.033,55.866,6.226,0
2025-09-27,R20,21.72,0.5654,3.085,53.545,34.745,8.014,1
2025-09-28,R20,19.952,0.6012,3.985,54.158,31.709,8.836,1
2025-09-29,R20,20.608,0.5989,3.372,51.604,26.267,7.911,1
2025-09-30,R20,19.54,0.6297,3.674,50.592,47.717,7.298,1
2025-10-01,R20,23.382,0.5899,2.347,51.047,31.167,9.246,1
2025-10-02,R20,21.733,0.5915,10.87,53.505,44.275,8.525,1
2025-10-03,R20,17.294,0.6511,12.94,56.16,45.736,5.665,0
2025-10-04,R20,21.482,0.6086,18.557,54.783,44.378,7.421,0
2025-10-05,R20,24.468,0.586,20.041,59.124,68.831,7.606,0
2025-10-06,R20,20.058,0.7562,7.78,50.877,48.649,7.34,0
2025-10-07,R20,19.071,0.5758,27.391,62.127,40.585,7.199,0
2025-10-08,R20,21.514,0.5938,5.698,53.051,30.62,7.065,1
2025-10-09,R20,20.067,0.6392,1.754,50.232,48.705,5.532,0
2025-10-10,R20,21.508,0.5398,4.579,53.094,57.996,7.8,1
2025-10-11,R20,24.756,0.5443,8.228,56.539,65.072,7.095,1
2025-10-12,R20,21.973,0.6995,13.883,55.71,57.941,6.085,0
2025-10-13,R20,19.82,0.6098,2.535,48.415,63.048,6.339,1
2025-10-14,R20,20.897,0.61,11.377,61.362,41.159,8.609,0
2025-10-15,R20,19.29,0.6453,0.33,55.259,29.47,6.978,0
2025-10-16,R20,24.419,0.5479,2.262,54.286,37.492,8.418,1
2025-10-17,R20,19.155,0.7093,25.329,61.434,52.81,7.062,0
2025-10-18,R20,22.684,0.6262,6.481,53.457,47.153,6.587,1
2025-10-19,R20,20.112,0.6348,19.654,57.461,48.411,6.523,0
2025-10-20,R20,20.181,0.6253,10.68,52.263,73.153,5.764,0
2025-10-21,R20,22.915,0.6368,11.288,53.629,44.539,9.053,1
2025-10-22,R20,19.88,0.5422,0.383,51.009,36.957,7.674,1
2025-10-23,R20,21.795,0.6915,11.773,51.61,41.288,6.305,0
2025-10-24,R20,20.037,0.7078,0.88,51.719,18.141,8.686,1
2025-10-25,R20,23.954,0.6183,10.59,51.244,47.569,8.401,1
2025-10-26,R20,21.44,0.6762,5.87,54.872,72.154,7.388,0
2025-10-27,R20,20.749,0.679,3.827,46.977,25.46,7.731,1
2025-10-28,R20,19.79,0.6969,15.104,60.488,62.645,5.442,0
2025-10-29,R20,21.38,0.5634,22.864,58.317,62.462,7.449,0
2025-10-30,R20,22.448,0.6088,2.165,46.945,72.771,7.532,1
2025-10-31,R20,20.283,0.6245,8.666,52.456,47.046,7.475,1
2025-11-01,R20,22.201,0.5331,3.543,51.577,8.835,9.776,1
2025-11-02,R20,22.369,0.5993,13.505,57.214,72.954,6.473,0
2025-11-03,R20,20.798,0.6157,2.587,46.261,19.743,8.94,1
2025-11-04,R20,24.31,0.6031,16.534,56.339,68.085,6.288,0
2025-11-05,R20,23.365,0.5762,2.418,47.303,39.673,7.406,1
2025-11-06,R20,20.077,0.6981,5.108,52.292,43.42,6.36,0
2025-11-07,R20,21.776,0.6409,24.389,54.254,76.81,7.18,0
2025-11-08,R20,22.283,0.6281,16.834,56.473,66.924,6.877,0
2025-11-09,R20,21.075,0.6368,2.039,51.341,48.743,8.03,1
2025-11-10,R20,20.915,0.6078,10.3,52.799,56.478,6.686,0
2025-11-11,R20,23.606,0.5668,10.167,53.258,57.393,7.402,1
2025-11-12,R20,21.544,0.625,2.238,50.063,43.785,6.914,1
2025-11-13,R20,22.976,0.5463,12.84,55.423,65.029,5.758,0
2025-11-14,R20,21.562,0.6382,6.366,52.908,50.796,8.153,0
2025-11-15,R20,23.44,0.6531,5.286,54.806,75.172,5.891,0
2025-11-16,R20,21.271,0.4911,9.53,53.418,61.087,7.976,1
2025-11-17,R20,21.793,0.572,4.748,55.852,38.546,8.473,1
2025-11-18,R20,25.8,0.5413,3.835,48.667,34.217,9.342,1
2025-11-19,R20,22.283,0.4651,7.075,48.665,32.978,8.778,1
2025-11-20,R20,21.386,0.6245,12.016,51.365,60.535,6.167,0
2025-11-21,R20,25.239,0.5365,6.861,49.107,36.334,9.77,1
2025-11-22,R20,21.871,0.6271,8.941,52.089,46.153,8.544,1
2025-11-23,R20,20.161,0.6058,10.94,52.993,35.869,7.553,1
2025-11-24,R20,22.178,0.7039,11.624,56.341,52.87,7.66,0
2025-11-25,R20,21.584,0.6605,10.292,52.231,24.134,8.601,1
2025-11-26,R20,19.795,0.6852,9.313,51.087,33.069,8.106,1
2025-11-27,R20,24.672,0.5676,0.943,44.063,32.627,9.849,1
2025-11-28,R20,25.792,0.6064,13.763,53.235,67.101,7.449,1
2025-11-29,R20,25.375,0.5086,3.615,47.072,27.176,9.293,1
2025-11-30,R20,20.88,0.6957,19.363,62.122,77.137,4.625,0
2025-12-01,R20,24.792,0.6612,24.164,53.643,62.751,7.313,1
2025-12-02,R20,25.386,0.6618,6.421,52.24,57.873,8.571,1
2025-12-03,R20,26.037,0.6534,3.63,46.814,45.218,9.349,1
2025-12-04,R20,21.601,0.5511,21.168,55.306,65.399,6.558,0
2025-12-05,R20,23.442,0.6746,17.697,49.254,53.418,7.191,0
2025-12-06,R20,24.827,0.5327,2.876,50.414,19.021,8.23,1
2025-12-07,R20,23.618,0.6798,13.351,52.087,55.504,7.748,1
2025-12-08,R20,23.534,0.4896,11.47,50.266,59.365,7.357,1
2025-12-09,R20,23.056,0.6759,5.29,47.024,66.894,7.282,1
2025-12-10,R20,22.958,0.5916,21.283,59.086,50.422,8.577,1
2025-12-11,R20,23.578,0.6777,1.587,50.605,26.758,9.414,1
2025-12-12,R20,22.84,0.5606,5.775,54.008,38.594,9.563,1
2025-12-13,R20,20.387,0.5093,17.716,58.919,61.77,7.59,0
2025-12-14,R20,25.592,0.5427,13.617,52.524,52.911,7.832,1
2025-12-15,R20,21.982,0.7032,28.616,60.585,91.181,5.05,0
2025-12-16,R20,26.155,0.6002,13.368,51.254,84.499,7.305,1
2025-12-17,R20,23.022,0.6765,2.792,46.889,92.29,5.179,1
2025-12-18,R20,24.095,0.6816,8.35,51.405,29.022,9.013,1
2025-12-19,R20,24.761,0.5502,12.705,50.959,45.172,8.179,1
2025-12-20,R20,26.035,0.4677,4.033,50.784,49.425,8.263,1
2025-12-21,R20,23.153,0.752,4.297,45.872,42.652,7.659,1
2025-12-22,R20,25.253,0.5094,0.574,46.146,18.917,10.141,1
2025-12-23,R20,25.91,0.5768,10.234,50.992,25.21,9.131,1
2025-12-24,R20,23.739,0.5998,5.406,46.58,75.241,6.344,1
2025-12-25,R20,26.144,0.612,6.314,45.942,73.905,7.18,0
2025-12-26,R20,23.58,0.6449,8.617,50.753,26.857,7.613,1
2025-12-27,R20,27.4,0.6636,3.281,49.074,70.406,7.091,1
2025-12-28,R20,25.903,0.7053,4.575,48.051,27.403,10.157,1
2025-12-29,R20,24.151,0.5956,11.915,49.263,87.32,6.6,1
2025-12-30,R20,24.01,0.6543,10.185,52.981,64.281,8.365,1
2025-12-31,R20,27.395,0.4566,12.743,53.014,62.0,8.872,1
2025-01-01,R21,25.095,0.3474,15.223,63.147,62.506,7.697,0
2025-01-02,R21,24.641,0.3584,6.482,56.351,49.728,7.864,1
2025-01-03,R21,22.575,0.3115,1.463,59.565,36.006,8.198,1
2025-01-04,R21,24.153,0.3523,6.316,61.808,72.635,8.221,1
2025-01-05,R21,25.875,0.4449,12.343,61.385,42.815,7.458,0
2025-01-06,R21,23.64,0.4125,7.36,64.017,62.036,6.396,0
2025-01-07,R21,24.617,0.3298,21.172,62.454,72.274,4.924,0
2025-01-08,R21,24.646,0.3664,19.017,62.117,75.689,8.094,1
2025-01-09,R21,25.256,0.3438,1.353,59.412,8.359,10.487,1
2025-01-10,R21,23.363,0.3957,6.57,65.393,63.652,6.116,0
2025-01-11,R21,24.526,0.3512,17.132,65.133,78.16,6.621,0
2025-01-12,R21,24.608,0.3066,6.613,61.715,24.609,9.502,1
2025-01-13,R21,27.434,0.3685,1.989,51.944,29.134,9.118,1
2025-01-14,R21,26.741,0.3808,2.607,58.909,24.101,8.795,1
2025-01-15,R21,23.026,0.374,8.573,67.235,42.722,7.082,0
2025-01-16,R21,24.794,0.4081,9.754,60.871,63.569,7.713,1
2025-01-17,R21,27.545,0.4067,30.049,66.428,39.458,8.317,0
2025-01-18,R21,24.221,0.3368,2.117,61.082,61.092,7.303,1
2025-01-19,R21,28.589,0.3902,2.196,57.362,23.314,9.468,1
2025-01-20,R21,27.188,0.3412,10.742,62.853,62.745,7.669,1
2025-01-21,R21,26.775,0.3037,8.452,59.191,52.281,7.303,1
2025-01-22,R21,24.198,0.3379,12.055,68.205,39.932,8.516,0
2025-01-23,R21,24.627,0.5553,8.612,63.982,73.775,5.379,0
2025-01-24,R21,27.677,0.3615,4.855,57.664,72.403,7.443,1
2025-01-25,R21,29.333,0.3281,8.895,60.397,51.194,9.907,1
2025-01-26,R21,26.934,0.3547,3.844,59.104,40.624,9.924,1
2025-01-27,R21,27.052,0.3508,2.971,61.914,43.411,9.31,1
2025-01-28,R21,22.263,0.4,19.355,67.328,42.188,7.595,0
2025-01-29,R21,24.426,0.291,17.232,68.384,73.057,6.78,0
2025-01-30,R21,27.155,0.3299,3.956,60.621,79.39,6.988,1
2025-01-31,R21,30.584,0.2803,1.427,54.431,6.186,10.765,1
2025-02-01,R21,25.437,0.4945,25.918,63.828,50.61,7.901,1
2025-02-02,R21,26.273,0.4255,0.991,58.267,52.51,8.476,1
2025-02-03,R21,27.002,0.3453,14.599,58.359,67.445,7.846,1
2025-02-04,R21,25.996,0.3671,19.333,64.825,73.766,7.29,0
2025-02-05,R21,29.047,0.3306,1.348,54.771,47.5,9.589,1
2025-02-06,R21,26.81,0.3338,17.986,62.757,32.955,9.765,1
2025-02-07,R21,29.786,0.3145,1.825,57.027,31.589,10.509,1
2025-02-08,R21,30.899,0.224,3.663,56.331,56.666,9.02,1
2025-02-09,R21,29.146,0.3528,2.223,57.228,24.278,10.243,1
2025-02-10,R21,27.363,0.366,3.688,53.281,27.256,9.9,1
2025-02-11,R21,26.443,0.3241,2.75,54.725,37.645,9.618,1
2025-02-12,R21,24.813,0.3208,1.473,58.151,5,11.193,1
2025-02-13,R21,25.903,0.3817,6.87,62.271,54.483,8.582,1
2025-02-14,R21,26.986,0.3302,4.341,59.761,24.453,9.474,1
2025-02-15,R21,27.509,0.357,14.37,59.993,64.339,6.747,1
2025-02-16,R21,28.281,0.3064,8.592,58.803,50.941,7.784,1
2025-02-17,R21,26.747,0.3843,1.855,57.958,46.617,8.554,1
2025-02-18,R21,26.877,0.2394,15.758,55.903,70.424,8.402,1
2025-02-19,R21,26.927,0.3139,24.337,62.815,77.095,5.569,0
2025-02-20,R21,29.3,0.3295,4.296,57.407,38.121,10.3,1
2025-02-21,R21,28.827,0.3803,12.332,61.675,62.825,8.992,1
2025-02-22,R21,27.32,0.3655,9.698,63.979,37.437,7.975,1
2025-02-23,R21,30.736,0.3245,5.606,58.568,78.286,7.029,1
2025-02-24,R21,26.649,0.3856,1.837,54.526,44.264,7.848,1
2025-02-25,R21,26.571,0.3389,5.325,56.41,47.712,9.001,1
2025-02-26,R21,28.634,0.4274,10.444,61.551,68.371,6.842,1
2025-02-27,R21,27.906,0.3765,7.971,57.453,62.798,6.173,1
2025-02-28,R21,28.073,0.3255,49.617,73.858,85.071,7.742,0
2025-03-01,R21,26.68,0.3058,1.42,57.266,25.405,10.334,1
2025-03-02,R21,30.651,0.3719,3.141,57.039,42.667,8.973,1
2025-03-03,R21,25.946,0.2538,5.018,54.508,64.996,7.904,1
2025-03-04,R21,25.969,0.3091,9.291,58.405,59.891,8.202,1
2025-03-05,R21,26.785,0.3557,3.264,52.924,8.024,10.597,1
2025-03-06,R21,29.186,0.3402,3.037,57.051,69.857,7.357,1
2025-03-07,R21,31.836,0.3194,19.208,62.374,53.208,9.129,1
2025-03-08,R21,27.941,0.3965,12.365,60.594,77.73,6.585,0
2025-03-09,R21,28.884,0.4215,20.218,60.704,49.249,9.448,1
2025-03-10,R21,27.98,0.35,7.593,59.418,33.796,9.081,1
2025-03-11,R21,29.038,0.3755,3.854,56.922,61.957,8.774,1
2025-03-12,R21,28.881,0.3586,10.139,61.258,46.332,10.214,1
2025-03-13,R21,31.449,0.3616,3.401,54.3,33.914,10.897,1
2025-03-14,R21,24.503,0.3545,3.069,60.994,16.492,9.815,1
2025-03-15,R21,29.26,0.2635,8.335,57.185,62.122,8.283,1
2025-03-16,R21,28.221,0.3558,2.048,51.802,21.986,11.261,1
2025-03-17,R21,27.947,0.3789,13.971,57.691,51.85,10.162,1
2025-03-18,R21,26.235,0.3655,14.954,59.907,54.48,8.121,1
2025-03-19,R21,32.512,0.3877,19.066,57.3,57.904,8.89,1
2025-03-20,R21,29.911,0.2766,6.038,56.541,29.715,9.011,1
2025-03-21,R21,30.813,0.3735,4.022,57.672,43.634,9.659,1
2025-03-22,R21,29.216,0.3383,3.968,60.683,52.07,7.863,1
2025-03-23,R21,29.782,0.3545,11.566,61.627,29.053,9.989,1
2025-03-24,R21,28.93,0.2976,10.34,58.393,56.236,8.844,1
2025-03-25,R21,27.224,0.3683,11.093,62.594,35.71,8.82,0
2025-03-26,R21,27.525,0.2969,18.875,64.47,61.516,7.359,0
2025-03-27,R21,29.842,0.3675,9.768,57.345,44.646,9.547,1
2025-03-28,R21,27.586,0.3801,4.247,63.639,49.3,8.846,1
2025-03-29,R21,28.311,0.2939,7.991,58.316,49.396,8.876,1
2025-03-30,R21,30.143,0.2706,2.512,54.604,64.72,7.792,1
2025-03-31,R21,30.616,0.3541,4.172,51.409,37.164,9.816,1
2025-04-01,R21,30.587,0.2481,6.036,59.353,75.478,8.979,1
2025-04-02,R21,31.26,0.3341,22.636,61.342,51.338,10.322,1
2025-04-03,R21,30.802,0.3692,11.261,56.362,95.846,7.556,1
2025-04-04,R21,29.932,0.2957,1.106,57.395,20.941,10.017,1
2025-04-05,R21,31.753,0.3305,0.788,57.126,46.752,10.144,1
2025-04-06,R21,27.46,0.2441,7.073,61.012,40.837,7.508,1
2025-04-07,R21,27.916,0.2859,5.374,60.535,67.173,7.876,1
2025-04-08,R21,27.123,0.3043,2.966,55.987,46.123,8.271,1
2025-04-09,R21,28.596,0.224,12.846,63.417,71.057,7.459,1
2025-04-10,R21,28.791,0.2496,4.393,58.612,48.774,8.851,1
2025-04-11,R21,27.806,0.2353,3.875,55.375,57.378,8.097,1
2025-04-12,R21,29.946,0.2462,11.894,57.591,42.412,8.83,1
2025-04-13,R21,26.765,0.3752,6.768,60.767,83.429,7.031,1
2025-04-14,R21,27.636,0.4097,13.81,61.043,51.703,7.163,0
2025-04-15,R21,30.725,0.3157,12.268,59.56,48.913,10.667,1
2025-04-16,R21,27.562,0.2808,10.223,58.295,65.941,7.878,1
2025-04-17,R21,30.178,0.2957,3.562,56.775,17.675,9.913,1
2025-04-18,R21,27.885,0.338,10.09,61.831,67.829,8.006,1
2025-04-19,R21,30.813,0.3529,4.01,54.137,43.767,8.751,1
2025-04-20,R21,32.033,0.2582,12.99,55.696,73.867,9.3,1
2025-04-21,R21,29.137,0.3363,4.262,57.392,40.747,8.308,1
2025-04-22,R21,29.163,0.2789,16.684,59.663,66.488,8.666,1
2025-04-23,R21,29.302,0.2854,15.872,64.725,80.423,7.435,1
2025-04-24,R21,29.143,0.2975,4.179,55.988,44.806,10.261,1
2025-04-25,R21,30.328,0.3839,5.509,57.043,60.101,7.644,1
2025-04-26,R21,28.439,0.2485,2.262,57.11,47.668,9.055,1
2025-04-27,R21,28.897,0.3144,33.389,66.379,71.438,6.901,0
2025-04-28,R21,29.113,0.3262,12.621,63.06,59.271,8.074,1
2025-04-29,R21,28.126,0.3594,5.383,57.802,46.434,9.028,1
2025-04-30,R21,30.416,0.2466,6.135,54.733,22.459,9.394,1
2025-05-01,R21,28.133,0.3872,7.615,60.523,46.22,8.652,1
2025-05-02,R21,29.507,0.2917,1.297,55.512,67.307,8.705,1
2025-05-03,R21,32.837,0.1615,20.377,61.29,62.037,8.262,1
2025-05-04,R21,29.652,0.2707,4.853,57.358,22.216,10.447,1
2025-05-05,R21,29.082,0.2719,8.124,59.641,45.011,10.053,1
2025-05-06,R21,30.062,0.4307,21.571,61.878,47.453,8.036,0
2025-05-07,R21,30.592,0.3122,9.768,57.564,70.785,7.595,1
2025-05-08,R21,30.485,0.3426,6.603,58.618,39.25,9.496,1
2025-05-09,R21,27.643,0.3685,0.676,54.338,53.031,7.522,1
2025-05-10,R21,26.373,0.3819,1.742,60.612,34.873,9.295,1
2025-05-11,R21,29.571,0.3404,16.62,61.704,63.063,8.548,1
2025-05-12,R21,29.5,0.3023,0.217,53.517,40.598,9.519,1
2025-05-13,R21,26.03,0.3023,12.707,56.198,44.604,7.705,1
2025-05-14,R21,29.863,0.3811,5.316,53.694,50.32,7.204,1
2025-05-15,R21,28.596,0.3447,3.461,62.678,34.679,9.932,1
2025-05-16,R21,28.535,0.3894,3.862,58.3,52.572,10.782,1
2025-05-17,R21,27.195,0.3005,4.495,58.332,60.581,6.879,1
2025-05-18,R21,26.3,0.2559,6.011,56.296,56.375,6.747,1
2025-05-19,R21,27.353,0.2976,8.025,55.918,34.575,8.847,1
2025-05-20,R21,29.76,0.3795,12.246,57.132,78.111,6.654,1
2025-05-21,R21,28.095,0.2424,23.185,67.545,58.249,7.311,0
2025-05-22,R21,28.695,0.3493,36.323,77.314,82.49,7.779,0
2025-05-23,R21,26.892,0.3176,0.474,60.376,11.582,10.52,1
2025-05-24,R21,28.154,0.2715,4.417,53.71,31.47,8.678,1
2025-05-25,R21,27.889,0.3354,21.018,67.911,75.704,7.648,0
2025-05-26,R21,27.246,0.301,13.205,67.48,60.596,7.787,0
2025-05-27,R21,28.115,0.344,10.176,68.353,56.682,7.536,1
2025-05-28,R21,28.656,0.3919,12.182,59.261,34.023,9.499,1
2025-05-29,R21,29.899,0.3276,7.101,55.903,69.151,8.136,1
2025-05-30,R21,27.443,0.3923,16.352,59.735,71.606,6.811,1
2025-05-31,R21,27.283,0.265,2.469,55.81,60.097,8.631,1
2025-06-01,R21,26.863,0.4187,2.458,58.492,58.259,6.23,0
2025-06-02,R21,29.224,0.3459,4.295,63.224,29.309,10.259,1
2025-06-03,R21,25.322,0.3874,16.476,66.688,43.517,8.726,0
2025-06-04,R21,26.524,0.2782,7.467,53.723,39.713,9.014,1
2025-06-05,R21,25.523,0.3093,8.153,62.077,62.004,7.606,1
2025-06-06,R21,29.71,0.4059,8.177,60.692,72.22,8.432,1
2025-06-07,R21,27.106,0.2692,5.122,56.234,54.816,7.612,1
2025-06-08,R21,24.136,0.2908,4.4,58.586,56.842,8.02,1
2025-06-09,R21,26.92,0.35,8.675,58.329,76.757,7.214,1
2025-06-10,R21,25.328,0.3784,22.838,69.793,59.676,8.229,0
2025-06-11,R21,26.337,0.3135,14.155,64.905,87.804,5.905,0
2025-06-12,R21,25.446,0.4514,23.826,69.57,65.987,8.171,0
2025-06-13,R21,24.533,0.3551,5.755,61.932,56.373,7.879,1
2025-06-14,R21,26.721,0.4793,2.204,58.559,39.244,9.038,1
2025-06-15,R21,26.475,0.3349,4.376,57.967,46.89,8.054,1
2025-06-16,R21,26.242,0.342,3.288,58.745,44.26,8.361,1
2025-06-17,R21,24.256,0.3267,18.42,65.109,58.71,6.332,0
2025-06-18,R21,24.732,0.452,15.152,65.481,67.875,6.43,0
2025-06-19,R21,26.495,0.3413,5.382,60.251,48.518,7.666,1
2025-06-20,R21,27.792,0.3772,4.812,58.287,35.756,8.881,1
2025-06-21,R21,27.59,0.275,6.449,52.976,55.183,7.677,1
2025-06-22,R21,25.318,0.3407,14.311,58.719,61.607,6.399,1
2025-06-23,R21,24.519,0.3652,3.065,61.449,33.555,8.328,1
2025-06-24,R21,25.611,0.4243,15.49,63.783,65.109,7.751,1
2025-06-25,R21,22.426,0.3092,8.14,69.958,52.871,6.672,0
2025-06-26,R21,26.939,0.2923,4.972,56.492,37.376,8.26,1
2025-06-27,R21,24.627,0.3425,3.628,62.149,53.707,8.427,1
2025-06-28,R21,28.582,0.2994,4.583,60.319,27.031,9.441,1
2025-06-29,R21,25.89,0.346,14.683,56.693,76.35,7.188,1
2025-06-30,R21,23.163,0.4721,7.063,62.207,36.13,8.245,0
2025-07-01,R21,23.124,0.3091,19.336,62.433,56.522,7.73,0
2025-07-02,R21,24.76,0.2847,11.416,61.494,49.808,7.754,1
2025-07-03,R21,22.57,0.458,11.261,62.745,63.733,6.926,0
2025-07-04,R21,25.499,0.2768,8.227,61.726,56.03,7.278,0
2025-07-05,R21,24.483,0.2614,7.143,62.149,43.04,8.542,1
2025-07-06,R21,25.305,0.384,7.616,63.878,63.081,5.537,0
2025-07-07,R21,20.939,0.4702,21.792,68.083,58.755,5.826,0
2025-07-08,R21,23.9,0.4688,12.08,64.477,46.815,8.194,0
2025-07-09,R21,22.467,0.3863,2.617,56.282,33.207,8.595,1
2025-07-10,R21,27.177,0.3722,9.148,63.404,77.023,7.878,0
2025-07-11,R21,23.28,0.3947,6.47,57.902,41.885,7.349,1
2025-07-12,R21,24.926,0.3244,37.15,73.61,75.744,6.671,0
2025-07-13,R21,24.149,0.3728,5.844,63.106,64.758,5.746,0
2025-07-14,R21,21.239,0.3738,4.456,53.433,31.489,7.999,1
2025-07-15,R21,23.482,0.44,3.136,60.225,55.01,7.715,1
2025-07-16,R21,23.99,0.3904,5.858,59.048,38.428,8.344,1
2025-07-17,R21,24.565,0.3589,5.045,59.618,49.985,8.511,1
2025-07-18,R21,22.563,0.4532,2.969,57.913,83.002,6.773,0
2025-07-19,R21,23.023,0.2587,15.398,66.902,52.404,7.582,1
2025-07-20,R21,21.661,0.3645,15.168,68.441,51.289,7.395,0
2025-07-21,R21,22.568,0.4243,20.752,72.053,49.291,6.8,0
2025-07-22,R21,24.038,0.2712,13.902,62.511,62.351,7.282,0
2025-07-23,R21,23.132,0.3275,17.564,63.118,56.671,7.709,1
2025-07-24,R21,25.893,0.34,9.313,56.801,62.506,7.829,1
2025-07-25,R21,21.049,0.4072,0.815,64.768,12.402,8.862,1
2025-07-26,R21,20.284,0.4267,30.899,78.101,69.17,5.426,0
2025-07-27,R21,21.785,0.3953,24.602,68.859,63.745,7.725,0
2025-07-28,R21,22.759,0.3658,14.559,64.686,68.123,6.521,0
2025-07-29,R21,21.45,0.4948,4.731,63.985,65.376,7.842,1
2025-07-30,R21,21.656,0.4401,10.109,61.715,32.742,7.506,0
2025-07-31,R21,21.788,0.4057,2.344,58.203,53.322,6.401,1
2025-08-01,R21,17.863,0.4456,7.918,65.463,39.517,5.871,0
2025-08-02,R21,22.595,0.2532,15.88,68.229,61.915,6.623,0
2025-08-03,R21,22.699,0.4958,18.403,65.579,56.7,7.514,0
2025-08-04,R21,21.783,0.4486,10.138,64.948,36.551,7.82,1
2025-08-05,R21,20.534,0.4752,3.33,56.457,64.316,5.246,0
2025-08-06,R21,23.72,0.3689,8.199,63.764,41.945,8.481,1
2025-08-07,R21,22.369,0.3928,21.414,67.067,46.486,7.51,0
2025-08-08,R21,24.408,0.2972,21.12,61.575,64.496,6.487,0
2025-08-09,R21,21.375,0.3968,3.565,57.469,53.48,6.036,0
2025-08-10,R21,19.469,0.3336,2.985,60.04,58.979,6.28,0
2025-08-11,R21,23.256,0.4209,24.014,65.599,56.112,7.078,0
2025-08-12,R21,18.374,0.457,15.593,70.845,45.041,7.52,0
2025-08-13,R21,18.196,0.3515,2.349,63.604,69.016,5.513,0
2025-08-14,R21,23.924,0.2649,0.167,56.962,12.768,10.63,1
2025-08-15,R21,24.423,0.3055,10.291,64.067,35.826,7.478,0
2025-08-16,R21,22.098,0.3562,14.689,62.641,55.082,6.178,0
2025-08-17,R21,19.364,0.4039,3.346,57.725,67.437,5.857,0
2025-08-18,R21,22.386,0.4563,5.881,62.622,31.193,7.749,1
2025-08-19,R21,19.982,0.4067,2.984,64.669,48.387,6.363,0
2025-08-20,R21,23.121,0.376,11.451,69.68,75.378,5.173,0
2025-08-21,R21,20.755,0.4258,5.93,62.911,33.143,7.978,1
2025-08-22,R21,23.117,0.4021,16.837,69.989,74.505,5.344,0
2025-08-23,R21,20.618,0.3963,17.58,60.17,46.221,7.918,1
2025-08-24,R21,23.052,0.45,9.349,59.855,22.435,8.455,1
2025-08-25,R21,23.186,0.3137,2.275,63.488,70.395,6.242,0
2025-08-26,R21,21.498,0.3682,15.563,65.381,35.636,7.105,0
2025-08-27,R21,22.746,0.2488,2.537,61.102,43.772,7.297,1
2025-08-28,R21,18.182,0.3236,8.847,64.762,33.521,6.738,1
2025-08-29,R21,20.067,0.4496,4.228,62.603,44.239,7.268,0
2025-08-30,R21,24.742,0.3639,5.04,58.313,24.511,9.876,1
2025-08-31,R21,20.071,0.403,10.702,61.507,53.49,7.188,0
2025-09-01,R21,17.779,0.4725,25.896,75.195,67.897,3.724,0
2025-09-02,R21,25.747,0.3198,2.721,57.429,41.564,7.867,1
2025-09-03,R21,16.95,0.4297,1.254,61.557,45.32,5.535,0
2025-09-04,R21,20.368,0.2649,9.515,63.129,62.037,6.562,0
2025-09-05,R21,19.56,0.2923,2.973,63.24,36.275,7.296,0
2025-09-06,R21,21.16,0.4575,12.723,64.243,55.954,6.122,0
2025-09-07,R21,18.299,0.4608,19.164,69.296,76.503,5.04,0
2025-09-08,R21,20.904,0.4419,4.147,62.017,31.906,7.077,0
2025-09-09,R21,20.891,0.4357,9.519,66.381,54.405,6.539,0
2025-09-10,R21,19.073,0.4886,22.983,68.473,80.495,4.008,0
2025-09-11,R21,21.536,0.4143,18.661,65.551,51.034,8.185,0
2025-09-12,R21,20.931,0.4636,30.339,70.937,49.143,7.533,0
2025-09-13,R21,19.598,0.3719,9.649,69.436,64.622,5.38,0
2025-09-14,R21,20.643,0.3838,3.359,55.436,53.597,7.269,0
2025-09-15,R21,22.703,0.3459,22.625,65.212,63.451,7.62,1
2025-09-16,R21,19.31,0.3738,5.768,61.585,37.038,9.15,1
2025-09-17,R21,20.28,0.4973,2.596,62.049,64.712,6.892,0
2025-09-18,R21,20.224,0.5127,27.151,72.061,92.397,6.373,0
2025-09-19,R21,19.891,0.4043,4.358,61.517,49.076,8.216,1
2025-09-20,R21,19.951,0.4474,12.151,66.649,51.648,7.244,0
2025-09-21,R21,22.437,0.376,15.306,66.589,65.332,6.326,0
2025-09-22,R21,21.443,0.3583,22.778,67.586,49.876,8.145,0
2025-09-23,R21,21.808,0.3686,18.159,63.091,68.883,7.805,0
2025-09-24,R21,20.913,0.2943,15.36,65.03,45.827,7.071,0
2025-09-25,R21,18.889,0.2886,2.968,62.382,72.516,6.98,0
2025-09-26,R21,20.472,0.4461,7.431,61.334,28.073,8.586,1
2025-09-27,R21,17.75,0.4489,11.197,67.406,29.992,7.646,0
2025-09-28,R21,20.263,0.4818,4.352,63.207,57.023,5.809,0
2025-09-29,R21,20.299,0.3008,18.849,72.032,67.914,6.123,0
2025-09-30,R21,20.102,0.3859,3.503,58.984,44.806,6.878,0
2025-10-01,R21,21.305,0.4363,3.525,60.366,70.667,6.635,0
2025-10-02,R21,18.521,0.4461,19.882,69.44,76.575,4.797,0
2025-10-03,R21,21.145,0.5056,4.563,59.608,33.091,7.517,0
2025-10-04,R21,22.889,0.376,1.044,65.029,75.976,6.181,0
2025-10-05,R21,23.076,0.3895,10.603,64.325,54.67,5.953,0
2025-10-06,R21,21.374,0.4024,6.132,59.316,37.159,9.797,1
2025-10-07,R21,18.237,0.3737,2.759,62.018,63.71,4.389,0
2025-10-08,R21,21.409,0.3908,10.776,60.914,58.022,6.659,0
2025-10-09,R21,20.318,0.435,17.054,67.862,58.312,6.696,0
2025-10-10,R21,17.887,0.418,4.112,60.033,68.878,4.438,0
2025-10-11,R21,19.71,0.3684,2.038,67.254,40.15,6.473,0
2025-10-12,R21,20.173,0.5038,6.825,70.007,37.954,8.749,0
2025-10-13,R21,21.184,0.3254,8.229,60.604,24.483,9.235,1
2025-10-14,R21,19.141,0.454,10.477,66.983,33.183,8.047,0
2025-10-15,R21,23.77,0.3813,4.577,59.191,33.63,8.429,1
2025-10-16,R21,16.683,0.3998,9.658,62.895,46.896,6.492,0
2025-10-17,R21,18.235,0.4082,9.431,64.176,55.975,7.114,0
2025-10-18,R21,19.913,0.4618,10.868,66.828,48.499,7.769,1
2025-10-19,R21,19.727,0.351,12.355,67.327,79.391,5.366,0
2025-10-20,R21,21.74,0.4448,2.94,56.691,49.978,6.675,1
2025-10-21,R21,20.963,0.3843,3.3,60.62,64.231,6.135,0
2025-10-22,R21,20.235,0.5119,7.124,61.927,47.874,6.891,0
2025-10-23,R21,18.664,0.4658,6.184,68.55,71.791,5.865,0
2025-10-24,R21,15.789,0.4484,1.528,64.908,41.134,7.223,0
2025-10-25,R21,18.499,0.3708,9.753,67.691,42.256,5.848,0
2025-10-26,R21,18.784,0.3662,3.461,62.692,39.964,7.202,0
2025-10-27,R21,19.543,0.3651,1.406,62.779,59.072,5.847,0
2025-10-28,R21,19.394,0.4737,5.761,60.144,52.142,5.054,0
2025-10-29,R21,19.511,0.349,3.249,64.399,38.558,7.466,1
2025-10-30,R21,16.903,0.4397,1.573,62.112,34.066,8.03,1
2025-10-31,R21,17.828,0.4073,18.233,62.901,95.911,4.434,0
2025-11-01,R21,20.811,0.3311,7.447,65.449,40.012,7.166,1
2025-11-02,R21,17.993,0.4328,3.548,61.721,56.608,4.952,0
2025-11-03,R21,22.148,0.3786,2.619,64.053,35.53,7.627,0
2025-11-04,R21,19.554,0.5005,7.532,64.482,35.618,7.588,0
2025-11-05,R21,21.707,0.3797,13.848,69.882,54.355,5.213,0
2025-11-06,R21,18.351,0.4057,4.734,68.613,44.155,6.514,0
2025-11-07,R21,19.484,0.3634,4.324,59.758,34.128,8.474,1
2025-11-08,R21,22.308,0.4515,6.875,69.683,30.643,9.123,0
2025-11-09,R21,22.179,0.4451,6.959,60.384,70.652,5.273,1
2025-11-10,R21,18.876,0.511,20.401,66.741,53.533,4.738,0
2025-11-11,R21,23.587,0.4078,2.919,60.512,60.301,6.586,1
2025-11-12,R21,18.48,0.3489,10.468,69.477,24.111,7.593,0
2025-11-13,R21,20.853,0.4873,7.446,60.414,49.563,6.063,0
2025-11-14,R21,20.876,0.5179,1.422,55.061,57.79,8.263,1
2025-11-15,R21,20.857,0.4068,13.667,64.491,44.565,7.887,1
2025-11-16,R21,21.023,0.4075,7.549,65.765,48.872,6.665,0
2025-11-17,R21,20.911,0.3538,13.626,66.727,73.021,7.437,0
2025-11-18,R21,21.895,0.3646,1.673,57.762,84.62,5.487,1
2025-11-19,R21,20.692,0.4549,13.49,68.56,68.614,5.352,0
2025-11-20,R21,19.366,0.4838,5.543,70.508,47.394,5.805,0
2025-11-21,R21,23.083,0.3928,7.713,68.096,32.903,8.257,0
2025-11-22,R21,21.384,0.4188,3.524,59.527,14.689,8.739,1
2025-11-23,R21,21.2,0.3823,10.025,67.33,46.036,6.386,0
2025-11-24,R21,23.86,0.5108,16.359,65.483,48.406,8.123,0
2025-11-25,R21,23.623,0.2444,16.881,66.597,31.184,9.216,1
2025-11-26,R21,20.111,0.3405,7.994,64.049,61.444,6.649,0
2025-11-27,R21,21.882,0.3199,3.988,63.567,88.438,5.785,0
2025-11-28,R21,23.011,0.3071,7.043,61.964,18.743,9.832,1
2025-11-29,R21,22.43,0.4148,15.789,63.051,52.516,5.586,0
2025-11-30,R21,23.211,0.4761,4.499,59.202,39.81,9.015,1
2025-12-01,R21,23.047,0.3716,12.123,64.606,58.612,7.009,0
2025-12-02,R21,21.636,0.4062,3.982,67.843,46.163,6.236,0
2025-12-03,R21,24.003,0.3303,9.961,67.274,58.573,7.356,1
2025-12-04,R21,24.247,0.4031,24.068,66.176,61.557,7.514,0
2025-12-05,R21,20.069,0.3356,10.093,61.008,58.065,7.271,0
2025-12-06,R21,23.079,0.3863,15.173,66.543,70.984,6.786,0
2025-12-07,R21,23.77,0.3029,4.768,65.739,60.678,6.789,0
2025-12-08,R21,23.257,0.3069,13.741,62.545,69.576,6.663,1
2025-12-09,R21,23.243,0.5456,4.773,60.618,62.389,6.74,0
2025-12-10,R21,21.583,0.3641,17.747,69.435,75.215,5.687,0
2025-12-11,R21,21.148,0.4683,4.223,60.353,48.647,8.068,1
2025-12-12,R21,20.035,0.4475,0.852,62.083,9.82,8.391,1
2025-12-13,R21,22.211,0.2772,10.134,67.706,63.53,5.941,0
2025-12-14,R21,20.812,0.4439,16.139,64.536,94.9,5.269,0
2025-12-15,R21,23.358,0.4125,10.172,61.436,46.705,7.22,0
2025-12-16,R21,29.428,0.3711,2.864,56.515,83.076,7.12,1
2025-12-17,R21,25.799,0.3796,11.72,60.914,71.803,6.094,1
2025-12-18,R21,26.586,0.2713,9.237,57.154,62.074,8.714,1
2025-12-19,R21,24.409,0.3862,9.119,62.326,55.781,7.67,0
2025-12-20,R21,22.148,0.4277,7.624,63.115,78.033,5.357,0
2025-12-21,R21,24.355,0.4337,5.885,59.107,72.083,6.404,1
2025-12-22,R21,23.794,0.3564,2.437,60.788,25.787,10.191,1
2025-12-23,R21,23.272,0.3944,1.129,58.368,42.209,9.241,1
2025-12-24,R21,25.14,0.374,0.932,58.27,62.33,8.361,1
2025-12-25,R21,22.762,0.3807,33.087,73.038,100,4.339,0
2025-12-26,R21,24.676,0.4087,1.094,62.36,61.32,8.341,1
2025-12-27,R21,23.661,0.2595,2.382,59.032,79.813,6.401,1
2025-12-28,R21,26.615,0.283,16.482,68.234,59.087,8.117,0
2025-12-29,R21,23.669,0.3995,8.366,59.876,60.558,7.998,1
2025-12-30,R21,25.655,0.3531,3.645,61.165,33.519,9.471,1
2025-12-31,R21,26.549,0.3769,13.481,61.052,56.229,9.403,1
2025-01-01,R22,29.746,0.4056,0.702,43.82,26.237,10.796,1
2025-01-02,R22,29.429,0.3443,19.424,42.393,56.417,7.704,1
2025-01-03,R22,28.893,0.4412,20.677,54.874,49.78,8.205,1
2025-01-04,R22,30.53,0.4633,2.4,39.027,72.646,7.694,1
2025-01-05,R22,28.396,0.501,14.605,44.827,82.867,6.302,1
2025-01-06,R22,26.615,0.5745,9.922,41.97,46.802,9.023,1
2025-01-07,R22,29.642,0.3744,3.996,39.249,60.283,7.826,1
2025-01-08,R22,29.754,0.4216,14.21,48.301,47.811,7.504,1
2025-01-09,R22,26.556,0.5568,23.678,46.057,61.555,7.823,1
2025-01-10,R22,28.564,0.4761,7.115,37.265,39.64,10.492,1
2025-01-11,R22,28.485,0.456,3.167,35.383,54.298,8.975,1
2025-01-12,R22,30.193,0.3856,5.055,34.622,25.143,10.539,1
2025-01-13,R22,24.729,0.4884,15.531,44.86,41.577,8.011,1
2025-01-14,R22,26.984,0.588,13.342,45.886,63.594,8.229,1
2025-01-15,R22,25.759,0.5968,11.544,47.352,54.689,8.756,1
2025-01-16,R22,29.855,0.4832,14.731,42.207,34.065,9.695,1
2025-01-17,R22,28.375,0.4883,3.355,37.013,59.281,9.399,1
2025-01-18,R22,26.719,0.5848,9.048,39.65,80.673,6.049,1
2025-01-19,R22,26.991,0.5185,12.789,45.319,36.671,9.184,1
2025-01-20,R22,30.079,0.4671,2.748,38.283,57.0,8.169,1
2025-01-21,R22,27.265,0.3682,13.44,38.43,54.289,8.009,1
2025-01-22,R22,30.014,0.4832,12.561,37.934,79.337,8.784,1
2025-01-23,R22,27.661,0.5239,6.809,38.726,28.823,10.869,1
2025-01-24,R22,30.243,0.3714,1.385,41.222,20.053,10.731,1
2025-01-25,R22,28.327,0.5153,8.846,41.649,68.354,8.415,1
2025-01-26,R22,31.431,0.555,20.238,42.99,82.764,6.848,1
2025-01-27,R22,31.901,0.3805,20.352,44.984,64.033,8.845,1
2025-01-28,R22,31.405,0.5071,1.039,32.741,25.17,10.296,1
2025-01-29,R22,28.378,0.3815,11.407,40.275,67.115,6.773,1
2025-01-30,R22,28.149,0.5308,4.413,39.642,31.892,10.967,1
2025-01-31,R22,31.045,0.4284,9.704,43.855,57.09,10.542,1
2025-02-01,R22,33.908,0.4122,0.795,35.345,11.631,11.404,1
2025-02-02,R22,28.795,0.5884,25.294,49.545,78.424,7.651,1
2025-02-03,R22,33.834,0.4031,4.817,41.592,52.139,10.374,1
2025-02-04,R22,30.753,0.479,7.725,40.19,35.781,10.59,1
2025-02-05,R22,29.504,0.5249,7.003,40.43,51.34,9.324,1
2025-02-06,R22,30.213,0.4534,1.492,40.924,17.009,10.645,1
2025-02-07,R22,34.117,0.3987,3.587,39.75,51.238,10.395,1
2025-02-08,R22,30.639,0.4577,12.027,39.545,40.707,9.577,1
2025-02-09,R22,33.206,0.5233,11.724,40.335,44.449,10.352,1
2025-02-10,R22,29.165,0.4762,14.977,37.791,47.336,9.705,1
2025-02-11,R22,32.421,0.4289,3.493,37.374,57.153,10.581,1
2025-02-12,R22,30.575,0.4406,13.091,44.003,46.105,8.735,1
2025-02-13,R22,31.453,0.4642,28.539,47.585,80.057,9.562,1
2025-02-14,R22,30.976,0.4823,3.625,40.348,45.651,8.222,1
2025-02-15,R22,31.312,0.5213,4.798,37.834,46.482,10.038,1
2025-02-16,R22,34.618,0.5103,1.383,35.285,31.195,10.6,1
2025-02-17,R22,31.458,0.3842,4.439,37.808,22.834,12.16,1
2025-02-18,R22,32.477,0.4017,15.732,36.48,45.602,9.023,1
2025-02-19,R22,30.054,0.5266,5.104,34.06,42.119,9.688,1
2025-02-20,R22,32.748,0.5104,6.44,33.918,53.348,10.118,1
2025-02-21,R22,29.438,0.4856,15.568,40.044,38.042,8.233,1
2025-02-22,R22,30.132,0.5262,2.781,36.897,25.49,11.808,1
2025-02-23,R22,25.915,0.4016,13.302,42.462,52.968,7.758,1
2025-02-24,R22,30.34,0.4332,3.936,39.736,42.664,9.694,1
2025-02-25,R22,29.223,0.5109,9.293,42.729,64.591,8.589,1
2025-02-26,R22,30.335,0.5049,14.383,40.817,59.542,9.226,1
2025-02-27,R22,28.109,0.401,2.769,39.066,26.975,9.839,1
2025-02-28,R22,33.806,0.3821,25.015,38.086,51.487,9.516,1
2025-03-01,R22,34.549,0.3057,16.329,40.833,75.413,8.549,1
2025-03-02,R22,30.133,0.4258,1.794,35.323,63.701,8.418,1
2025-03-03,R22,33.736,0.4702,22.26,46.369,44.268,12.071,1
2025-03-04,R22,32.882,0.4402,18.681,43.833,58.501,9.128,1
2025-03-05,R22,32.548,0.5202,25.246,40.365,65.059,10.031,1
2025-03-06,R22,29.759,0.5304,13.39,38.196,65.584,8.845,1
2025-03-07,R22,32.335,0.4636,21.468,37.647,60.499,7.962,1
2025-03-08,R22,33.259,0.4727,5.852,32.797,40.048,11.034,1
2025-03-09,R22,33.519,0.4487,3.698,36.481,41.222,11.425,1
2025-03-10,R22,31.293,0.5959,2.203,36.91,27.811,11.142,1
2025-03-11,R22,31.132,0.4086,5.642,38.57,59.223,9.336,1
2025-03-12,R22,30.369,0.4469,2.041,33.199,23.686,11.981,1
2025-03-13,R22,30.415,0.5081,2.894,37.683,36.021,9.672,1
2025-03-14,R22,31.012,0.4875,7.297,40.263,45.179,8.356,1
2025-03-15,R22,33.078,0.4535,8.479,38.161,47.922,9.809,1
2025-03-16,R22,32.696,0.3507,11.021,38.763,38.214,9.718,1
2025-03-17,R22,30.294,0.5047,1.873,37.219,29.543,8.745,1
2025-03-18,R22,36.443,0.5102,4.775,35.933,55.941,11.62,1
2025-03-19,R22,31.172,0.5254,1.718,37.599,31.327,8.812,1
2025-03-20,R22,33.01,0.4868,18.91,40.416,54.767,9.097,1
2025-03-21,R22,32.904,0.4891,2.987,39.691,17.136,11.431,1
2025-03-22,R22,33.267,0.4845,0.886,36.522,36.974,10.334,1
2025-03-23,R22,28.826,0.4759,4.803,38.936,15.035,11.035,1
2025-03-24,R22,31.182,0.3702,2.707,34.455,29.589,10.406,1
2025-03-25,R22,31.695,0.5323,7.814,34.692,52.217,9.744,1
2025-03-26,R22,34.105,0.4107,1.404,36.618,78.136,8.833,1
2025-03-27,R22,32.968,0.5313,9.632,39.317,52.906,10.932,1
2025-03-28,R22,33.861,0.5438,3.193,34.685,31.683,10.229,1
2025-03-29,R22,30.487,0.4392,16.813,43.817,31.228,10.395,1
2025-03-30,R22,30.989,0.4714,19.398,43.22,77.986,8.324,1
2025-03-31,R22,35.536,0.4607,2.371,32.193,19.672,12.875,1
2025-04-01,R22,33.811,0.32,13.436,38.894,49.279,9.096,1
2025-04-02,R22,32.198,0.4335,3.697,39.036,36.617,11.139,1
2025-04-03,R22,34.473,0.4777,27.312,48.386,80.02,9.398,1
2025-04-04,R22,33.461,0.3997,4.562,32.633,40.076,11.421,1
2025-04-05,R22,38.018,0.2922,8.008,36.054,68.585,8.851,1
2025-04-06,R22,33.397,0.4207,17.448,38.465,59.59,8.132,1
2025-04-07,R22,35.946,0.4496,5.709,38.864,60.126,9.512,1
2025-04-08,R22,30.833,0.4732,5.187,31.164,34.578,9.448,1
2025-04-09,R22,34.235,0.416,12.095,38.601,45.719,11.453,1
2025-04-10,R22,31.719,0.4915,4.071,35.006,16.609,11.964,1
2025-04-11,R22,29.691,0.5244,14.435,44.049,58.684,7.461,1
2025-04-12,R22,29.645,0.5011,0.802,38.906,74.998,9.03,1
2025-04-13,R22,33.549,0.4481,2.73,27.423,54.208,9.777,1
2025-04-14,R22,30.774,0.5789,10.971,39.509,46.194,10.51,1
2025-04-15,R22,32.384,0.5012,5.106,33.04,39.206,10.407,1
2025-04-16,R22,35.192,0.4722,17.911,41.365,64.125,9.19,1
2025-04-17,R22,30.65,0.4378,2.472,39.886,61.917,10.32,1
2025-04-18,R22,30.06,0.4713,5.534,37.062,48.885,9.053,1
2025-04-19,R22,32.407,0.3903,21.543,41.613,42.99,9.221,1
2025-04-20,R22,31.947,0.4564,3.635,38.028,68.979,9.077,1
2025-04-21,R22,32.033,0.4217,10.214,35.39,46.319,10.403,1
2025-04-22,R22,29.832,0.4753,16.19,40.024,51.262,9.23,1
2025-04-23,R22,33.276,0.4537,10.15,41.317,71.983,7.958,1
2025-04-24,R22,32.083,0.4585,2.423,45.574,34.969,10.288,1
2025-04-25,R22,31.988,0.3438,1.397,38.424,33.786,10.183,1
2025-04-26,R22,30.821,0.5674,17.348,41.39,57.828,10.243,1
2025-04-27,R22,30.744,0.4978,12.312,45.263,99.046,5.936,1
2025-04-28,R22,32.481,0.4837,12.108,41.765,32.353,10.219,1
2025-04-29,R22,33.0,0.4405,0.698,35.921,61.607,9.819,1
2025-04-30,R22,33.68,0.5275,5.152,36.864,25.773,12.413,1
2025-05-01,R22,29.553,0.4312,9.528,42.695,60.416,7.802,1
2025-05-02,R22,34.066,0.4596,11.282,36.672,82.402,8.843,1
2025-05-03,R22,32.568,0.5689,7.552,39.288,63.373,8.445,1
2025-05-04,R22,30.496,0.4721,27.03,50.726,63.165,10.621,1
2025-05-05,R22,33.518,0.5568,2.578,40.761,42.951,10.323,1
2025-05-06,R22,35.425,0.426,6.602,36.548,45.926,10.134,1
2025-05-07,R22,30.43,0.4694,9.554,40.979,60.297,7.448,1
2025-05-08,R22,31.486,0.4743,45.133,50.555,80.277,7.84,1
2025-05-09,R22,31.836,0.4462,4.218,38.194,70.262,8.485,1
2025-05-10,R22,30.047,0.4156,7.069,38.904,46.774,9.275,1
2025-05-11,R22,32.869,0.3828,7.869,37.406,52.152,9.905,1
2025-05-12,R22,32.069,0.413,16.428,42.849,73.634,10.274,1
2025-05-13,R22,30.51,0.4217,11.523,41.331,80.521,7.358,1
2025-05-14,R22,33.602,0.3687,1.733,34.467,85.167,8.477,1
2025-05-15,R22,29.273,0.5233,2.23,40.559,30.195,9.523,1
2025-05-16,R22,31.043,0.4696,11.283,37.446,49.217,8.874,1
2025-05-17,R22,32.699,0.3825,2.051,39.9,39.303,11.91,1
2025-05-18,R22,30.538,0.4982,12.304,35.982,65.004,9.283,1
2025-05-19,R22,33.156,0.3632,13.391,45.288,48.366,10.1,1
2025-05-20,R22,33.357,0.4729,2.93,37.38,60.657,10.296,1
2025-05-21,R22,30.064,0.4508,5.33,41.046,49.421,7.892,1
2025-05-22,R22,30.484,0.4841,5.762,38.028,52.719,9.318,1
2025-05-23,R22,27.492,0.4183,3.414,45.028,45.282,9.577,1
2025-05-24,R22,31.109,0.4231,5.192,40.67,56.338,8.196,1
2025-05-25,R22,31.844,0.4601,3.853,37.976,84.566,7.333,1
2025-05-26,R22,29.678,0.5796,8.63,43.908,69.974,7.654,1
2025-05-27,R22,30.22,0.4898,17.429,49.468,62.085,8.129,1
2025-05-28,R22,32.244,0.4408,24.212,44.648,52.89,8.351,1
2025-05-29,R22,35.071,0.3725,5.74,30.385,37.206,10.831,1
2025-05-30,R22,29.443,0.4626,4.837,36.472,66.828,8.24,1
2025-05-31,R22,30.259,0.5406,10.566,39.453,57.077,8.563,1
2025-06-01,R22,32.031,0.3725,12.079,43.017,53.523,9.57,1
2025-06-02,R22,27.445,0.469,5.914,42.214,80.237,6.139,1
2025-06-03,R22,34.298,0.4125,8.003,35.921,70.852,8.699,1
2025-06-04,R22,32.315,0.4803,2.657,39.426,19.458,11.396,1
2025-06-05,R22,32.407,0.4409,11.862,38.465,59.977,8.192,1
2025-06-06,R22,31.155,0.4915,7.38,42.391,65.387,8.4,1
2025-06-07,R22,34.132,0.3723,5.759,37.053,58.498,9.111,1
2025-06-08,R22,26.089,0.533,6.965,41.612,51.876,8.13,1
2025-06-09,R22,26.226,0.4998,7.437,37.26,33.526,9.281,1
2025-06-10,R22,30.838,0.5228,5.51,38.547,45.789,8.719,1
2025-06-11,R22,32.768,0.4633,8.037,42.683,64.058,8.441,1
2025-06-12,R22,29.489,0.4852,1.322,42.927,32.514,9.733,1
2025-06-13,R22,28.628,0.4513,11.621,41.117,44.453,8.239,1
2025-06-14,R22,29.874,0.5628,1.887,34.19,39.167,10.426,1
2025-06-15,R22,34.457,0.5436,2.246,34.565,50.197,10.052,1
2025-06-16,R22,29.613,0.4175,1.546,37.355,31.166,8.194,1
2025-06-17,R22,30.969,0.4187,2.949,39.021,21.94,10.315,1
2025-06-18,R22,30.661,0.4424,6.158,40.672,28.781,10.865,1
2025-06-19,R22,29.305,0.4569,15.233,43.599,58.648,8.679,1
2025-06-20,R22,26.531,0.6161,1.329,39.976,74.619,6.598,1
2025-06-21,R22,30.693,0.4444,16.625,40.797,61.455,8.846,1
2025-06-22,R22,28.069,0.4627,24.537,44.145,87.674,6.835,1
2025-06-23,R22,31.41,0.4634,1.856,34.217,57.051,9.859,1
2025-06-24,R22,26.294,0.4301,4.543,42.003,34.247,11.707,1
2025-06-25,R22,30.355,0.4525,1.83,40.955,36.903,9.19,1
2025-06-26,R22,29.756,0.4374,9.455,41.922,73.623,8.381,1
2025-06-27,R22,29.7,0.3808,4.966,36.924,67.987,7.088,1
2025-06-28,R22,28.097,0.5413,4.018,38.259,40.302,8.706,1
2025-06-29,R22,25.79,0.5222,8.895,39.718,42.439,10.368,1
2025-06-30,R22,28.727,0.5844,2.544,39.637,51.202,8.807,1
2025-07-01,R22,28.012,0.4371,3.741,41.911,28.243,10.261,1
2025-07-02,R22,30.016,0.4945,5.239,35.831,29.301,10.262,1
2025-07-03,R22,26.751,0.4518,2.157,41.086,13.497,10.865,1
2025-07-04,R22,27.108,0.4734,1.036,35.177,15.922,9.761,1
2025-07-05,R22,28.984,0.5079,1.254,35.935,55.292,10.567,1
2025-07-06,R22,30.459,0.404,8.833,42.4,29.548,10.408,1
2025-07-07,R22,30.327,0.3619,4.917,35.209,63.939,8.757,1
2025-07-08,R22,28.272,0.5259,4.831,42.241,49.099,6.921,1
2025-07-09,R22,27.193,0.4597,0.339,37.085,5,10.658,1
2025-07-10,R22,30.321,0.5197,2.004,36.082,66.003,8.766,1
2025-07-11,R22,26.756,0.4745,4.24,46.614,72.034,7.195,1
2025-07-12,R22,28.182,0.4293,11.956,40.237,34.628,9.044,1
2025-07-13,R22,27.684,0.5769,3.157,38.845,20.858,8.701,1
2025-07-14,R22,26.931,0.5261,8.888,45.276,47.006,7.052,1
2025-07-15,R22,27.532,0.519,7.303,39.803,27.813,8.784,1
2025-07-16,R22,25.272,0.5137,23.57,53.373,69.679,6.369,1
2025-07-17,R22,27.356,0.5123,11.504,42.366,42.107,8.934,1
2025-07-18,R22,25.349,0.5248,18.388,46.937,69.217,6.497,1
2025-07-19,R22,27.012,0.5191,17.34,46.781,58.998,7.655,1
2025-07-20,R22,26.118,0.5347,4.238,38.407,27.93,7.542,1
2025-07-21,R22,27.951,0.453,14.369,45.822,57.582,7.416,1
2025-07-22,R22,23.875,0.5205,22.394,47.418,58.773,6.459,1
2025-07-23,R22,26.082,0.4274,2.886,33.631,33.062,8.005,1
2025-07-24,R22,27.365,0.4024,3.056,36.896,30.462,9.997,1
2025-07-25,R22,23.422,0.5675,5.584,46.509,37.273,9.008,1
2025-07-26,R22,22.032,0.4584,0.917,43.453,12.861,7.773,1
2025-07-27,R22,25.629,0.5127,5.436,45.027,45.525,9.165,1
2025-07-28,R22,27.744,0.4747,5.634,42.702,45.308,8.944,1
2025-07-29,R22,26.049,0.4425,1.146,46.877,32.465,8.633,1
2025-07-30,R22,29.957,0.4597,7.434,37.582,62.422,8.203,1
2025-07-31,R22,25.835,0.6157,6.383,40.796,43.797,8.576,1
2025-08-01,R22,24.968,0.4696,7.071,42.227,69.199,7.173,1
2025-08-02,R22,27.043,0.493,9.129,47.512,34.385,7.636,1
2025-08-03,R22,27.387,0.5481,9.501,41.219,46.423,8.568,1
2025-08-04,R22,25.479,0.5857,8.094,41.117,55.535,7.833,1
2025-08-05,R22,28.253,0.5669,2.541,35.153,26.851,10.566,1
2025-08-06,R22,26.751,0.5494,3.42,36.836,47.917,8.058,1
2025-08-07,R22,25.914,0.5132,4.389,43.084,46.056,8.888,1
2025-08-08,R22,26.155,0.4367,1.477,40.394,5,10.571,1
2025-08-09,R22,24.284,0.4599,4.096,44.761,52.712,6.749,1
2025-08-10,R22,22.847,0.5188,4.889,40.658,76.78,6.811,1
2025-08-11,R22,26.079,0.5276,9.474,41.203,43.779,10.145,1
2025-08-12,R22,23.542,0.4706,1.069,37.951,62.488,7.51,1
2025-08-13,R22,25.177,0.4275,10.628,41.428,71.897,8.128,1
2025-08-14,R22,24.944,0.518,2.897,41.228,43.675,6.998,1
2025-08-15,R22,20.94,0.5651,1.322,40.288,73.278,5.133,1
2025-08-16,R22,23.113,0.4818,26.083,46.831,50.363,6.566,0
2025-08-17,R22,27.615,0.3581,4.132,40.84,58.565,7.462,1
2025-08-18,R22,25.138,0.5711,8.853,41.327,29.551,9.452,1
2025-08-19,R22,24.082,0.5248,1.204,46.696,55.481,8.694,1
2025-08-20,R22,25.945,0.4268,13.934,44.502,53.946,8.73,1
2025-08-21,R22,24.908,0.5716,11.81,47.299,42.513,7.934,1
2025-08-22,R22,25.015,0.4521,6.351,44.643,72.292,6.593,1
2025-08-23,R22,24.093,0.4849,23.252,49.866,45.472,8.549,1
2025-08-24,R22,25.189,0.5483,2.7,40.113,45.588,6.927,1
2025-08-25,R22,20.753,0.5297,7.347,47.431,69.446,4.256,0
2025-08-26,R22,26.413,0.5128,8.306,40.607,38.447,8.819,1
2025-08-27,R22,25.387,0.5224,36.152,51.706,96.219,6.99,0
2025-08-28,R22,25.426,0.4594,21.037,45.255,47.443,8.095,1
2025-08-29,R22,25.459,0.5207,16.31,44.516,60.026,8.21,1
2025-08-30,R22,23.838,0.6192,4.94,41.822,34.252,8.717,1
2025-08-31,R22,24.522,0.5087,5.467,43.014,42.923,7.534,1
2025-09-01,R22,25.322,0.5139,3.486,37.85,27.08,8.471,1
2025-09-02,R22,24.449,0.416,7.49,43.479,46.58,8.575,1
2025-09-03,R22,22.087,0.4317,2.257,40.802,51.249,7.329,1
2025-09-04,R22,25.465,0.5307,9.982,42.434,66.885,8.473,1
2025-09-05,R22,23.968,0.5414,8.129,41.524,58.545,7.851,1
2025-09-06,R22,23.128,0.5978,16.904,43.416,46.055,8.025,1
2025-09-07,R22,24.54,0.4644,9.381,43.492,20.934,10.525,1
2025-09-08,R22,27.321,0.5211,16.428,46.577,87.307,6.156,1
2025-09-09,R22,25.483,0.4556,3.357,40.596,62.216,8.467,1
2025-09-10,R22,23.187,0.6537,3.488,44.121,38.0,9.824,1
2025-09-11,R22,21.805,0.6038,8.758,47.385,39.07,7.01,1
2025-09-12,R22,27.086,0.5904,12.402,41.358,53.691,8.135,1
2025-09-13,R22,23.232,0.5493,3.564,44.002,48.362,7.553,1
2025-09-14,R22,24.284,0.5342,35.78,54.827,70.992,5.375,0
2025-09-15,R22,28.182,0.5265,13.683,48.012,67.264,8.086,1
2025-09-16,R22,23.365,0.5357,1.577,39.306,46.062,6.563,1
2025-09-17,R22,26.694,0.4951,21.457,46.956,55.649,8.811,1
2025-09-18,R22,26.082,0.5401,3.107,40.838,72.033,6.213,1
2025-09-19,R22,21.859,0.5187,2.011,42.572,61.318,7.972,1
2025-09-20,R22,25.548,0.4642,8.615,37.855,39.264,8.667,1
2025-09-21,R22,26.653,0.5517,15.615,44.497,52.618,8.285,1
2025-09-22,R22,23.002,0.6724,1.736,42.406,7.013,9.901,1
2025-09-23,R22,25.991,0.5607,15.341,43.163,59.817,7.826,1
2025-09-24,R22,24.594,0.5771,26.154,58.887,51.903,8.132,0
2025-09-25,R22,25.016,0.5886,6.448,40.226,97.792,7.225,1
2025-09-26,R22,23.681,0.5076,9.583,44.965,43.18,9.086,1
2025-09-27,R22,21.938,0.5817,17.118,49.76,60.222,6.067,1
2025-09-28,R22,22.832,0.5928,4.787,43.276,19.433,9.416,1
2025-09-29,R22,25.436,0.5672,6.902,45.389,58.418,7.8,1
2025-09-30,R22,24.886,0.4592,11.388,38.721,48.206,7.996,1
2025-10-01,R22,20.705,0.5423,19.266,53.501,60.06,5.85,0
2025-10-02,R22,23.527,0.5087,19.149,50.052,49.128,7.316,1
2025-10-03,R22,25.2,0.5739,9.561,40.966,60.974,6.792,1
2025-10-04,R22,21.965,0.6282,3.411,46.103,25.392,8.972,1
2025-10-05,R22,22.017,0.6306,11.835,45.788,70.803,6.665,1
2025-10-06,R22,22.137,0.6039,6.432,46.756,93.091,5.532,1
2025-10-07,R22,20.087,0.5745,8.555,44.983,41.319,7.732,1
2025-10-08,R22,25.206,0.4296,10.836,48.002,53.806,8.612,1
2025-10-09,R22,25.152,0.6327,2.073,34.877,38.412,8.362,1
2025-10-10,R22,21.851,0.5062,15.793,41.148,58.432,5.918,1
2025-10-11,R22,24.244,0.4858,6.558,42.475,37.459,8.73,1
2025-10-12,R22,26.286,0.533,5.377,41.109,39.462,7.936,1
2025-10-13,R22,22.113,0.4727,1.172,41.325,62.737,7.229,1
2025-10-14,R22,25.043,0.5421,7.378,44.166,60.259,8.313,1
2025-10-15,R22,24.414,0.535,7.12,39.413,60.795,8.195,1
2025-10-16,R22,26.33,0.4544,12.752,41.94,54.957,7.364,1
2025-10-17,R22,24.663,0.497,6.332,40.239,51.498,7.754,1
2025-10-18,R22,22.825,0.5505,5.113,44.821,61.214,6.947,1
2025-10-19,R22,22.769,0.4683,15.934,43.299,49.022,6.74,1
2025-10-20,R22,20.902,0.5334,3.973,45.03,55.166,5.645,1
2025-10-21,R22,23.622,0.506,2.448,41.613,47.023,6.711,1
2025-10-22,R22,25.934,0.5747,9.844,42.98,34.1,9.317,1
2025-10-23,R22,21.44,0.5141,13.032,44.608,45.878,7.827,1
2025-10-24,R22,23.658,0.4974,4.268,42.235,56.568,7.903,1
2025-10-25,R22,24.838,0.5503,6.891,45.614,65.304,7.382,1
2025-10-26,R22,24.534,0.4947,15.983,45.89,59.294,8.169,1
2025-10-27,R22,24.753,0.5203,16.998,44.837,42.468,9.232,1
2025-10-28,R22,23.093,0.4832,2.13,41.028,26.547,9.323,1
2025-10-29,R22,21.345,0.5164,5.336,46.684,71.27,6.46,1
2025-10-30,R22,23.315,0.5334,7.182,46.479,36.805,8.113,1
2025-10-31,R22,23.563,0.5522,13.432,44.887,47.102,9.111,1
2025-11-01,R22,21.293,0.6608,3.611,39.127,60.657,7.747,1
2025-11-02,R22,23.548,0.6118,13.486,43.055,41.767,8.112,1
2025-11-03,R22,24.222,0.5128,9.335,38.498,34.098,9.63,1
2025-11-04,R22,25.863,0.3912,8.124,44.659,61.606,7.397,1
2025-11-05,R22,22.721,0.5038,18.448,52.222,64.317,6.734,1
2025-11-06,R22,23.986,0.6326,14.511,43.456,84.737,6.735,1
2025-11-07,R22,23.927,0.5257,1.824,43.417,45.379,7.803,1
2025-11-08,R22,26.034,0.4664,11.168,43.379,41.063,8.577,1
2025-11-09,R22,25.651,0.4992,9.532,44.911,49.076,8.693,1
2025-11-10,R22,25.327,0.5079,1.455,36.277,18.247,7.629,1
2025-11-11,R22,24.483,0.461,9.794,42.281,61.057,7.247,1
2025-11-12,R22,23.926,0.5058,8.457,43.508,31.459,7.064,1
2025-11-13,R22,20.528,0.6435,3.612,45.622,28.073,7.016,1
2025-11-14,R22,23.782,0.5225,23.593,47.517,64.818,6.868,1
2025-11-15,R22,23.571,0.4621,15.699,48.528,57.266,8.865,1
2025-11-16,R22,20.926,0.4711,3.019,42.87,27.756,6.592,1
2025-11-17,R22,25.312,0.603,5.558,40.129,52.87,7.314,1
2025-11-18,R22,23.494,0.5432,1.426,39.558,35.536,8.076,1
2025-11-19,R22,24.391,0.6,2.166,40.871,44.111,7.817,1
2025-11-20,R22,26.025,0.4948,2.995,43.472,51.997,9.773,1
2025-11-21,R22,27.919,0.3856,2.344,40.426,25.334,10.876,1
2025-11-22,R22,24.54,0.4189,10.738,45.54,56.405,7.746,1
2025-11-23,R22,23.872,0.6151,4.545,42.547,25.454,9.642,1
2025-11-24,R22,24.407,0.6208,0.108,42.984,5.553,10.424,1
2025-11-25,R22,24.275,0.5186,17.798,48.058,46.517,7.402,1
2025-11-26,R22,27.113,0.4965,6.041,38.236,45.91,9.307,1
2025-11-27,R22,28.433,0.5447,6.262,38.997,66.05,7.713,1
2025-11-28,R22,26.868,0.5194,5.159,47.499,57.165,7.846,1
2025-11-29,R22,26.293,0.5037,1.061,39.387,16.704,11.723,1
2025-11-30,R22,26.253,0.5408,12.792,46.829,55.702,8.002,1
2025-12-01,R22,23.608,0.4853,4.956,40.736,50.098,7.074,1
2025-12-02,R22,22.929,0.6018,18.822,44.235,45.184,7.371,1
2025-12-03,R22,28.618,0.5247,16.579,45.797,52.232,9.468,1
2025-12-04,R22,26.535,0.6305,13.437,41.613,59.354,7.588,1
2025-12-05,R22,29.215,0.4656,4.966,38.935,44.488,9.201,1
2025-12-06,R22,23.656,0.5136,4.362,36.892,64.09,8.73,1
2025-12-07,R22,25.971,0.622,27.067,51.207,64.705,7.196,1
2025-12-08,R22,24.846,0.6853,8.586,39.878,47.399,7.474,1
2025-12-09,R22,26.767,0.7162,6.219,48.528,51.076,8.073,1
2025-12-10,R22,26.101,0.503,11.814,46.372,55.16,8.718,1
2025-12-11,R22,24.738,0.4927,4.533,44.304,18.431,9.273,1
2025-12-12,R22,26.006,0.6322,7.169,42.307,62.647,8.155,1
2025-12-13,R22,27.431,0.5127,17.112,42.833,57.026,8.489,1
2025-12-14,R22,27.725,0.514,5.775,40.27,64.251,7.531,1
2025-12-15,R22,24.747,0.5175,3.25,40.948,27.45,10.508,1
2025-12-16,R22,23.758,0.5275,9.79,41.663,38.729,8.579,1
2025-12-17,R22,27.154,0.4942,11.599,40.391,54.42,7.677,1
2025-12-18,R22,26.937,0.4705,4.954,42.093,46.731,8.003,1
2025-12-19,R22,29.377,0.5744,5.374,37.279,62.326,9.109,1
2025-12-20,R22,23.581,0.5976,10.429,42.357,55.323,8.143,1
2025-12-21,R22,30.916,0.3489,19.033,40.627,45.641,10.075,1
2025-12-22,R22,24.694,0.5537,7.037,40.441,48.778,9.589,1
2025-12-23,R22,27.165,0.3594,36.627,51.492,69.254,6.633,1
2025-12-24,R22,27.744,0.5374,7.07,41.742,34.312,9.433,1
2025-12-25,R22,28.719,0.4352,15.231,41.047,47.09,7.403,1
2025-12-26,R22,26.528,0.4945,12.229,43.967,55.079,7.804,1
2025-12-27,R22,29.505,0.4755,12.923,38.918,68.337,7.723,1
2025-12-28,R22,28.02,0.6144,3.299,41.509,32.827,9.499,1
2025-12-29,R22,28.822,0.5273,5.182,40.276,47.019,9.916,1
2025-12-30,R22,27.427,0.5723,6.053,47.85,50.622,9.616,1
2025-12-31,R22,28.8,0.3827,4.659,38.807,29.082,9.251,1
2025-01-01,R23,29.977,0.5948,1.845,43.108,51.912,9.301,1
2025-01-02,R23,33.208,0.5022,0.66,32.962,32.879,10.355,1
2025-01-03,R23,32.584,0.5887,13.101,37.841,80.357,9.177,1
2025-01-04,R23,31.251,0.5581,18.341,39.212,72.252,8.452,1
2025-01-05,R23,31.619,0.5619,24.469,45.676,49.479,10.505,1
2025-01-06,R23,30.163,0.5349,7.91,37.361,68.527,7.44,1
2025-01-07,R23,28.864,0.611,49.381,57.458,87.912,8.698,0
2025-01-08,R23,30.529,0.5614,21.266,40.809,67.209,8.32,1
2025-01-09,R23,28.98,0.5379,21.423,46.083,55.77,9.366,1
2025-01-10,R23,32.528,0.56,9.424,35.05,30.893,9.653,1
2025-01-11,R23,31.233,0.6211,33.313,48.352,86.031,7.069,1
2025-01-12,R23,32.023,0.5923,3.252,34.858,44.055,9.92,1
2025-01-13,R23,27.466,0.5765,7.26,39.797,84.403,6.354,1
2025-01-14,R23,28.507,0.5084,5.07,37.174,21.817,11.062,1
2025-01-15,R23,32.787,0.5075,11.885,38.814,61.132,10.512,1
2025-01-16,R23,32.77,0.4747,1.35,32.734,31.13,11.711,1
2025-01-17,R23,31.747,0.5589,2.117,37.835,10.909,10.795,1
2025-01-18,R23,29.452,0.4734,15.277,44.066,65.024,6.816,1
2025-01-19,R23,33.916,0.4918,1.727,34.65,19.453,11.237,1
2025-01-20,R23,31.032,0.5657,21.363,43.535,72.777,7.662,1
2025-01-21,R23,30.411,0.5534,9.435,38.338,50.282,9.566,1
2025-01-22,R23,31.876,0.5446,2.103,37.704,39.428,10.173,1
2025-01-23,R23,31.548,0.5215,2.356,35.694,52.213,9.29,1
2025-01-24,R23,32.564,0.4971,6.399,40.275,67.709,9.01,1
2025-01-25,R23,30.128,0.5281,5.497,36.426,28.142,9.954,1
2025-01-26,R23,35.063,0.472,5.109,35.956,26.58,12.31,1
2025-01-27,R23,31.892,0.6051,38.004,44.818,70.657,8.123,1
2025-01-28,R23,31.401,0.5846,9.294,42.506,65.374,9.819,1
2025-01-29,R23,29.664,0.5931,15.191,43.833,61.5,7.955,1
2025-01-30,R23,33.065,0.5421,2.002,40.136,41.847,9.764,1
2025-01-31,R23,33.96,0.484,15.186,40.169,27.712,12.709,1
2025-02-01,R23,28.888,0.6368,12.225,40.766,43.484,8.743,1
2025-02-02,R23,34.099,0.4854,13.554,38.251,42.298,10.215,1
2025-02-03,R23,32.493,0.5828,3.485,42.544,21.682,11.487,1
2025-02-04,R23,29.103,0.6355,11.744,40.544,19.799,9.757,1
2025-02-05,R23,35.965,0.4894,3.84,32.047,48.582,11.976,1
2025-02-06,R23,30.306,0.6079,7.202,38.104,54.783,9.698,1
2025-02-07,R23,31.918,0.5587,8.675,29.8,64.164,8.822,1
2025-02-08,R23,28.512,0.6255,14.752,38.81,93.52,7.0,1
2025-02-09,R23,34.19,0.4756,14.136,37.318,71.991,9.593,1
2025-02-10,R23,33.383,0.4243,22.993,45.903,48.823,9.241,1
2025-02-11,R23,31.545,0.5827,4.491,36.755,51.301,8.916,1
2025-02-12,R23,33.295,0.5135,4.415,34.217,31.773,10.402,1
2025-02-13,R23,32.884,0.5014,3.213,37.479,48.997,9.929,1
2025-02-14,R23,32.358,0.46,19.177,39.757,41.392,10.752,1
2025-02-15,R23,36.304,0.5436,2.286,33.374,54.095,8.764,1
2025-02-16,R23,32.028,0.5341,1.971,37.733,61.084,9.872,1
2025-02-17,R23,36.337,0.4907,17.95,37.428,57.746,9.952,1
2025-02-18,R23,33.435,0.5964,7.534,34.404,75.096,9.337,1
2025-02-19,R23,32.516,0.5147,4.443,37.902,44.613,9.813,1
2025-02-20,R23,32.448,0.5014,13.05,38.374,71.008,9.287,1
2025-02-21,R23,35.119,0.5396,12.414,41.149,57.681,9.01,1
2025-02-22,R23,35.308,0.3822,3.678,35.423,55.035,9.672,1
2025-02-23,R23,31.613,0.4884,6.694,33.419,61.96,9.464,1
2025-02-24,R23,33.203,0.4554,5.907,31.717,50.07,10.427,1
2025-02-25,R23,36.513,0.6197,15.503,43.572,55.936,10.423,1
2025-02-26,R23,33.317,0.4902,3.634,31.991,63.662,9.277,1
2025-02-27,R23,34.821,0.569,5.631,38.813,57.763,10.883,1
2025-02-28,R23,31.963,0.5186,8.863,42.775,50.985,9.083,1
2025-03-01,R23,34.141,0.469,3.989,35.412,42.027,10.786,1
2025-03-02,R23,34.149,0.5147,19.49,38.651,34.648,10.338,1
2025-03-03,R23,33.805,0.507,4.278,35.24,31.725,11.501,1
2025-03-04,R23,32.809,0.6194,15.519,44.773,90.746,6.889,1
2025-03-05,R23,32.413,0.5494,5.103,39.244,50.446,7.865,1
2025-03-06,R23,36.745,0.4452,4.712,34.015,29.365,12.823,1
2025-03-07,R23,35.706,0.4415,18.154,38.912,60.627,9.892,1
2025-03-08,R23,34.064,0.57,11.264,38.473,53.086,8.742,1
2025-03-09,R23,36.771,0.4104,12.936,39.469,67.976,9.531,1
2025-03-10,R23,33.266,0.4908,9.492,40.694,52.688,10.291,1
2025-03-11,R23,32.275,0.5084,2.645,37.986,41.251,9.695,1
2025-03-12,R23,31.52,0.5642,6.409,35.828,57.365,7.735,1
2025-03-13,R23,38.458,0.4976,6.098,32.321,75.58,8.748,1
2025-03-14,R23,34.502,0.494,0.618,37.68,42.684,11.759,1
2025-03-15,R23,35.215,0.4561,4.607,38.815,34.28,12.031,1
2025-03-16,R23,34.012,0.4771,8.251,37.109,46.126,10.332,1
2025-03-17,R23,33.247,0.5516,6.817,37.638,51.75,9.783,1
2025-03-18,R23,32.622,0.5449,6.251,36.813,55.696,8.637,1
2025-03-19,R23,36.19,0.4999,8.923,38.724,65.323,9.006,1
2025-03-20,R23,35.785,0.4262,15.132,42.675,73.042,9.899,1
2025-03-21,R23,35.191,0.4773,15.699,37.266,100,7.809,1
2025-03-22,R23,34.353,0.5686,2.548,33.923,30.002,11.452,1
2025-03-23,R23,36.344,0.447,1.219,32.468,43.911,9.413,1
2025-03-24,R23,34.132,0.4963,5.68,36.537,52.526,11.968,1
2025-03-25,R23,32.97,0.4859,8.043,36.617,46.008,9.729,1
2025-03-26,R23,37.186,0.4847,2.998,37.891,46.091,11.731,1
2025-03-27,R23,36.912,0.4733,19.664,42.162,53.149,11.067,1
2025-03-28,R23,37.288,0.4081,5.563,34.185,34.247,10.934,1
2025-03-29,R23,35.265,0.4384,9.203,38.701,41.84,10.753,1
2025-03-30,R23,35.738,0.6115,21.761,41.942,71.261,8.574,1
2025-03-31,R23,34.631,0.475,12.096,36.721,64.214,10.42,1
2025-04-01,R23,34.938,0.5038,2.521,32.929,52.222,9.661,1
2025-04-02,R23,32.813,0.479,3.052,40.665,19.978,11.224,1
2025-04-03,R23,35.86,0.5367,2.7,40.491,37.615,10.775,1
2025-04-04,R23,34.081,0.5108,8.571,32.606,62.196,7.535,1
2025-04-05,R23,30.685,0.5699,4.189,40.023,51.792,9.638,1
2025-04-06,R23,35.117,0.4979,7.43,35.541,38.009,9.28,1
2025-04-07,R23,37.393,0.4577,2.591,36.574,68.802,10.506,1
2025-04-08,R23,32.383,0.5601,2.628,35.633,56.299,10.552,1
2025-04-09,R23,34.253,0.4914,11.756,41.549,60.355,9.648,1
2025-04-10,R23,36.18,0.5421,4.803,34.702,32.763,11.956,1
2025-04-11,R23,32.44,0.5103,18.3,46.287,57.65,9.25,1
2025-04-12,R23,32.733,0.5139,18.456,38.767,66.625,10.21,1
2025-04-13,R23,32.455,0.5223,4.753,36.357,54.835,10.778,1
2025-04-14,R23,38.024,0.4046,4.721,35.323,50.879,10.425,1
2025-04-15,R23,32.618,0.3872,35.092,45.653,43.991,9.755,1
2025-04-16,R23,32.617,0.4992,5.029,41.986,30.41,11.132,1
2025-04-17,R23,35.634,0.5199,23.022,40.895,84.315,7.884,1
2025-04-18,R23,34.183,0.5104,17.227,40.569,41.412,10.203,1
2025-04-19,R23,35.637,0.5925,7.883,38.886,36.714,10.706,1
2025-04-20,R23,35.877,0.4451,10.415,41.525,58.652,10.812,1
2025-04-21,R23,35.046,0.5409,2.916,37.758,61.013,9.397,1
2025-04-22,R23,34.757,0.554,32.644,44.845,48.169,11.3,1
2025-04-23,R23,35.834,0.4391,8.173,39.6,69.668,9.491,1
2025-04-24,R23,38.251,0.5223,0.692,34.32,5.677,12.933,1
2025-04-25,R23,36.094,0.4405,7.568,36.733,79.191,10.257,1
2025-04-26,R23,34.305,0.3834,11.555,39.683,57.833,10.429,1
2025-04-27,R23,34.868,0.4842,1.408,39.318,5,12.21,1
2025-04-28,R23,34.183,0.4982,0.829,31.723,6.668,12.422,1
2025-04-29,R23,34.355,0.4546,5.238,33.149,46.653,9.699,1
2025-04-30,R23,34.106,0.4903,28.61,48.784,74.66,9.037,1
2025-05-01,R23,33.872,0.5762,16.224,38.884,36.428,10.346,1
2025-05-02,R23,33.475,0.5232,1.517,35.645,33.954,10.199,1
2025-05-03,R23,33.269,0.5835,10.74,40.132,92.038,9.713,1
2025-05-04,R23,34.449,0.6473,17.647,39.666,49.792,10.852,1
2025-05-05,R23,32.664,0.5209,3.027,40.507,28.812,10.803,1
2025-05-06,R23,32.365,0.5318,3.446,35.989,54.533,9.984,1
2025-05-07,R23,35.44,0.401,9.699,42.488,70.68,8.706,1
2025-05-08,R23,30.76,0.4672,6.842,42.862,37.999,8.589,1
2025-05-09,R23,34.966,0.4224,17.712,39.358,72.545,10.974,1
2025-05-10,R23,32.79,0.5516,14.094,38.683,81.053,8.555,1
2025-05-11,R23,38.346,0.4851,2.763,32.221,50.577,10.509,1
2025-05-12,R23,35.772,0.5259,6.219,33.326,100,8.075,1
2025-05-13,R23,31.441,0.4872,4.042,42.037,30.62,10.358,1
2025-05-14,R23,37.773,0.5675,0.948,33.634,39.395,11.719,1
2025-05-15,R23,33.528,0.4533,2.669,35.613,56.309,10.431,1
2025-05-16,R23,32.097,0.4503,4.306,44.057,50.786,9.204,1
2025-05-17,R23,31.129,0.6732,5.828,40.364,33.223,10.429,1
2025-05-18,R23,31.352,0.5805,0.288,34.671,27.834,11.147,1
2025-05-19,R23,33.022,0.5334,3.814,31.805,58.521,9.795,1
2025-05-20,R23,32.267,0.5523,7.526,35.959,47.115,10.491,1
2025-05-21,R23,34.815,0.495,4.261,32.417,23.003,12.672,1
2025-05-22,R23,34.271,0.4262,14.646,39.857,56.969,9.48,1
2025-05-23,R23,35.33,0.512,8.259,38.888,66.641,10.105,1
2025-05-24,R23,35.079,0.4392,18.996,44.529,75.837,10.502,1
2025-05-25,R23,37.539,0.4479,6.309,36.328,44.241,11.369,1
2025-05-26,R23,32.226,0.4556,12.581,46.838,75.843,7.583,1
2025-05-27,R23,35.175,0.5688,10.472,33.389,83.716,7.253,1
2025-05-28,R23,33.001,0.4096,0.883,38.83,5,11.335,1
2025-05-29,R23,38.957,0.3896,16.747,37.673,63.192,11.482,1
2025-05-30,R23,33.437,0.5191,3.316,34.849,33.286,11.743,1
2025-05-31,R23,29.07,0.555,8.275,35.771,40.117,10.696,1
2025-06-01,R23,32.212,0.5413,3.075,35.039,28.065,9.646,1
2025-06-02,R23,33.237,0.528,9.639,37.934,69.558,7.973,1
2025-06-03,R23,29.943,0.5631,6.902,37.821,52.51,8.179,1
2025-06-04,R23,32.992,0.5982,22.574,42.011,61.25,8.16,1
2025-06-05,R23,31.221,0.6605,2.583,32.195,39.468,11.454,1
2025-06-06,R23,34.441,0.5277,8.526,33.105,38.87,10.821,1
2025-06-07,R23,31.136,0.5178,0.697,37.98,49.739,9.765,1
2025-06-08,R23,31.607,0.5526,8.567,40.796,50.988,9.75,1
2025-06-09,R23,32.322,0.4885,10.804,37.419,38.683,9.114,1
2025-06-10,R23,33.173,0.5744,9.09,40.717,57.714,9.326,1
2025-06-11,R23,33.771,0.5531,3.281,38.579,13.72,12.015,1
2025-06-12,R23,33.58,0.5324,12.639,40.626,51.959,9.323,1
2025-06-13,R23,34.355,0.5908,5.145,35.537,41.981,11.092,1
2025-06-14,R23,32.211,0.5557,6.95,35.134,67.864,8.547,1
2025-06-15,R23,30.635,0.5479,11.867,41.082,41.552,7.323,1
2025-06-16,R23,29.627,0.588,13.764,45.305,37.838,9.645,1
2025-06-17,R23,31.157,0.5641,11.073,40.731,74.345,6.898,1
2025-06-18,R23,31.979,0.4693,4.735,30.79,37.813,11.159,1
2025-06-19,R23,29.616,0.4965,13.934,40.747,54.558,6.736,1
2025-06-20,R23,31.671,0.4586,26.643,52.317,100,7.155,1
2025-06-21,R23,30.979,0.4577,8.133,38.795,70.829,7.988,1
2025-06-22,R23,27.812,0.4559,6.755,42.453,57.863,7.017,1
2025-06-23,R23,28.464,0.4155,0.879,41.141,22.048,10.74,1
2025-06-24,R23,31.043,0.4447,16.606,39.439,59.943,9.09,1
2025-06-25,R23,31.751,0.5641,29.746,42.53,71.523,8.425,1
2025-06-26,R23,28.24,0.5562,3.948,39.996,55.823,8.813,1
2025-06-27,R23,30.53,0.595,10.58,39.143,48.813,9.883,1
2025-06-28,R23,32.097,0.5381,9.518,39.312,53.491,10.779,1
2025-06-29,R23,29.081,0.5819,3.796,38.126,20.231,10.171,1
2025-06-30,R23,31.8,0.5438,1.853,36.904,60.279,8.386,1
2025-07-01,R23,30.454,0.5602,10.317,45.117,55.23,9.702,1
2025-07-02,R23,28.805,0.6942,7.947,45.346,56.078,8.76,1
2025-07-03,R23,29.356,0.499,7.126,35.544,37.016,8.541,1
2025-07-04,R23,27.117,0.6273,3.381,40.541,62.668,6.999,1
2025-07-05,R23,30.657,0.5685,19.848,39.565,39.621,8.656,1
2025-07-06,R23,27.891,0.4415,11.88,40.646,41.738,10.025,1
2025-07-07,R23,30.074,0.4806,4.212,37.647,18.388,11.222,1
2025-07-08,R23,26.732,0.5247,2.102,39.197,50.104,8.515,1
2025-07-09,R23,28.002,0.6149,2.683,41.305,30.718,9.83,1
2025-07-10,R23,28.804,0.5882,3.927,39.176,24.687,10.6,1
2025-07-11,R23,26.984,0.6743,12.514,42.52,54.936,7.462,1
2025-07-12,R23,29.613,0.5689,34.472,47.01,74.002,7.499,1
2025-07-13,R23,28.212,0.5186,10.306,39.926,55.847,8.835,1
2025-07-14,R23,28.374,0.5738,13.654,40.384,75.305,9.364,1
2025-07-15,R23,30.357,0.5946,5.694,43.574,53.956,8.849,1
2025-07-16,R23,31.163,0.5971,14.633,46.008,44.369,10.038,1
2025-07-17,R23,29.472,0.6324,7.707,40.199,55.214,10.016,1
2025-07-18,R23,30.544,0.5712,8.619,37.84,31.556,10.363,1
2025-07-19,R23,27.297,0.5119,7.594,44.133,44.105,9.756,1
2025-07-20,R23,27.63,0.5699,9.849,40.922,36.341,9.986,1
2025-07-21,R23,31.494,0.6207,7.455,39.924,69.359,8.77,1
2025-07-22,R23,27.815,0.621,3.346,39.243,30.453,9.702,1
2025-07-23,R23,27.553,0.6548,7.302,38.816,45.401,9.876,1
2025-07-24,R23,30.291,0.5106,11.727,45.38,87.756,7.047,1
2025-07-25,R23,28.539,0.5931,17.518,48.838,48.764,8.387,1
2025-07-26,R23,26.242,0.7067,59.898,57.05,99.638,4.124,0
2025-07-27,R23,26.419,0.6732,13.753,41.157,31.879,9.53,1
2025-07-28,R23,26.166,0.6006,3.093,44.354,70.031,6.797,1
2025-07-29,R23,30.758,0.4001,10.002,39.521,38.951,10.405,1
2025-07-30,R23,28.79,0.4794,5.152,38.146,44.578,10.069,1
2025-07-31,R23,25.445,0.5829,3.539,45.314,64.097,6.875,1
2025-08-01,R23,30.634,0.5962,4.631,38.184,41.826,9.776,1
2025-08-02,R23,28.315,0.5622,3.85,38.935,58.742,8.343,1
2025-08-03,R23,25.378,0.6096,20.436,45.875,41.101,8.804,1
2025-08-04,R23,26.881,0.5099,1.882,36.95,33.539,8.72,1
2025-08-05,R23,26.116,0.5723,9.409,44.398,45.937,7.331,1
2025-08-06,R23,25.989,0.5937,27.772,50.276,82.503,6.548,0
2025-08-07,R23,24.522,0.4536,5.075,45.839,23.607,10.475,1
2025-08-08,R23,24.447,0.6148,4.976,45.605,61.063,7.922,1
2025-08-09,R23,25.347,0.5268,1.947,45.436,81.41,6.073,1
2025-08-10,R23,26.842,0.5708,2.253,40.834,24.735,10.707,1
2025-08-11,R23,22.993,0.6693,3.846,38.208,36.236,9.878,1
2025-08-12,R23,29.766,0.5941,6.162,37.871,32.705,8.287,1
2025-08-13,R23,26.476,0.521,12.182,45.383,53.472,7.152,1
2025-08-14,R23,28.3,0.7146,5.744,43.448,69.505,7.869,1
2025-08-15,R23,28.693,0.5761,2.42,37.217,33.276,10.397,1
2025-08-16,R23,26.613,0.6659,9.891,44.494,73.46,6.827,1
2025-08-17,R23,27.368,0.6741,2.261,39.073,10.431,11.131,1
2025-08-18,R23,28.156,0.4794,11.447,42.866,43.239,9.127,1
2025-08-19,R23,27.416,0.6577,14.658,40.71,53.662,9.189,1
2025-08-20,R23,28.876,0.5863,2.05,42.633,47.875,6.777,1
2025-08-21,R23,27.737,0.7016,7.738,41.643,49.498,9.241,1
2025-08-22,R23,25.299,0.6561,4.003,42.978,13.922,9.202,1
2025-08-23,R23,28.889,0.628,23.775,42.714,77.423,8.415,1
2025-08-24,R23,27.137,0.5969,23.499,49.668,89.646,7.107,0
2025-08-25,R23,24.199,0.547,16.729,43.773,43.803,8.097,1
2025-08-26,R23,27.821,0.6566,5.831,43.344,66.578,7.043,1
2025-08-27,R23,29.165,0.5748,4.532,36.444,45.874,8.274,1
2025-08-28,R23,24.278,0.4779,5.899,44.681,44.954,8.142,1
2025-08-29,R23,24.221,0.552,6.839,43.394,38.487,7.154,1
2025-08-30,R23,24.731,0.5533,7.789,39.635,75.835,6.599,1
2025-08-31,R23,28.59,0.6057,2.197,43.172,54.564,8.083,1
2025-09-01,R23,28.6,0.6396,13.813,47.462,47.004,8.728,1
2025-09-02,R23,27.098,0.5974,5.068,46.776,67.256,6.993,1
2025-09-03,R23,23.568,0.5906,8.099,43.727,68.256,7.262,1
2025-09-04,R23,25.39,0.651,9.405,41.993,60.419,6.486,1
2025-09-05,R23,24.236,0.6825,9.301,49.858,72.154,5.941,0
2025-09-06,R23,25.304,0.5797,1.069,38.991,12.089,9.94,1
2025-09-07,R23,25.931,0.6274,5.775,38.192,54.83,8.059,1
2025-09-08,R23,25.995,0.648,15.991,49.431,99.425,5.757,0
2025-09-09,R23,27.894,0.6296,5.793,45.744,76.624,8.053,1
2025-09-10,R23,25.084,0.6956,4.232,40.972,57.803,8.326,1
2025-09-11,R23,25.529,0.6334,18.024,45.326,88.4,5.857,1
2025-09-12,R23,23.275,0.5984,4.443,42.511,57.11,7.821,1
2025-09-13,R23,22.808,0.6004,7.363,43.711,55.023,6.313,1
2025-09-14,R23,26.803,0.5825,8.179,40.868,53.967,6.938,1
2025-09-15,R23,25.302,0.6344,22.465,41.859,64.746,6.913,1
2025-09-16,R23,25.193,0.6772,5.068,38.292,40.77,8.874,1
2025-09-17,R23,24.355,0.6668,30.833,55.307,68.707,6.394,0
2025-09-18,R23,21.972,0.5455,10.534,41.655,59.508,6.788,1
2025-09-19,R23,23.652,0.6774,6.38,43.197,66.197,7.931,1
2025-09-20,R23,29.222,0.6735,23.289,43.563,50.229,7.905,1
2025-09-21,R23,27.534,0.5707,9.155,37.578,32.952,9.148,1
2025-09-22,R23,25.949,0.5336,6.857,40.393,53.176,7.473,1
2025-09-23,R23,23.544,0.6237,11.574,46.314,60.65,6.923,1
2025-09-24,R23,23.811,0.5369,2.285,39.662,37.147,8.143,1
2025-09-25,R23,25.464,0.5991,6.037,38.052,58.368,9.273,1
2025-09-26,R23,27.443,0.5177,4.582,33.212,45.525,7.941,1
2025-09-27,R23,24.781,0.6549,5.78,48.448,40.794,10.505,1
2025-09-28,R23,25.422,0.645,19.418,47.197,75.072,6.968,1
2025-09-29,R23,27.469,0.597,3.356,38.169,52.019,6.995,1
2025-09-30,R23,23.234,0.6255,4.312,37.443,34.709,7.021,1
2025-10-01,R23,30.19,0.6191,3.083,40.402,41.87,9.47,1
2025-10-02,R23,24.597,0.5824,2.841,43.854,100,5.381,1
2025-10-03,R23,22.467,0.571,3.738,43.061,17.515,9.712,1
2025-10-04,R23,24.048,0.6522,36.238,54.655,61.456,6.324,0
2025-10-05,R23,24.602,0.6587,6.89,46.176,68.611,6.261,1
2025-10-06,R23,26.709,0.6421,13.345,40.605,60.738,9.176,1
2025-10-07,R23,23.602,0.5725,9.859,44.047,66.018,8.314,1
2025-10-08,R23,25.335,0.6144,0.561,39.517,31.453,6.989,1
2025-10-09,R23,26.544,0.4885,14.933,45.366,57.547,6.48,1
2025-10-10,R23,26.532,0.6236,0.522,38.541,15.815,10.615,1
2025-10-11,R23,25.668,0.6449,0.747,36.123,39.152,7.665,1
2025-10-12,R23,26.254,0.5581,14.206,48.685,48.063,8.924,1
2025-10-13,R23,25.451,0.583,4.129,42.655,68.45,6.916,1
2025-10-14,R23,24.443,0.6642,4.851,38.957,42.437,7.087,1
2025-10-15,R23,23.158,0.6767,16.901,48.616,85.89,5.023,0
2025-10-16,R23,26.833,0.6067,1.954,38.369,20.326,9.375,1
2025-10-17,R23,29.244,0.679,10.029,34.421,38.087,10.84,1
2025-10-18,R23,25.223,0.6488,5.472,41.291,25.389,9.546,1
2025-10-19,R23,24.688,0.611,1.453,38.265,42.105,7.291,1
2025-10-20,R23,26.159,0.6797,13.409,41.197,30.953,9.637,1
2025-10-21,R23,24.075,0.6585,8.006,43.662,28.349,9.037,1
2025-10-22,R23,27.775,0.5643,15.767,46.045,41.573,9.28,1
2025-10-23,R23,21.162,0.7902,6.944,46.617,44.634,8.313,1
2025-10-24,R23,28.245,0.5905,4.204,39.681,42.744,8.893,1
2025-10-25,R23,26.241,0.6489,4.554,35.75,43.53,8.03,1
2025-10-26,R23,25.712,0.6742,0.71,37.743,23.242,8.026,1
2025-10-27,R23,23.438,0.5808,27.03,52.438,84.696,4.921,0
2025-10-28,R23,28.177,0.4472,4.65,41.208,27.222,10.138,1
2025-10-29,R23,25.163,0.6297,9.996,47.966,50.275,8.523,1
2025-10-30,R23,26.221,0.5476,2.301,43.007,45.385,8.174,1
2025-10-31,R23,25.497,0.6408,8.446,43.021,95.643,5.321,1
2025-11-01,R23,27.158,0.6152,28.857,48.201,46.669,9.021,1
2025-11-02,R23,24.573,0.5711,14.235,44.22,55.504,7.42,1
2025-11-03,R23,25.536,0.5704,4.967,40.527,50.835,8.449,1
2025-11-04,R23,28.401,0.5552,4.566,37.452,51.163,6.31,1
2025-11-05,R23,28.266,0.4896,14.698,44.588,43.454,8.185,1
2025-11-06,R23,22.779,0.6686,5.571,48.517,43.051,8.596,1
2025-11-07,R23,27.634,0.6036,14.54,45.694,66.438,7.341,1
2025-11-08,R23,26.84,0.5665,12.46,43.304,56.48,7.899,1
2025-11-09,R23,25.428,0.5413,5.021,37.465,37.095,10.339,1
2025-11-10,R23,28.548,0.6991,11.473,42.152,54.226,7.893,1
2025-11-11,R23,25.833,0.5679,12.167,48.276,65.357,9.207,1
2025-11-12,R23,24.644,0.6713,3.449,33.518,46.207,7.471,1
2025-11-13,R23,29.988,0.5909,14.248,48.396,68.101,9.75,1
2025-11-14,R23,26.883,0.4911,9.071,38.459,41.043,9.552,1
2025-11-15,R23,27.505,0.6218,5.541,38.278,80.855,6.495,1
2025-11-16,R23,26.304,0.66,2.85,43.7,26.604,8.955,1
2025-11-17,R23,30.542,0.6121,0.744,35.198,47.462,9.066,1
2025-11-18,R23,26.363,0.6784,5.753,41.767,40.223,10.208,1
2025-11-19,R23,24.667,0.6259,15.879,49.844,81.284,5.996,0
2025-11-20,R23,28.778,0.5687,5.419,34.192,48.395,8.165,1
2025-11-21,R23,24.081,0.5659,6.378,41.566,50.348,8.161,1
2025-11-22,R23,27.426,0.5506,19.258,43.75,88.603,5.284,1
2025-11-23,R23,28.415,0.4965,4.412,38.082,34.113,10.673,1
2025-11-24,R23,28.033,0.7401,5.341,45.856,46.249,7.489,1
2025-11-25,R23,26.775,0.6215,3.801,34.429,43.0,9.552,1
2025-11-26,R23,29.675,0.6823,12.528,46.794,56.888,7.681,1
2025-11-27,R23,29.646,0.597,14.38,44.158,60.191,7.228,1
2025-11-28,R23,26.797,0.6589,33.397,49.269,79.991,7.243,1
2025-11-29,R23,27.951,0.5536,9.001,45.075,56.976,8.493,1
2025-11-30,R23,25.781,0.6251,36.36,58.603,96.946,4.961,0
2025-12-01,R23,26.389,0.613,4.033,40.134,49.444,7.277,1
2025-12-02,R23,27.259,0.5995,6.032,42.333,52.897,9.501,1
2025-12-03,R23,29.387,0.5078,5.27,34.4,45.963,9.361,1
2025-12-04,R23,27.13,0.6348,6.741,41.526,54.811,8.755,1
2025-12-05,R23,30.416,0.6146,6.158,41.333,46.857,10.735,1
2025-12-06,R23,29.852,0.5884,35.457,47.226,79.892,6.82,1
2025-12-07,R23,28.585,0.5725,0.913,30.738,35.033,9.074,1
2025-12-08,R23,26.537,0.5294,1.487,43.711,10.751,9.996,1
2025-12-09,R23,29.72,0.5525,12.833,42.406,28.544,9.813,1
2025-12-10,R23,28.453,0.5566,0.98,40.864,5.216,11.45,1
2025-12-11,R23,29.846,0.5396,4.051,32.541,52.682,9.412,1
2025-12-12,R23,27.781,0.4974,3.766,39.961,68.66,7.249,1
2025-12-13,R23,26.608,0.6236,15.915,41.571,43.332,8.825,1
2025-12-14,R23,26.809,0.6254,7.608,40.138,46.278,8.357,1
2025-12-15,R23,29.486,0.4325,6.909,42.041,16.001,11.237,1
2025-12-16,R23,29.021,0.5807,23.63,43.484,79.617,8.285,1
2025-12-17,R23,31.094,0.5555,4.171,29.617,37.018,8.904,1
2025-12-18,R23,31.798,0.571,5.989,35.245,43.518,9.775,1
2025-12-19,R23,27.552,0.6012,0.779,37.947,58.298,7.954,1
2025-12-20,R23,26.905,0.6076,7.438,34.63,54.107,9.006,1
2025-12-21,R23,28.569,0.5274,9.946,46.283,66.11,7.54,1
2025-12-22,R23,28.786,0.4883,9.215,40.883,45.072,8.809,1
2025-12-23,R23,28.454,0.7552,8.148,39.508,50.617,9.281,1
2025-12-24,R23,30.58,0.5654,6.021,42.373,70.562,7.476,1
2025-12-25,R23,34.053,0.5468,14.513,41.805,73.15,7.849,1
2025-12-26,R23,29.213,0.6057,18.251,40.26,72.814,7.752,1
2025-12-27,R23,30.216,0.6371,20.169,48.537,55.433,9.248,1
2025-12-28,R23,31.453,0.4927,1.196,30.971,5,12.305,1
2025-12-29,R23,28.584,0.5378,1.703,36.427,48.602,9.494,1
2025-12-30,R23,31.384,0.63,15.489,42.256,52.998,9.847,1
2025-12-31,R23,30.237,0.6383,2.189,38.673,35.199,9.751,1
2025-01-01,R24,31.303,0.4441,3.055,28.561,67.902,7.507,1
2025-01-02,R24,30.239,0.2238,5.84,27.429,56.697,7.577,1
2025-01-03,R24,32.555,0.4311,32.435,38.455,63.997,10.104,1
2025-01-04,R24,33.032,0.4843,4.596,26.441,55.591,8.365,1
2025-01-05,R24,26.963,0.4915,2.954,28.382,18.637,10.669,1
2025-01-06,R24,28.918,0.4724,1.246,30.456,12.667,13.935,1
2025-01-07,R24,29.604,0.5667,1.137,31.997,52.756,9.66,1
2025-01-08,R24,28.689,0.4412,25.223,35.556,52.479,7.794,1
2025-01-09,R24,31.022,0.3247,11.16,28.804,62.432,6.836,1
2025-01-10,R24,30.789,0.3541,10.169,34.58,82.456,7.111,1
2025-01-11,R24,31.778,0.3605,6.697,29.748,54.017,8.806,1
2025-01-12,R24,31.354,0.4336,13.529,32.071,86.179,6.96,1
2025-01-13,R24,32.452,0.3973,6.178,32.603,39.591,10.212,1
2025-01-14,R24,33.87,0.3325,3.497,29.665,26.432,11.959,1
2025-01-15,R24,32.12,0.3406,5.403,33.919,53.188,10.42,1
2025-01-16,R24,36.032,0.3492,2.277,25.798,37.904,10.148,1
2025-01-17,R24,29.631,0.4696,3.928,29.319,19.992,11.245,1
2025-01-18,R24,32.296,0.3776,12.995,31.868,59.324,9.157,1
2025-01-19,R24,33.246,0.4988,5.75,25.631,68.913,8.467,1
2025-01-20,R24,33.905,0.4181,3.71,29.084,43.69,10.643,1
2025-01-21,R24,31.354,0.4899,16.179,38.737,39.212,9.685,1
2025-01-22,R24,31.909,0.4406,5.42,25.83,73.086,8.824,1
2025-01-23,R24,31.912,0.4517,5.788,28.114,24.487,11.212,1
2025-01-24,R24,31.194,0.3976,4.838,27.256,58.109,9.195,1
2025-01-25,R24,30.371,0.4413,10.151,30.122,70.67,7.888,1
2025-01-26,R24,33.459,0.4519,4.871,31.397,51.708,10.119,1
2025-01-27,R24,32.431,0.4591,3.256,31.045,61.553,9.587,1
2025-01-28,R24,35.879,0.4064,6.576,32.783,92.801,7.913,1
2025-01-29,R24,32.152,0.4367,4.691,30.447,43.729,9.534,1
2025-01-30,R24,33.781,0.349,12.394,32.634,72.613,7.533,1
2025-01-31,R24,32.972,0.5475,14.547,31.586,48.424,10.418,1
2025-02-01,R24,34.214,0.4182,0.549,23.055,31.862,10.817,1
2025-02-02,R24,36.142,0.3215,12.589,36.541,79.805,8.529,1
2025-02-03,R24,31.51,0.417,2.34,30.079,25.342,11.394,1
2025-02-04,R24,31.934,0.3612,13.802,29.187,78.216,8.198,1
2025-02-05,R24,35.88,0.5028,8.491,23.12,63.551,9.221,1
2025-02-06,R24,34.885,0.3386,8.082,25.895,46.096,9.211,1
2025-02-07,R24,34.38,0.42,23.237,27.39,73.189,9.549,1
2025-02-08,R24,35.044,0.4095,5.535,23.934,60.42,10.518,1
2025-02-09,R24,33.409,0.3896,0.286,29.263,64.212,9.323,1
2025-02-10,R24,34.336,0.4295,14.893,26.294,35.045,11.058,1
2025-02-11,R24,37.626,0.4076,0.254,21.503,16.299,12.59,1
2025-02-12,R24,36.689,0.3167,5.084,27.33,45.025,10.781,1
2025-02-13,R24,33.918,0.3145,22.015,33.448,52.825,9.871,1
2025-02-14,R24,34.394,0.4431,33.657,34.94,63.076,7.806,1
2025-02-15,R24,33.516,0.4204,3.488,28.821,61.532,8.779,1
2025-02-16,R24,32.045,0.404,10.089,27.73,52.824,9.623,1
2025-02-17,R24,36.194,0.395,3.475,23.956,39.848,11.715,1
2025-02-18,R24,33.809,0.4316,2.307,25.5,21.629,10.794,1
2025-02-19,R24,34.237,0.4656,1.303,23.054,60.761,9.819,1
2025-02-20,R24,32.363,0.4651,8.062,27.013,74.498,8.162,1
2025-02-21,R24,34.48,0.4922,11.077,32.605,40.926,10.671,1
2025-02-22,R24,37.238,0.3869,4.684,19.188,35.581,11.392,1
2025-02-23,R24,33.851,0.3401,7.426,25.841,91.663,8.521,1
2025-02-24,R24,39.233,0.3647,11.458,30.135,48.485,10.956,1
2025-02-25,R24,33.92,0.3214,6.599,30.641,82.809,9.325,1
2025-02-26,R24,36.317,0.3952,17.031,26.853,77.255,9.568,1
2025-02-27,R24,36.078,0.4333,9.626,29.215,61.586,8.195,1
2025-02-28,R24,37.418,0.4402,6.81,25.998,62.739,9.656,1
2025-03-01,R24,34.572,0.3876,0.774,26.264,27.842,11.78,1
2025-03-02,R24,36.569,0.3853,4.36,22.289,35.441,12.122,1
2025-03-03,R24,33.381,0.3869,11.944,27.797,42.233,9.483,1
2025-03-04,R24,33.56,0.3755,2.768,27.618,31.279,10.719,1
2025-03-05,R24,35.207,0.4778,10.631,31.915,51.159,10.082,1
2025-03-06,R24,35.744,0.3641,6.856,32.894,36.686,11.857,1
2025-03-07,R24,36.983,0.413,6.397,30.056,32.613,10.599,1
2025-03-08,R24,39.048,0.3873,3.32,24.159,72.358,11.087,1
2025-03-09,R24,35.076,0.3808,1.396,25.171,48.5,9.758,1
2025-03-10,R24,34.668,0.4526,3.806,26.655,71.187,10.279,1
2025-03-11,R24,35.7,0.4124,8.794,26.359,50.047,11.041,1
2025-03-12,R24,35.59,0.3792,10.734,31.802,62.068,10.134,1
2025-03-13,R24,34.962,0.4714,15.309,28.905,58.5,9.127,1
2025-03-14,R24,34.787,0.417,4.925,26.58,46.321,9.659,1
2025-03-15,R24,33.043,0.3183,6.334,30.741,64.123,7.152,1
2025-03-16,R24,34.653,0.4048,17.314,33.443,43.645,10.47,1
2025-03-17,R24,35.76,0.3518,28.087,27.784,67.792,8.289,1
2025-03-18,R24,38.106,0.4329,10.469,29.372,44.358,12.089,1
2025-03-19,R24,35.104,0.405,5.513,22.082,38.917,11.05,1
2025-03-20,R24,34.205,0.3269,7.819,30.684,50.973,8.669,1
2025-03-21,R24,35.871,0.4018,10.228,24.508,80.165,8.133,1
2025-03-22,R24,33.94,0.3496,11.029,33.72,58.474,9.714,1
2025-03-23,R24,36.897,0.4242,7.139,31.522,66.551,9.733,1
2025-03-24,R24,33.704,0.3639,11.997,33.161,65.066,8.968,1
2025-03-25,R24,35.572,0.4794,0.47,21.419,12.863,11.478,1
2025-03-26,R24,35.851,0.3865,3.446,27.202,58.434,9.528,1
2025-03-27,R24,36.923,0.4143,4.892,27.161,67.43,9.668,1
2025-03-28,R24,35.851,0.4613,0.982,23.803,5,11.977,1
2025-03-29,R24,36.929,0.4406,6.513,25.57,49.582,9.798,1
2025-03-30,R24,38.383,0.3152,7.312,24.541,33.703,12.067,1
2025-03-31,R24,37.475,0.4012,3.879,25.63,85.225,9.664,1
2025-04-01,R24,38.442,0.4122,8.933,26.918,79.032,10.155,1
2025-04-02,R24,34.168,0.3828,4.383,32.715,57.21,8.599,1
2025-04-03,R24,33.959,0.4162,4.163,26.759,63.619,9.543,1
2025-04-04,R24,33.712,0.4074,8.469,27.602,53.61,10.484,1
2025-04-05,R24,34.217,0.4589,11.487,26.211,46.694,9.934,1
2025-04-06,R24,34.261,0.4326,2.035,26.953,26.432,11.161,1
2025-04-07,R24,33.6,0.421,19.241,33.001,70.865,8.384,1
2025-04-08,R24,37.037,0.3899,5.144,25.119,33.282,11.564,1
2025-04-09,R24,38.872,0.3888,2.854,23.63,27.825,11.703,1
2025-04-10,R24,36.819,0.4438,7.56,26.768,58.594,10.505,1
2025-04-11,R24,31.817,0.4894,16.366,31.14,46.942,10.43,1
2025-04-12,R24,35.555,0.3875,12.558,30.841,40.589,11.289,1
2025-04-13,R24,35.064,0.2865,3.103,20.877,43.578,11.268,1
2025-04-14,R24,35.826,0.3843,2.848,28.213,37.714,10.415,1
2025-04-15,R24,35.599,0.4718,5.022,25.275,62.446,10.7,1
2025-04-16,R24,40.196,0.3035,23.144,31.817,52.171,11.731,1
2025-04-17,R24,37.656,0.353,9.949,27.392,60.826,10.526,1
2025-04-18,R24,35.469,0.51,2.556,23.513,79.463,9.505,1
2025-04-19,R24,34.945,0.3582,3.439,22.905,57.215,10.164,1
2025-04-20,R24,34.749,0.4283,39.997,40.145,75.297,7.336,1
2025-04-21,R24,35.293,0.4068,13.894,32.555,38.101,10.94,1
2025-04-22,R24,38.364,0.4026,6.158,25.006,65.99,11.015,1
2025-04-23,R24,36.539,0.2513,8.582,25.098,56.875,12.027,1
2025-04-24,R24,34.253,0.3854,10.753,28.724,54.806,10.493,1
2025-04-25,R24,34.989,0.3524,2.532,26.105,88.018,7.562,1
2025-04-26,R24,36.534,0.3982,7.099,26.308,27.056,10.945,1
2025-04-27,R24,35.85,0.4682,15.405,33.35,44.648,12.215,1
2025-04-28,R24,36.365,0.4631,15.827,32.662,46.504,12.08,1
2025-04-29,R24,31.883,0.3467,15.603,34.928,61.439,8.518,1
2025-04-30,R24,34.537,0.5259,0.458,25.247,29.062,11.898,1
2025-05-01,R24,34.46,0.4689,12.451,32.927,82.912,8.723,1
2025-05-02,R24,32.092,0.4717,13.082,30.036,34.926,11.998,1
2025-05-03,R24,35.883,0.346,9.597,25.432,37.491,11.944,1
2025-05-04,R24,37.562,0.4252,3.443,26.968,51.248,11.008,1
2025-05-05,R24,33.108,0.3817,4.146,29.236,44.943,10.515,1
2025-05-06,R24,36.575,0.4857,73.326,45.927,78.2,8.975,1
2025-05-07,R24,36.526,0.4566,4.963,31.854,66.366,9.18,1
2025-05-08,R24,34.858,0.4572,4.987,29.888,51.244,9.636,1
2025-05-09,R24,32.596,0.4408,2.323,27.581,56.634,9.991,1
2025-05-10,R24,33.821,0.3843,7.684,33.715,89.967,8.501,1
2025-05-11,R24,32.174,0.4303,2.984,29.975,74.538,8.603,1
2025-05-12,R24,33.576,0.4428,13.146,32.997,70.565,10.816,1
2025-05-13,R24,35.227,0.3061,1.183,24.658,50.38,12.143,1
2025-05-14,R24,33.798,0.3221,0.63,29.279,59.155,9.988,1
2025-05-15,R24,36.682,0.458,5.264,21.083,53.421,10.494,1
2025-05-16,R24,35.734,0.3378,18.464,34.408,45.008,10.891,1
2025-05-17,R24,35.235,0.3077,22.446,35.426,70.895,10.109,1
2025-05-18,R24,34.716,0.4652,12.419,29.092,70.481,9.975,1
2025-05-19,R24,34.745,0.4087,4.505,27.588,16.298,10.954,1
2025-05-20,R24,36.185,0.4153,6.908,27.643,22.625,12.112,1
2025-05-21,R24,34.409,0.2905,17.676,32.262,69.145,8.849,1
2025-05-22,R24,31.017,0.4548,11.4,28.439,48.777,10.125,1
2025-05-23,R24,31.078,0.4199,7.37,22.043,21.439,10.732,1
2025-05-24,R24,37.326,0.3715,2.197,25.301,33.098,11.499,1
2025-05-25,R24,28.822,0.5183,12.156,35.217,68.678,8.552,1
2025-05-26,R24,37.136,0.3641,1.18,29.953,14.323,11.896,1
2025-05-27,R24,33.278,0.5098,14.296,35.566,43.762,9.798,1
2025-05-28,R24,33.189,0.3753,6.898,28.394,37.948,9.674,1
2025-05-29,R24,34.99,0.4111,5.333,25.817,41.909,11.496,1
2025-05-30,R24,32.07,0.4313,3.308,26.916,13.316,12.018,1
2025-05-31,R24,34.307,0.363,13.864,33.912,86.975,8.363,1
2025-06-01,R24,32.468,0.4006,21.01,33.123,59.137,10.419,1
2025-06-02,R24,32.782,0.4116,33.527,37.038,44.946,9.598,1
2025-06-03,R24,31.448,0.4452,6.676,23.867,47.142,11.159,1
2025-06-04,R24,34.603,0.3165,14.511,25.029,83.329,7.544,1
2025-06-05,R24,35.512,0.446,2.707,24.38,71.665,9.629,1
2025-06-06,R24,33.95,0.3851,6.945,32.303,22.974,11.439,1
2025-06-07,R24,33.316,0.2952,6.232,23.327,79.42,8.523,1
2025-06-08,R24,29.743,0.421,5.503,29.046,51.654,10.929,1
2025-06-09,R24,33.525,0.3867,7.685,30.063,53.643,9.824,1
2025-06-10,R24,34.793,0.43,3.149,24.303,59.991,8.685,1
2025-06-11,R24,33.975,0.4631,1.967,23.79,26.511,10.263,1
2025-06-12,R24,31.946,0.3976,17.428,36.731,57.102,8.529,1
2025-06-13,R24,34.601,0.3591,7.323,26.542,27.523,10.466,1
2025-06-14,R24,30.06,0.638,5.267,32.415,51.837,9.112,1
2025-06-15,R24,34.006,0.278,1.66,26.166,14.458,11.928,1
2025-06-16,R24,31.04,0.4185,7.997,28.293,46.647,10.659,1
2025-06-17,R24,32.11,0.4888,6.332,28.921,53.622,9.262,1
2025-06-18,R24,29.847,0.3805,5.792,30.283,47.941,9.582,1
2025-06-19,R24,33.777,0.4562,5.377,30.023,75.902,8.326,1
2025-06-20,R24,32.464,0.5164,0.981,30.4,19.861,10.777,1
2025-06-21,R24,33.233,0.3829,13.154,32.821,52.775,8.892,1
2025-06-22,R24,31.996,0.4494,2.021,24.697,44.883,10.471,1
2025-06-23,R24,31.755,0.4713,13.204,32.41,55.897,10.275,1
2025-06-24,R24,30.2,0.449,5.257,30.052,41.332,10.058,1
2025-06-25,R24,30.284,0.5239,3.747,28.183,33.811,9.145,1
2025-06-26,R24,28.045,0.4395,16.244,31.033,54.594,7.863,1
2025-06-27,R24,29.854,0.4461,2.752,35.808,58.788,8.325,1
2025-06-28,R24,30.769,0.4812,13.746,31.004,70.295,8.303,1
2025-06-29,R24,31.948,0.48,8.148,34.843,56.455,9.129,1
2025-06-30,R24,31.563,0.3754,3.037,23.255,38.434,8.469,1
2025-07-01,R24,28.06,0.496,6.088,29.252,62.262,7.357,1
2025-07-02,R24,30.726,0.5541,14.602,30.898,61.605,8.54,1
2025-07-03,R24,29.069,0.4493,14.526,34.46,46.111,9.882,1
2025-07-04,R24,31.406,0.413,7.162,30.474,38.358,10.651,1
2025-07-05,R24,33.185,0.5097,6.862,23.159,45.304,8.773,1
2025-07-06,R24,31.377,0.4595,5.64,23.743,16.524,10.698,1
2025-07-07,R24,31.136,0.3759,13.552,25.433,50.741,8.421,1
2025-07-08,R24,27.741,0.4603,5.231,28.9,25.211,10.145,1
2025-07-09,R24,28.727,0.4542,13.627,36.688,24.8,9.546,1
2025-07-10,R24,34.129,0.38,9.297,28.168,40.868,9.637,1
2025-07-11,R24,31.336,0.4748,14.474,30.022,65.639,6.989,1
2025-07-12,R24,31.135,0.4053,11.721,30.462,36.621,11.096,1
2025-07-13,R24,27.651,0.4391,8.449,34.319,60.249,8.201,1
2025-07-14,R24,29.839,0.5586,6.131,26.898,69.748,9.241,1
2025-07-15,R24,30.544,0.398,9.636,26.191,55.77,9.882,1
2025-07-16,R24,29.417,0.3508,6.417,35.804,69.542,7.883,1
2025-07-17,R24,31.352,0.398,20.888,32.307,48.953,8.95,1
2025-07-18,R24,32.363,0.4261,17.375,37.008,79.711,8.003,1
2025-07-19,R24,28.451,0.4266,4.715,31.249,42.591,7.959,1
2025-07-20,R24,32.469,0.3998,7.047,28.674,27.448,10.691,1
2025-07-21,R24,30.424,0.4771,2.187,29.203,61.363,8.879,1
2025-07-22,R24,32.111,0.4246,3.392,26.199,34.193,10.235,1
2025-07-23,R24,33.752,0.4223,6.193,31.341,67.379,9.328,1
2025-07-24,R24,33.598,0.3436,3.682,28.063,41.479,10.112,1
2025-07-25,R24,29.173,0.4367,0.796,27.328,47.427,8.425,1
2025-07-26,R24,30.453,0.5006,21.506,34.471,66.684,7.551,1
2025-07-27,R24,30.598,0.4391,13.707,29.978,62.423,9.537,1
2025-07-28,R24,30.548,0.4622,14.559,35.28,76.673,7.275,1
2025-07-29,R24,31.039,0.487,2.341,28.104,51.42,9.254,1
2025-07-30,R24,27.374,0.4113,5.178,30.07,51.483,7.312,1
2025-07-31,R24,29.687,0.5367,11.24,28.446,22.869,12.306,1
2025-08-01,R24,28.196,0.4187,33.593,39.935,67.994,7.764,1
2025-08-02,R24,31.446,0.3001,13.198,38.618,57.095,9.091,1
2025-08-03,R24,29.446,0.4721,3.283,26.266,28.259,10.5,1
2025-08-04,R24,25.966,0.4835,5.562,32.807,54.005,8.723,1
2025-08-05,R24,28.198,0.5001,2.137,26.057,10.525,10.549,1
2025-08-06,R24,27.049,0.4723,11.655,29.309,65.248,7.697,1
2025-08-07,R24,25.445,0.5024,3.102,29.255,47.784,8.776,1
2025-08-08,R24,30.081,0.4538,0.485,25.539,5,12.525,1
2025-08-09,R24,31.201,0.3878,5.554,30.096,47.054,10.241,1
2025-08-10,R24,28.341,0.4042,12.19,38.042,58.675,8.247,1
2025-08-11,R24,29.008,0.5077,1.832,31.963,52.259,9.248,1
2025-08-12,R24,26.91,0.474,1.624,33.115,18.631,9.261,1
2025-08-13,R24,29.751,0.4078,3.904,30.785,69.279,9.605,1
2025-08-14,R24,29.009,0.5308,4.21,24.29,44.86,9.817,1
2025-08-15,R24,28.062,0.5438,14.135,35.637,71.668,8.469,1
2025-08-16,R24,22.802,0.5975,6.563,36.209,51.162,6.689,1
2025-08-17,R24,29.668,0.4977,15.902,32.168,71.763,8.2,1
2025-08-18,R24,26.129,0.4686,0.81,28.155,22.31,10.737,1
2025-08-19,R24,27.418,0.378,2.046,27.599,45.617,9.45,1
2025-08-20,R24,31.664,0.3069,2.569,27.238,51.347,9.054,1
2025-08-21,R24,30.055,0.4342,15.26,31.776,48.789,10.068,1
2025-08-22,R24,29.308,0.4483,10.653,24.622,45.751,9.63,1
2025-08-23,R24,33.655,0.5605,8.569,27.335,50.018,10.213,1
2025-08-24,R24,27.834,0.4777,6.62,32.97,72.828,8.188,1
2025-08-25,R24,28.269,0.5349,5.298,33.15,67.762,8.72,1
2025-08-26,R24,26.419,0.4606,16.391,39.762,66.439,7.88,1
2025-08-27,R24,28.647,0.4122,2.93,28.575,49.678,8.199,1
2025-08-28,R24,25.793,0.5337,6.201,29.323,47.588,7.73,1
2025-08-29,R24,28.221,0.4592,2.724,35.515,62.971,8.791,1
2025-08-30,R24,31.723,0.5484,1.123,31.965,62.762,9.26,1
2025-08-31,R24,24.496,0.5284,21.897,38.921,49.582,7.047,1
2025-09-01,R24,26.852,0.3123,1.553,23.817,5,11.07,1
2025-09-02,R24,23.739,0.5852,3.169,38.275,60.96,7.925,1
2025-09-03,R24,28.444,0.5584,2.765,30.285,39.453,10.48,1
2025-09-04,R24,25.34,0.4724,0.182,29.079,49.056,8.915,1
2025-09-05,R24,26.744,0.4504,4.475,29.812,43.355,9.456,1
2025-09-06,R24,27.843,0.5258,22.256,36.771,84.446,6.007,1
2025-09-07,R24,29.073,0.526,10.931,30.19,40.03,9.74,1
2025-09-08,R24,25.303,0.4406,4.683,27.835,64.177,7.592,1
2025-09-09,R24,25.784,0.5267,2.546,29.427,48.002,8.394,1
2025-09-10,R24,28.215,0.4856,8.112,28.722,77.023,8.326,1
2025-09-11,R24,24.481,0.5653,3.973,32.016,64.367,8.297,1
2025-09-12,R24,25.433,0.508,5.208,35.811,32.116,8.655,1
2025-09-13,R24,24.193,0.4995,10.991,32.106,51.45,7.718,1
2025-09-14,R24,28.696,0.3992,8.745,28.81,72.863,8.64,1
2025-09-15,R24,26.424,0.447,4.652,36.646,52.641,8.449,1
2025-09-16,R24,24.469,0.463,1.204,29.478,5,11.228,1
2025-09-17,R24,25.545,0.4109,17.516,35.986,84.176,5.386,1
2025-09-18,R24,26.684,0.5064,9.736,40.98,61.189,8.042,1
2025-09-19,R24,27.114,0.478,29.919,44.663,70.687,8.359,1
2025-09-20,R24,27.155,0.4884,39.227,41.533,71.527,6.766,1
2025-09-21,R24,27.39,0.4953,15.513,34.013,75.32,8.098,1
2025-09-22,R24,27.099,0.5445,2.041,31.404,33.739,10.354,1
2025-09-23,R24,29.09,0.4791,7.925,33.97,51.621,8.615,1
2025-09-24,R24,23.556,0.6083,8.485,34.49,47.816,8.443,1
2025-09-25,R24,25.802,0.4093,1.661,32.574,27.876,8.814,1
2025-09-26,R24,28.018,0.5065,0.589,27.269,28.484,11.222,1
2025-09-27,R24,27.414,0.4538,3.947,32.419,81.453,6.433,1
2025-09-28,R24,24.602,0.4969,11.8,35.174,67.925,6.926,1
2025-09-29,R24,26.198,0.4082,4.95,31.047,42.106,9.439,1
2025-09-30,R24,25.774,0.481,13.329,32.594,54.289,9.072,1
2025-10-01,R24,24.891,0.4309,4.589,26.117,42.688,7.892,1
2025-10-02,R24,24.188,0.5183,17.827,34.561,53.257,6.776,1
2025-10-03,R24,26.616,0.5088,4.811,37.099,39.684,7.918,1
2025-10-04,R24,27.216,0.4859,13.856,35.769,51.333,7.926,1
2025-10-05,R24,29.682,0.4111,5.781,32.437,29.002,11.029,1
2025-10-06,R24,27.533,0.4445,9.096,31.372,40.96,8.096,1
2025-10-07,R24,26.566,0.4731,37.478,43.922,89.24,7.179,1
2025-10-08,R24,28.511,0.6063,2.457,35.113,69.256,8.434,1
2025-10-09,R24,25.985,0.43,3.271,33.495,46.459,9.329,1
2025-10-10,R24,26.486,0.5647,3.413,26.679,17.165,10.362,1
2025-10-11,R24,23.103,0.4808,0.269,32.83,48.701,6.616,1
2025-10-12,R24,24.168,0.4993,1.455,33.359,6.84,9.827,1
2025-10-13,R24,29.494,0.4717,28.177,37.224,81.879,7.518,1
2025-10-14,R24,24.085,0.4872,6.384,36.044,39.389,7.042,1
2025-10-15,R24,26.845,0.4268,17.137,33.883,77.15,6.333,1
2025-10-16,R24,26.864,0.4929,14.522,37.265,55.728,7.885,1
2025-10-17,R24,26.966,0.4599,4.005,32.332,76.887,7.459,1
2025-10-18,R24,25.248,0.5422,11.349,39.583,35.204,8.802,1
2025-10-19,R24,29.527,0.4227,5.125,31.595,45.655,9.366,1
2025-10-20,R24,27.308,0.5123,9.506,32.445,50.895,8.663,1
2025-10-21,R24,33.362,0.3649,10.07,29.57,52.049,9.855,1
2025-10-22,R24,25.558,0.5029,3.951,26.793,32.812,9.471,1
2025-10-23,R24,23.65,0.4926,2.16,36.091,21.013,10.375,1
2025-10-24,R24,26.985,0.599,11.254,28.862,43.545,8.2,1
2025-10-25,R24,24.586,0.4072,11.524,31.723,52.154,6.115,1
2025-10-26,R24,27.584,0.3531,9.178,32.9,44.625,9.035,1
2025-10-27,R24,26.346,0.5619,6.386,31.611,28.094,9.018,1
2025-10-28,R24,28.393,0.4553,3.141,26.436,27.716,10.248,1
2025-10-29,R24,26.167,0.4527,3.19,30.088,28.62,9.221,1
2025-10-30,R24,28.007,0.5679,10.201,36.907,29.695,8.996,1
2025-10-31,R24,28.702,0.5019,6.538,29.462,43.73,8.85,1
2025-11-01,R24,29.448,0.3562,2.434,31.121,41.088,10.074,1
2025-11-02,R24,27.357,0.571,1.247,29.869,28.153,10.631,1
2025-11-03,R24,25.464,0.4727,7.22,35.697,47.654,7.781,1
2025-11-04,R24,29.217,0.4308,4.71,33.963,22.847,11.171,1
2025-11-05,R24,27.644,0.5558,7.802,32.502,41.837,8.296,1
2025-11-06,R24,25.094,0.4912,3.282,33.381,22.898,9.535,1
2025-11-07,R24,31.177,0.4501,5.827,33.311,43.671,9.825,1
2025-11-08,R24,27.499,0.4958,3.2,27.968,44.104,9.21,1
2025-11-09,R24,24.753,0.4329,5.767,27.243,66.583,7.199,1
2025-11-10,R24,23.429,0.5404,5.257,29.421,89.012,4.502,1
2025-11-11,R24,28.568,0.5448,7.669,32.288,65.051,8.317,1
2025-11-12,R24,27.966,0.5317,2.695,31.319,32.85,9.021,1
2025-11-13,R24,27.911,0.4878,20.732,37.771,73.727,7.735,1
2025-11-14,R24,27.527,0.4642,3.113,29.782,59.335,8.511,1
2025-11-15,R24,27.513,0.543,2.755,32.284,20.522,7.97,1
2025-11-16,R24,26.479,0.5278,2.029,34.46,43.444,8.171,1
2025-11-17,R24,29.844,0.4816,11.322,34.127,43.756,8.853,1
2025-11-18,R24,25.856,0.5869,13.918,31.301,72.887,6.489,1
2025-11-19,R24,25.994,0.4643,3.293,30.689,65.017,8.149,1
2025-11-20,R24,25.436,0.5013,5.048,33.091,51.384,8.292,1
2025-11-21,R24,27.136,0.4241,2.877,35.774,41.048,8.389,1
2025-11-22,R24,27.431,0.5073,1.296,27.675,41.95,8.171,1
2025-11-23,R24,25.553,0.4888,24.086,40.56,51.254,8.34,1
2025-11-24,R24,28.463,0.3713,6.561,36.491,58.524,8.416,1
2025-11-25,R24,29.168,0.4553,11.773,33.491,66.256,7.133,1
2025-11-26,R24,28.458,0.4732,2.514,30.686,68.019,7.59,1
2025-11-27,R24,28.619,0.4425,5.617,28.993,45.699,8.578,1
2025-11-28,R24,30.536,0.3387,16.908,34.592,83.617,7.957,1
2025-11-29,R24,26.996,0.4797,2.736,34.604,68.086,6.426,1
2025-11-30,R24,29.149,0.4958,5.053,32.408,54.877,8.289,1
2025-12-01,R24,27.24,0.49,3.816,27.168,59.628,7.243,1
2025-12-02,R24,29.238,0.4661,2.863,31.567,35.011,9.453,1
2025-12-03,R24,30.747,0.4513,1.694,28.454,53.017,8.425,1
2025-12-04,R24,29.176,0.4845,17.212,34.244,70.973,8.093,1
2025-12-05,R24,32.793,0.5412,11.163,26.529,28.157,12.304,1
2025-12-06,R24,28.643,0.5937,13.956,37.52,72.155,6.981,1
2025-12-07,R24,30.496,0.3527,2.719,26.607,40.773,9.987,1
2025-12-08,R24,30.825,0.344,33.952,35.551,79.524,8.989,1
2025-12-09,R24,29.675,0.4267,5.302,30.505,54.299,7.752,1
2025-12-10,R24,27.754,0.4694,4.428,32.594,51.594,7.234,1
2025-12-11,R24,28.503,0.4297,10.269,29.317,80.408,7.286,1
2025-12-12,R24,27.416,0.5996,7.209,34.734,49.147,8.472,1
2025-12-13,R24,30.687,0.4337,2.261,28.791,41.944,9.721,1
2025-12-14,R24,29.126,0.5232,10.188,32.439,40.495,9.177,1
2025-12-15,R24,30.252,0.4131,9.638,30.17,61.799,8.714,1
2025-12-16,R24,32.139,0.3913,7.868,26.767,61.902,9.149,1
2025-12-17,R24,28.99,0.4864,6.169,31.8,34.312,9.539,1
2025-12-18,R24,29.461,0.4662,1.452,30.407,84.567,7.167,1
2025-12-19,R24,29.343,0.3906,5.608,30.863,87.106,7.243,1
2025-12-20,R24,30.486,0.4195,22.352,33.576,79.144,8.576,1
2025-12-21,R24,29.141,0.4481,14.451,35.38,65.18,9.424,1
2025-12-22,R24,27.822,0.5005,4.565,35.823,75.242,6.948,1
2025-12-23,R24,29.883,0.4683,8.19,30.183,63.555,9.096,1
2025-12-24,R24,28.384,0.5881,6.852,35.877,48.753,8.675,1
2025-12-25,R24,31.921,0.4459,1.048,23.189,43.837,9.909,1
2025-12-26,R24,33.92,0.4273,23.76,29.793,47.843,9.052,1
2025-12-27,R24,28.728,0.4268,3.495,28.652,22.742,9.466,1
2025-12-28,R24,29.001,0.4882,14.661,36.443,76.901,7.369,1
2025-12-29,R24,31.343,0.4329,8.949,33.575,71.804,6.913,1
2025-12-30,R24,30.117,0.3645,2.869,27.404,71.536,7.489,1
2025-12-31,R24,28.562,0.5335,10.511,33.568,58.008,8.269,1
